country,city,size_sq_inches,body_part,tattoo_style,complexity,is_color,color_count,shading_level,estimated_hours,final_price
US,New York,18.13,Hand,Tribal,8,0,1,5,1.2,211.52
UK,London,10.1,Shoulder,Geometric,8,1,2,5,1.0,127.36
US,New York,43.09,Lower back,Tribal,6,0,1,5,1.8,301.08
UK,Edinburgh,7.65,Wrist,Blackwork,5,1,8,1,0.5,44.59
US,Los Angeles,14.78,Foot,Neo Traditional,9,1,3,1,0.7,83.85
UK,Birmingham,1.73,Chest,Realism,3,1,2,7,0.5,65.43
IN,Bangalore,11.95,Hand,Traditional,5,1,6,3,0.7,109.27
US,Austin,8.0,Shoulder,Minimalist,2,1,8,4,0.6,67.95
IN,Mangaluru,13.15,Lower back,Realism,10,0,1,9,1.7,319.68
UK,Birmingham,22.72,Shoulder,Tribal,8,0,1,3,1.0,66.79
AU,Brisbane,10.14,Rib,Neo Traditional,8,0,1,4,0.8,130.77
IN,Bangalore,14.4,Lower back,New School,10,0,1,4,1.1,115.1
UK,Manchester,14.51,Upper back,Blackwork,8,1,4,7,1.5,164.4
UK,Birmingham,19.14,Upper arm,Tribal,5,0,1,2,0.7,56.21
IN,Pune,79.25,Hand,Realism,9,0,1,9,6.9,1506.39
IN,Delhi,6.2,Neck,Japanese,9,1,3,7,1.0,223.42
IN,Delhi,2.72,Wrist,Minimalist,8,1,7,8,0.7,54.98
AU,Perth,25.65,Calf,Tribal,5,0,1,10,1.8,196.32
AU,Sydney,6.23,Upper arm,Realism,7,0,1,9,0.9,150.62
UK,Edinburgh,3.65,Shoulder,Japanese,7,1,6,7,0.7,100.47
AU,Brisbane,32.13,Forearm,Realism,8,1,8,6,2.4,422.34
IN,Mumbai,11.5,Finger,Japanese,5,0,1,3,0.7,164.96
AU,Sydney,16.27,Hand,Minimalist,7,0,1,9,1.5,207.35
US,Chicago,7.45,Behind ear,Geometric,3,0,1,7,0.7,97.01
UK,Birmingham,100.17,Upper back,Minimalist,4,0,1,5,2.5,135.4
IN,Pune,7.94,Forearm,Realism,4,1,8,7,0.8,97.28
IN,Delhi,6.38,Upper arm,Tribal,2,0,1,10,0.6,68.52
US,Austin,18.2,Shoulder,Minimalist,6,0,1,4,0.9,92.96
UK,Edinburgh,13.17,Upper back,New School,10,1,3,7,1.6,193.51
UK,Birmingham,9.51,Ankle,Neo Traditional,1,1,6,1,0.5,52.85
AU,Sydney,8.9,Wrist,Tribal,4,0,1,9,0.8,73.05
IN,Mumbai,6.07,Wrist,Geometric,9,0,1,5,0.8,108.15
US,New York,5.07,Upper arm,Tribal,8,0,1,6,0.7,119.41
US,Chicago,15.5,Shoulder,Minimalist,4,0,1,1,0.6,45.0
IN,Bengaluru,12.03,Neck,Tribal,7,0,1,2,0.7,120.53
AU,Melbourne,6.64,Neck,Japanese,8,0,1,1,0.6,135.72
US,New York,8.56,Foot,Neo Traditional,1,1,5,1,0.5,88.86
AU,Sydney,7.69,Chest,Traditional,10,1,7,6,1.1,120.56
IN,Mumbai,22.51,Wrist,Tribal,8,0,1,1,0.7,77.04
AU,Melbourne,6.41,Foot,Watercolor,4,1,5,2,0.6,101.73
UK,London,19.48,Rib,Minimalist,1,0,1,9,0.7,116.06
US,Miami,5.52,Forearm,Realism,3,0,1,4,0.6,98.83
UK,Edinburgh,5.07,Neck,Blackwork,10,0,1,3,0.7,85.16
AU,Sydney,7.93,Upper back,Japanese,7,0,1,4,0.7,133.52
AU,Brisbane,10.86,Rib,New School,7,1,7,2,0.7,118.11
AU,Melbourne,17.91,Lower back,New School,9,0,1,9,2.0,295.22
US,Miami,14.36,Upper arm,Neo Traditional,10,0,1,3,0.9,101.54
US,Miami,7.39,Neck,Minimalist,9,0,1,4,0.8,99.09
US,Miami,3.37,Shoulder,Watercolor,5,0,1,5,0.6,96.19
US,Los Angeles,10.83,Ankle,Realism,9,0,1,3,0.8,172.55
US,Miami,23.4,Shoulder,Japanese,4,1,4,8,1.4,251.84
UK,Birmingham,25.45,Wrist,New School,4,1,3,1,0.6,55.64
IN,Pune,15.4,Thigh,Realism,2,0,1,2,0.6,83.97
AU,Sydney,1.22,Shoulder,Minimalist,9,0,1,4,0.5,41.16
IN,Delhi,5.59,Calf,Realism,5,0,1,4,0.6,124.27
IN,Bangalore,35.68,Upper back,Blackwork,3,1,6,1,0.6,72.53
US,Miami,17.02,Finger,Realism,3,0,1,6,0.8,113.58
IN,Mumbai,5.98,Chest,Minimalist,6,0,1,6,0.7,65.37
IN,Bangalore,24.6,Lower back,Neo Traditional,2,0,1,5,0.7,100.01
IN,Mangaluru,108.59,Neck,New School,1,0,1,5,1.0,194.21
US,Austin,12.14,Hand,Traditional,4,0,1,3,0.6,60.54
IN,Delhi,12.07,Hand,Watercolor,5,1,6,6,0.9,178.35
AU,Sydney,11.03,Chest,Realism,5,0,1,3,0.7,136.49
US,Chicago,5.7,Back,Japanese,1,0,1,3,0.5,84.13
US,Chicago,14.46,Calf,Traditional,6,1,3,10,1.5,146.37
UK,London,20.25,Calf,Minimalist,7,1,6,2,0.8,64.36
UK,Manchester,6.15,Upper back,Watercolor,10,1,2,1,0.6,58.07
UK,Birmingham,17.46,Foot,Tribal,10,1,3,7,2.0,202.69
US,Austin,3.52,Upper arm,Blackwork,8,0,1,10,0.8,89.39
UK,Edinburgh,7.81,Calf,New School,3,0,1,7,0.7,72.5
UK,London,12.87,Lower back,Japanese,7,1,4,6,1.1,173.45
US,Chicago,5.87,Calf,Minimalist,6,1,7,10,0.9,80.5
IN,Mumbai,8.76,Chest,New School,10,0,1,6,1.0,173.86
IN,Mumbai,16.18,Chest,Geometric,5,1,4,1,0.6,63.02
IN,Pune,7.9,Behind ear,Realism,5,1,6,7,0.8,140.01
UK,Birmingham,82.37,Upper arm,Japanese,7,0,1,8,5.1,729.14
UK,Birmingham,2.41,Foot,Realism,1,1,6,8,0.5,61.68
IN,Bengaluru,8.54,Chest,New School,7,1,7,10,1.2,133.31
AU,Brisbane,18.25,Ankle,New School,5,0,1,1,0.6,80.54
UK,Edinburgh,9.32,Ankle,Watercolor,2,1,5,6,0.6,65.37
US,Chicago,25.95,Finger,Tribal,5,1,8,1,0.7,109.95
IN,Pune,66.53,Rib,Blackwork,7,0,1,3,1.9,327.9
AU,Melbourne,6.79,Shoulder,New School,5,1,2,6,0.7,73.3
UK,Birmingham,17.38,Wrist,Tribal,10,0,1,10,2.2,196.45
US,New York,1.0,Wrist,Blackwork,1,0,1,5,0.5,69.82
AU,Perth,44.97,Lower back,Japanese,5,1,5,4,1.6,174.19
UK,Manchester,10.99,Forearm,Realism,10,1,3,3,0.9,110.5
UK,Edinburgh,30.89,Upper arm,Minimalist,5,0,1,4,1.1,77.56
US,Austin,19.19,Back,Blackwork,2,1,8,1,0.5,68.03
AU,Perth,16.04,Rib,Watercolor,4,1,5,8,1.1,209.61
IN,Delhi,22.18,Hand,Minimalist,1,1,7,1,0.5,75.37
UK,Birmingham,17.9,Rib,Realism,3,1,3,1,0.6,100.16
IN,Bangalore,15.25,Thigh,Minimalist,1,0,1,10,0.7,62.7
UK,Manchester,24.73,Wrist,Japanese,10,0,1,2,1.0,114.62
UK,London,11.91,Foot,Japanese,10,1,6,5,1.2,149.7
AU,Perth,18.61,Upper arm,Tribal,8,1,5,4,1.2,115.52
US,Miami,17.44,Ankle,Blackwork,4,0,1,10,1.2,156.53
IN,Bangalore,46.65,Ankle,Japanese,3,0,1,1,0.6,74.57
AU,Melbourne,7.45,Hand,Japanese,1,1,2,7,0.6,115.11
AU,Brisbane,28.08,Ankle,Watercolor,5,1,3,1,0.7,93.18
US,Austin,30.43,Forearm,Realism,3,1,3,9,1.5,279.35
AU,Melbourne,20.21,Upper arm,New School,4,1,4,9,1.4,120.09
UK,Edinburgh,21.02,Thigh,Neo Traditional,1,1,4,4,0.6,60.41
AU,Brisbane,9.81,Shoulder,Blackwork,4,0,1,3,0.6,59.33
US,Chicago,6.16,Wrist,Realism,5,0,1,3,0.6,107.77
US,Los Angeles,29.93,Lower back,Traditional,5,0,1,4,1.1,203.51
UK,Manchester,51.98,Neck,Realism,9,0,1,10,5.2,1019.28
AU,Brisbane,13.09,Calf,Watercolor,6,0,1,7,1.0,130.3
UK,Birmingham,3.85,Chest,Geometric,9,0,1,2,0.6,49.76
IN,Mangaluru,3.44,Ankle,Japanese,8,0,1,1,0.5,80.75
US,Miami,9.45,Wrist,Realism,7,1,8,9,1.2,230.85
US,Miami,3.02,Upper arm,Neo Traditional,3,1,7,6,0.6,100.26
IN,Mumbai,5.39,Behind ear,Neo Traditional,3,0,1,7,0.6,107.71
AU,Perth,3.42,Chest,Japanese,2,1,7,10,0.6,77.89
AU,Melbourne,24.08,Foot,Watercolor,9,1,6,7,2.3,360.14
AU,Perth,18.46,Foot,Geometric,9,1,4,1,0.7,93.76
UK,London,12.76,Hand,Blackwork,5,0,1,6,0.9,124.51
AU,Perth,2.67,Thigh,Traditional,6,1,8,5,0.6,64.74
IN,Delhi,17.79,Neck,Tribal,2,1,8,9,0.9,156.88
IN,Bangalore,6.95,Hand,Geometric,1,1,6,5,0.5,69.69
US,Miami,5.94,Lower back,Realism,7,0,1,9,0.9,199.08
AU,Perth,10.86,Wrist,Blackwork,8,1,5,5,1.0,99.09
US,New York,6.22,Finger,Tribal,10,1,7,8,1.1,165.18
UK,Birmingham,27.83,Calf,Blackwork,5,1,5,9,2.0,128.21
IN,Bangalore,9.41,Rib,New School,1,1,4,9,0.6,86.81
UK,London,26.06,Lower back,Neo Traditional,3,0,1,6,1.0,131.54
UK,Manchester,4.24,Lower back,Blackwork,8,1,7,2,0.6,74.04
IN,Mumbai,4.55,Lower back,New School,8,0,1,1,0.5,82.07
IN,Delhi,11.17,Finger,Traditional,1,0,1,5,0.6,100.18
IN,Mumbai,7.44,Upper arm,Minimalist,1,1,7,1,0.5,64.66
UK,Edinburgh,1.71,Chest,Traditional,1,1,5,5,0.5,38.05
AU,Perth,12.23,Thigh,Watercolor,5,0,1,5,0.8,103.69
IN,Pune,9.48,Chest,Realism,1,1,5,3,0.5,59.58
US,Miami,6.06,Upper arm,Watercolor,1,0,1,1,0.5,70.15
IN,Mumbai,1.0,Wrist,Realism,3,1,6,2,0.5,95.74
UK,Edinburgh,13.96,Rib,Blackwork,5,1,8,9,1.3,191.89
AU,Brisbane,7.76,Upper arm,Geometric,7,0,1,5,0.8,120.3
UK,Manchester,40.09,Hand,Realism,3,0,1,7,1.3,233.03
UK,Manchester,28.41,Shoulder,Watercolor,3,0,1,2,0.7,58.95
AU,Perth,14.3,Neck,New School,8,0,1,7,1.3,145.81
UK,Birmingham,55.96,Finger,Blackwork,4,0,1,10,2.7,270.28
UK,Birmingham,12.04,Lower back,Japanese,4,0,1,8,0.9,112.84
UK,Manchester,13.5,Hand,Watercolor,2,0,1,3,0.6,76.42
US,Los Angeles,2.14,Finger,Geometric,6,1,5,8,0.6,132.62
US,Austin,19.07,Finger,Japanese,9,1,6,3,1.1,160.85
AU,Perth,12.62,Shoulder,Geometric,2,0,1,10,0.8,101.15
AU,Brisbane,19.94,Hand,Traditional,2,0,1,10,0.9,98.44
UK,London,11.18,Hand,Geometric,10,0,1,2,0.7,93.66
UK,Edinburgh,9.03,Behind ear,Blackwork,9,1,3,10,1.5,127.37
AU,Perth,18.39,Shoulder,Blackwork,8,1,5,1,0.7,90.0
IN,Bangalore,24.07,Chest,Watercolor,1,1,5,3,0.6,87.37
AU,Brisbane,7.97,Ankle,Minimalist,8,0,1,6,0.9,65.12
AU,Sydney,22.53,Thigh,New School,8,1,2,2,0.9,111.57
AU,Sydney,24.07,Rib,Japanese,7,0,1,2,0.8,145.11
UK,Birmingham,41.22,Neck,Blackwork,9,0,1,7,3.1,241.18
UK,Birmingham,10.49,Back,New School,9,1,7,1,0.6,62.91
AU,Sydney,7.26,Forearm,Geometric,9,0,1,1,0.6,64.69
UK,Birmingham,9.21,Forearm,Minimalist,10,1,2,3,0.8,34.99
UK,London,9.6,Rib,Realism,4,0,1,6,0.7,217.19
AU,Brisbane,41.2,Behind ear,New School,1,1,8,3,0.6,77.04
AU,Perth,3.6,Wrist,Blackwork,4,0,1,10,0.6,54.21
AU,Melbourne,3.93,Behind ear,Watercolor,6,0,1,5,0.6,91.76
IN,Pune,7.44,Thigh,Minimalist,4,1,8,8,0.8,54.25
US,Chicago,1.65,Finger,Geometric,4,1,8,8,0.6,96.07
UK,Edinburgh,10.06,Neck,Neo Traditional,4,1,6,6,0.8,102.17
AU,Perth,12.1,Thigh,Tribal,6,0,1,3,0.7,73.99
AU,Melbourne,19.16,Foot,Traditional,8,1,7,10,2.3,279.39
AU,Perth,25.7,Ankle,Watercolor,6,1,2,10,2.4,273.59
UK,Birmingham,6.62,Chest,Blackwork,1,0,1,4,0.5,32.09
AU,Sydney,8.44,Back,Japanese,10,0,1,6,1.0,171.89
US,Austin,4.9,Hand,Neo Traditional,4,1,7,3,0.6,98.86
US,Chicago,10.82,Ankle,Neo Traditional,10,1,8,5,1.1,148.72
US,Miami,27.25,Shoulder,Tribal,1,1,3,5,0.7,76.73
US,Austin,82.43,Chest,Realism,3,1,3,1,0.8,120.03
IN,Mumbai,17.48,Upper arm,Neo Traditional,2,0,1,5,0.7,122.51
IN,Bangalore,13.95,Calf,Japanese,3,0,1,3,0.6,105.13
UK,Edinburgh,14.11,Upper back,Watercolor,8,0,1,9,1.5,180.69
US,Miami,22.43,Ankle,Geometric,3,0,1,5,0.8,115.71
AU,Melbourne,7.7,Wrist,Blackwork,10,1,5,4,0.9,96.0
IN,Bengaluru,23.48,Forearm,Blackwork,2,1,7,8,1.0,101.06
UK,London,50.29,Rib,Neo Traditional,3,1,7,6,1.6,281.62
AU,Brisbane,1.89,Rib,New School,1,0,1,9,0.5,94.72
AU,Perth,4.63,Chest,Tribal,2,1,6,5,0.6,45.02
IN,Mangaluru,14.71,Finger,New School,3,0,1,6,0.8,134.3
AU,Brisbane,13.9,Forearm,Geometric,8,0,1,10,1.6,189.11
AU,Brisbane,15.97,Wrist,Geometric,1,1,3,4,0.6,61.27
UK,Birmingham,17.88,Back,Realism,6,0,1,9,1.5,245.02
IN,Pune,5.09,Upper arm,Geometric,7,1,7,1,0.5,50.43
UK,London,12.9,Finger,Neo Traditional,10,1,3,5,1.3,191.17
UK,Manchester,9.23,Calf,Minimalist,6,1,8,4,0.8,63.32
UK,Birmingham,74.13,Neck,New School,8,1,8,5,4.1,473.87
US,Austin,1.56,Shoulder,Watercolor,2,0,1,3,0.5,67.37
AU,Brisbane,16.96,Shoulder,Japanese,5,0,1,4,0.8,142.09
IN,Mangaluru,2.94,Chest,Blackwork,10,1,7,10,0.9,138.19
IN,Mangaluru,14.08,Ankle,Neo Traditional,9,0,1,1,0.6,114.63
UK,Edinburgh,13.3,Forearm,Geometric,4,1,6,5,0.8,85.87
UK,London,14.49,Rib,New School,10,1,2,1,0.7,139.73
UK,London,54.91,Upper arm,New School,6,1,2,3,1.7,294.2
US,Los Angeles,14.11,Back,Japanese,6,1,4,7,1.2,262.6
AU,Melbourne,9.36,Foot,Realism,10,1,6,4,0.9,135.51
AU,Brisbane,12.74,Upper arm,Neo Traditional,8,0,1,5,1.0,138.3
AU,Perth,37.25,Wrist,Neo Traditional,10,0,1,4,2.0,212.99
IN,Mangaluru,17.82,Calf,Traditional,3,1,4,4,0.8,109.24
UK,London,23.54,Rib,Realism,2,0,1,7,0.8,189.26
US,New York,33.65,Thigh,Tribal,1,0,1,3,0.6,78.95
UK,London,17.77,Lower back,Geometric,4,0,1,6,0.9,91.54
UK,Birmingham,6.86,Back,Geometric,10,0,1,2,0.6,65.97
IN,Delhi,5.4,Back,Minimalist,4,1,8,9,0.7,81.97
UK,London,9.82,Forearm,Watercolor,8,0,1,1,0.6,78.06
IN,Delhi,5.22,Thigh,Traditional,7,0,1,3,0.6,61.67
IN,Mumbai,14.27,Back,Japanese,1,0,1,8,0.6,120.23
US,Austin,3.25,Rib,Neo Traditional,3,0,1,2,0.5,94.82
AU,Melbourne,1.46,Upper arm,Minimalist,2,1,5,6,0.5,50.27
US,New York,9.16,Neck,Japanese,8,1,7,7,1.1,334.96
US,Austin,10.81,Rib,Realism,10,0,1,3,0.8,185.18
IN,Mangaluru,5.01,Back,Realism,7,0,1,7,0.7,166.28
IN,Mangaluru,17.96,Thigh,Japanese,8,1,5,1,0.7,98.77
AU,Sydney,3.33,Chest,Minimalist,7,0,1,8,0.7,68.87
AU,Perth,13.18,Wrist,Japanese,3,1,8,3,0.6,81.53
AU,Perth,4.58,Foot,Realism,2,1,5,3,0.5,82.19
IN,Bengaluru,23.36,Hand,Neo Traditional,8,0,1,4,1.2,183.3
AU,Sydney,3.14,Shoulder,Realism,2,0,1,7,0.5,75.9
AU,Sydney,36.25,Calf,Watercolor,5,0,1,3,1.0,169.67
IN,Bengaluru,36.38,Chest,Japanese,1,1,8,5,0.7,138.43
AU,Sydney,4.51,Finger,Geometric,2,1,4,3,0.5,62.12
US,Miami,3.51,Behind ear,Tribal,5,0,1,5,0.6,78.54
AU,Melbourne,33.03,Chest,Neo Traditional,2,1,2,5,0.9,78.68
IN,Mangaluru,14.42,Wrist,Japanese,6,0,1,8,1.2,188.74
IN,Mumbai,13.92,Upper back,New School,7,1,4,1,0.6,81.74
IN,Mumbai,75.4,Upper back,Watercolor,9,1,2,8,7.0,704.88
UK,London,6.45,Shoulder,Minimalist,9,0,1,6,0.8,95.47
AU,Perth,5.47,Rib,Neo Traditional,10,0,1,10,1.0,197.39
IN,Bangalore,15.45,Thigh,Geometric,5,0,1,6,1.0,148.54
US,Los Angeles,3.31,Upper back,Geometric,1,0,1,5,0.5,83.37
US,Chicago,27.75,Rib,Japanese,7,1,6,5,1.7,397.6
AU,Perth,44.54,Hand,Tribal,9,0,1,5,2.5,366.97
IN,Pune,2.79,Chest,New School,10,1,6,2,0.6,60.8
IN,Mumbai,18.43,Wrist,Japanese,3,0,1,5,0.8,132.74
US,Los Angeles,3.87,Finger,Tribal,5,0,1,8,0.7,117.2
IN,Bangalore,23.56,Thigh,Realism,7,0,1,8,1.8,327.22
AU,Perth,5.7,Upper back,Watercolor,8,1,6,6,0.8,143.61
UK,Birmingham,11.71,Shoulder,Japanese,10,0,1,4,1.0,93.2
AU,Sydney,4.55,Rib,Realism,4,1,6,1,0.5,116.56
AU,Perth,94.45,Foot,New School,2,0,1,9,2.2,257.59
AU,Sydney,9.19,Thigh,Watercolor,9,1,8,8,1.3,204.92
IN,Mumbai,11.85,Foot,Realism,8,0,1,10,1.4,353.49
AU,Perth,6.44,Behind ear,Realism,2,1,8,5,0.6,88.09
IN,Bengaluru,26.8,Thigh,Tribal,1,1,8,1,0.5,56.24
UK,London,11.48,Behind ear,Realism,8,0,1,3,0.8,157.41
IN,Bangalore,23.41,Back,Tribal,7,0,1,5,1.3,192.99
UK,Birmingham,23.74,Lower back,Watercolor,9,0,1,2,0.9,100.05
US,Los Angeles,3.59,Neck,Blackwork,10,1,7,9,0.9,192.35
IN,Bengaluru,17.18,Thigh,Watercolor,7,1,2,10,1.9,314.55
AU,Perth,23.45,Finger,New School,5,0,1,7,1.3,173.29
IN,Mangaluru,17.41,Shoulder,New School,2,1,5,7,0.8,105.94
US,New York,20.6,Calf,New School,4,0,1,7,1.1,221.51
US,Miami,36.06,Behind ear,Japanese,7,1,6,1,0.8,79.72
US,Austin,4.4,Lower back,Neo Traditional,2,1,6,3,0.5,80.0
UK,London,5.29,Rib,Realism,7,1,7,7,0.8,223.08
US,Miami,10.49,Upper back,Traditional,1,0,1,4,0.5,56.04
AU,Perth,7.24,Behind ear,Minimalist,2,0,1,1,0.5,45.8
IN,Bangalore,15.08,Finger,Japanese,2,1,8,7,0.8,172.46
IN,Bengaluru,14.95,Upper arm,Neo Traditional,7,0,1,2,0.7,103.43
IN,Mumbai,8.05,Ankle,New School,5,1,7,9,0.9,174.01
UK,Birmingham,3.37,Shoulder,Geometric,9,0,1,10,0.8,76.4
IN,Bangalore,9.84,Ankle,Watercolor,4,0,1,5,0.7,101.18
IN,Mangaluru,2.75,Ankle,Neo Traditional,2,0,1,4,0.5,65.32
US,Austin,20.78,Behind ear,Neo Traditional,1,0,1,5,0.6,98.37
IN,Bangalore,11.85,Upper back,Tribal,1,1,8,9,0.6,76.7
AU,Melbourne,5.17,Wrist,Watercolor,10,0,1,5,0.8,123.82
US,Chicago,26.77,Chest,Minimalist,8,0,1,2,0.9,83.63
IN,Mangaluru,30.99,Back,Geometric,10,1,3,2,1.2,205.78
UK,Manchester,8.73,Upper back,Blackwork,10,0,1,3,0.8,76.23
AU,Brisbane,17.72,Wrist,Blackwork,6,1,8,7,1.4,164.08
AU,Melbourne,37.96,Wrist,New School,1,1,8,8,0.9,106.65
UK,Birmingham,11.36,Rib,Blackwork,8,1,8,9,1.5,195.93
AU,Perth,42.01,Upper back,Tribal,2,0,1,9,1.3,163.37
IN,Mumbai,3.69,Neck,Neo Traditional,9,0,1,3,0.6,119.66
US,Chicago,18.82,Shoulder,Watercolor,5,1,5,2,0.7,126.95
UK,Edinburgh,3.01,Shoulder,Tribal,8,1,4,5,0.6,42.84
US,Austin,12.64,Upper arm,Japanese,5,1,3,5,0.9,125.48
AU,Sydney,12.61,Calf,Tribal,3,0,1,10,0.9,121.58
IN,Mumbai,54.16,Thigh,Watercolor,8,0,1,1,0.9,174.76
US,Chicago,14.76,Neck,Watercolor,8,1,5,1,0.6,137.05
US,New York,9.85,Forearm,New School,9,0,1,5,0.9,155.47
UK,Edinburgh,27.3,Chest,New School,6,0,1,7,1.6,207.78
IN,Mumbai,28.0,Upper arm,Tribal,10,1,7,10,3.9,511.33
AU,Sydney,7.9,Chest,Blackwork,7,0,1,2,0.6,84.62
UK,Manchester,17.02,Finger,Japanese,7,0,1,2,0.7,100.56
IN,Delhi,23.43,Foot,Watercolor,1,0,1,9,0.7,87.28
IN,Mumbai,4.1,Behind ear,Minimalist,8,0,1,3,0.6,70.99
AU,Perth,8.91,Upper arm,Japanese,7,1,4,10,1.2,149.59
US,Chicago,31.47,Shoulder,Neo Traditional,5,0,1,6,1.4,194.45
US,Miami,14.02,Thigh,Watercolor,2,0,1,4,0.6,99.34
IN,Mangaluru,28.76,Thigh,Watercolor,6,1,7,1,0.7,87.77
AU,Melbourne,2.86,Back,Realism,10,1,2,8,0.8,163.2
IN,Delhi,7.79,Upper arm,Tribal,7,0,1,1,0.6,78.29
IN,Bangalore,10.97,Behind ear,Japanese,3,1,4,10,0.9,108.1
US,Los Angeles,20.96,Finger,Neo Traditional,3,0,1,9,1.1,201.82
IN,Bangalore,17.32,Chest,Neo Traditional,4,1,5,2,0.7,95.93
AU,Perth,6.83,Thigh,Watercolor,3,1,7,1,0.5,71.41
AU,Brisbane,17.2,Behind ear,New School,5,0,1,4,0.8,98.51
AU,Sydney,3.6,Foot,Geometric,3,0,1,1,0.5,57.67
IN,Bangalore,30.9,Chest,Realism,2,1,7,3,0.7,111.6
IN,Bangalore,12.93,Rib,Geometric,2,1,3,8,0.7,119.37
AU,Brisbane,8.71,Rib,Traditional,5,1,6,8,0.9,107.46
AU,Brisbane,19.22,Upper arm,Realism,4,1,4,7,1.1,174.32
UK,London,5.72,Back,Geometric,5,1,2,8,0.8,121.79
UK,London,14.26,Wrist,Neo Traditional,9,1,5,7,1.6,254.9
US,Miami,16.44,Back,Blackwork,4,1,4,9,1.2,154.44
AU,Sydney,11.8,Back,Minimalist,6,1,5,6,1.0,80.86
IN,Bengaluru,24.84,Hand,Tribal,8,0,1,1,0.7,77.01
US,Los Angeles,8.48,Neck,Minimalist,6,1,6,9,1.0,99.79
US,Chicago,16.41,Hand,Blackwork,8,0,1,6,1.3,220.71
IN,Bengaluru,7.42,Neck,Tribal,9,0,1,6,0.9,165.8
UK,London,40.56,Rib,Watercolor,10,1,2,8,4.4,1009.75
IN,Bengaluru,6.04,Calf,Realism,1,1,4,4,0.5,93.15
UK,Manchester,4.02,Calf,Minimalist,6,0,1,7,0.7,41.09
US,Los Angeles,20.2,Back,Tribal,2,1,2,10,1.0,131.39
IN,Mangaluru,37.32,Calf,Blackwork,6,0,1,9,2.5,356.98
US,New York,51.91,Finger,Japanese,8,1,6,8,4.5,1095.31
AU,Perth,24.93,Shoulder,Watercolor,7,1,7,4,1.3,183.25
US,Austin,68.35,Rib,Minimalist,6,1,3,10,5.4,726.38
UK,Manchester,7.66,Foot,Minimalist,10,0,1,2,0.7,49.1
US,Miami,5.34,Back,New School,7,0,1,5,0.7,102.08
UK,Birmingham,11.95,Wrist,Neo Traditional,2,1,8,6,0.7,88.79
US,Chicago,5.77,Lower back,Minimalist,8,1,3,9,1.0,106.85
IN,Mangaluru,6.2,Shoulder,Minimalist,3,0,1,3,0.6,54.61
UK,Manchester,8.76,Thigh,Geometric,1,0,1,7,0.6,45.78
US,New York,29.16,Upper arm,Geometric,10,1,7,8,3.3,535.46
UK,Edinburgh,2.74,Forearm,Blackwork,4,1,7,8,0.6,50.23
IN,Pune,26.1,Wrist,Japanese,9,1,5,4,1.6,337.53
US,New York,11.4,Upper back,Blackwork,4,1,5,2,0.6,93.46
AU,Melbourne,34.94,Thigh,Geometric,7,0,1,10,2.9,367.22
IN,Bengaluru,4.39,Thigh,Neo Traditional,2,1,3,8,0.6,68.26
IN,Mangaluru,8.23,Chest,Neo Traditional,10,0,1,8,1.2,179.49
AU,Sydney,45.86,Hand,Blackwork,10,0,1,2,1.4,166.26
UK,London,15.78,Upper arm,New School,9,1,8,6,1.5,206.56
AU,Melbourne,10.75,Upper back,Neo Traditional,8,1,3,7,1.2,180.3
UK,Edinburgh,30.54,Behind ear,Blackwork,6,1,4,1,0.7,50.08
AU,Sydney,16.44,Shoulder,Japanese,2,1,3,3,0.6,97.0
UK,Birmingham,4.32,Upper arm,Traditional,8,1,5,8,0.8,75.14
AU,Brisbane,3.95,Forearm,Realism,10,1,3,3,0.6,81.71
IN,Bengaluru,2.62,Calf,Japanese,10,1,2,9,0.8,124.67
AU,Sydney,3.51,Lower back,Neo Traditional,1,1,2,9,0.5,65.69
AU,Perth,9.22,Hand,Geometric,9,0,1,5,0.9,111.45
UK,London,18.23,Ankle,Neo Traditional,1,1,6,1,0.5,48.74
IN,Delhi,8.38,Lower back,Geometric,6,1,6,4,0.7,120.64
US,New York,11.5,Upper arm,Watercolor,5,1,8,4,0.8,155.13
AU,Perth,13.73,Back,Geometric,3,0,1,6,0.7,77.84
IN,Mangaluru,14.19,Thigh,Watercolor,10,1,6,4,1.2,153.98
IN,Mangaluru,25.36,Thigh,Minimalist,8,1,7,2,1.0,95.94
IN,Pune,17.16,Forearm,Neo Traditional,7,1,7,4,1.1,94.74
US,Austin,5.75,Finger,Traditional,7,1,4,8,0.9,119.42
UK,London,7.4,Neck,Watercolor,5,1,3,6,0.8,224.88
UK,London,23.2,Chest,Tribal,7,0,1,10,2.1,205.92
AU,Brisbane,11.22,Foot,Watercolor,2,1,7,1,0.5,64.09
UK,Edinburgh,14.11,Behind ear,Geometric,1,1,8,8,0.6,59.53
US,Los Angeles,19.97,Behind ear,Tribal,5,1,7,5,1.1,157.26
AU,Perth,2.77,Thigh,Watercolor,2,1,6,2,0.5,73.46
IN,Mangaluru,3.35,Calf,New School,1,1,3,9,0.5,77.95
UK,Birmingham,9.88,Finger,Tribal,4,1,8,2,0.6,48.78
IN,Bengaluru,3.17,Lower back,Blackwork,6,1,5,3,0.6,70.09
IN,Mangaluru,19.65,Hand,New School,9,0,1,7,1.7,308.42
AU,Perth,34.19,Calf,Watercolor,8,1,2,6,2.5,309.13
IN,Bengaluru,4.17,Shoulder,Neo Traditional,1,1,7,10,0.6,104.45
IN,Bengaluru,43.62,Neck,Tribal,9,0,1,1,0.9,135.84
IN,Mangaluru,7.31,Hand,Watercolor,6,0,1,10,0.9,128.29
UK,Manchester,4.71,Upper arm,Minimalist,10,0,1,2,0.6,44.22
UK,London,2.02,Chest,Japanese,10,1,7,8,0.7,105.55
AU,Sydney,1.65,Back,Traditional,5,0,1,10,0.6,103.76
AU,Perth,3.31,Neck,Tribal,4,1,4,7,0.6,85.29
IN,Bengaluru,19.61,Upper arm,Realism,5,0,1,7,1.2,250.76
US,Los Angeles,25.36,Foot,Watercolor,5,0,1,9,1.6,284.22
AU,Perth,4.71,Upper back,New School,4,0,1,5,0.6,87.65
US,Chicago,3.98,Chest,Neo Traditional,4,1,5,5,0.6,85.17
AU,Melbourne,5.52,Behind ear,Blackwork,3,1,3,8,0.7,69.39
US,Chicago,25.4,Upper back,Blackwork,2,1,7,2,0.6,60.54
UK,London,7.52,Thigh,New School,9,0,1,7,1.0,109.72
UK,Edinburgh,5.61,Foot,Minimalist,7,1,2,8,0.9,68.6
AU,Sydney,7.74,Upper back,Watercolor,8,1,4,4,0.8,131.32
UK,London,6.31,Hand,Japanese,6,0,1,1,0.5,98.53
AU,Brisbane,17.84,Thigh,New School,7,0,1,6,1.2,93.87
IN,Bengaluru,12.67,Calf,Tribal,9,0,1,10,1.6,198.8
US,Austin,18.17,Finger,Watercolor,10,1,7,9,2.5,316.78
IN,Bengaluru,4.5,Chest,New School,5,1,6,4,0.6,79.68
UK,Manchester,23.16,Back,Blackwork,7,0,1,10,2.1,204.81
AU,Brisbane,19.48,Foot,Minimalist,10,1,8,1,0.7,61.1
UK,Manchester,4.89,Shoulder,Minimalist,1,1,6,3,0.5,33.88
IN,Mumbai,11.42,Chest,Traditional,5,0,1,1,0.6,92.89
UK,Manchester,7.86,Thigh,Minimalist,3,1,2,7,0.7,42.35
UK,Edinburgh,3.56,Shoulder,Minimalist,9,1,8,9,0.8,58.58
US,Austin,6.4,Back,Minimalist,6,1,5,7,0.8,96.48
US,Miami,28.05,Rib,New School,4,0,1,10,1.6,276.16
AU,Brisbane,21.01,Forearm,Tribal,4,0,1,8,1.2,113.93
US,Austin,30.1,Calf,Realism,9,0,1,8,2.7,560.15
US,Austin,3.86,Upper arm,New School,7,1,3,4,0.6,64.68
UK,Edinburgh,32.81,Calf,Japanese,5,1,8,5,1.5,178.84
AU,Perth,20.19,Shoulder,Minimalist,3,0,1,6,0.9,54.64
IN,Mumbai,10.0,Upper back,Minimalist,6,1,6,6,0.9,73.67
UK,Manchester,10.86,Forearm,Traditional,6,1,5,1,0.6,48.61
AU,Perth,12.06,Wrist,Tribal,4,1,4,8,1.0,100.68
UK,Birmingham,6.3,Lower back,Realism,5,0,1,9,0.8,98.32
AU,Sydney,9.38,Wrist,Tribal,9,0,1,7,1.1,105.73
US,Miami,6.76,Upper arm,Blackwork,8,0,1,4,0.7,109.53
UK,London,1.88,Ankle,Blackwork,7,0,1,3,0.5,61.06
UK,London,12.92,Back,Minimalist,9,1,3,5,1.2,141.55
IN,Mangaluru,10.08,Thigh,Tribal,8,1,3,7,1.2,128.67
UK,Edinburgh,15.46,Finger,New School,6,0,1,4,0.9,120.26
UK,Edinburgh,5.17,Neck,Traditional,2,1,7,9,0.6,64.05
AU,Brisbane,2.8,Foot,Japanese,4,0,1,7,0.6,89.5
IN,Pune,17.45,Upper back,Minimalist,6,1,3,5,1.1,84.64
UK,Birmingham,12.44,Back,Blackwork,1,0,1,10,0.6,36.57
AU,Perth,70.35,Behind ear,Watercolor,8,1,3,10,7.3,1035.43
IN,Delhi,15.09,Thigh,Realism,7,1,8,4,1.0,194.19
IN,Mumbai,7.87,Lower back,Traditional,3,1,5,2,0.6,91.54
US,New York,8.61,Lower back,Geometric,4,0,1,2,0.6,90.92
AU,Melbourne,29.04,Thigh,New School,9,0,1,6,2.1,291.54
UK,Manchester,25.28,Chest,Blackwork,1,0,1,6,0.7,51.52
UK,Edinburgh,8.06,Wrist,Minimalist,3,1,8,9,0.8,64.19
IN,Pune,18.32,Rib,Minimalist,2,1,4,8,0.9,112.45
IN,Bangalore,26.07,Behind ear,Blackwork,4,1,2,4,1.0,66.8
AU,Brisbane,5.75,Lower back,Neo Traditional,6,1,5,2,0.6,69.74
US,Miami,5.62,Wrist,Watercolor,3,0,1,5,0.6,99.46
IN,Mangaluru,10.27,Foot,New School,2,0,1,2,0.5,83.69
UK,Birmingham,13.72,Wrist,Japanese,9,0,1,7,1.4,148.87
AU,Brisbane,7.76,Hand,Blackwork,9,1,5,3,0.8,98.1
UK,Birmingham,18.89,Upper back,Watercolor,1,1,3,4,0.6,53.77
US,Miami,4.4,Upper arm,Realism,5,0,1,7,0.7,137.83
US,Austin,7.58,Back,Tribal,4,0,1,6,0.7,78.25
UK,London,5.28,Lower back,Minimalist,4,1,4,3,0.6,55.79
US,Miami,4.78,Neck,Blackwork,7,0,1,5,0.7,94.39
US,Miami,17.02,Foot,Traditional,7,0,1,2,0.7,82.72
IN,Mangaluru,10.11,Finger,Traditional,6,1,8,5,0.9,95.14
UK,London,7.87,Chest,Minimalist,7,0,1,5,0.8,81.31
UK,Manchester,5.5,Behind ear,New School,5,1,4,4,0.6,63.07
AU,Sydney,7.03,Calf,Japanese,4,1,6,2,0.6,91.52
UK,Manchester,31.02,Finger,Realism,8,0,1,3,1.2,151.69
US,Austin,4.07,Ankle,Japanese,6,1,2,10,0.8,93.38
US,Los Angeles,15.3,Shoulder,Blackwork,9,1,7,1,0.7,111.15
IN,Mangaluru,17.67,Chest,Minimalist,2,0,1,1,0.5,46.74
UK,Manchester,11.35,Neck,New School,7,0,1,2,0.7,117.79
US,Chicago,5.7,Upper arm,Watercolor,1,1,2,1,0.5,52.71
UK,Manchester,12.5,Ankle,Realism,3,1,3,5,0.7,81.96
UK,Edinburgh,13.08,Thigh,Japanese,5,0,1,8,1.0,155.02
US,Miami,9.1,Calf,Traditional,8,0,1,3,0.7,86.33
AU,Melbourne,6.41,Shoulder,Neo Traditional,4,1,8,4,0.6,92.91
IN,Mumbai,20.99,Hand,Blackwork,3,1,3,10,1.3,267.86
IN,Mangaluru,15.27,Ankle,Japanese,8,0,1,10,1.7,242.51
AU,Sydney,19.8,Finger,Tribal,2,0,1,2,0.6,92.41
US,Chicago,10.29,Back,Japanese,9,0,1,10,1.4,254.16
AU,Brisbane,26.31,Calf,Realism,10,0,1,5,1.8,265.18
US,Chicago,11.49,Rib,Neo Traditional,2,1,2,6,0.7,110.07
UK,London,23.7,Upper back,Japanese,2,1,6,10,1.1,184.03
AU,Sydney,19.02,Forearm,Realism,7,1,6,9,1.9,322.93
US,Miami,5.28,Thigh,Japanese,10,0,1,9,1.0,118.45
IN,Pune,8.09,Ankle,Realism,4,0,1,5,0.7,97.21
UK,Edinburgh,11.74,Upper back,Watercolor,1,1,4,8,0.6,89.67
IN,Pune,22.13,Back,Realism,9,0,1,2,0.9,146.8
AU,Brisbane,4.51,Foot,New School,8,1,8,8,0.8,103.67
US,Chicago,4.33,Hand,Tribal,6,1,6,6,0.7,104.34
UK,Edinburgh,16.77,Chest,Watercolor,2,1,2,3,0.6,61.93
AU,Brisbane,8.68,Ankle,Neo Traditional,6,1,4,5,0.8,81.64
AU,Melbourne,14.77,Finger,Neo Traditional,6,0,1,3,0.8,158.56
AU,Brisbane,27.16,Upper back,Japanese,5,1,4,8,1.8,257.15
AU,Melbourne,9.97,Thigh,Japanese,1,1,8,5,0.6,90.45
AU,Brisbane,9.17,Chest,Geometric,3,0,1,10,0.8,95.09
UK,London,4.33,Rib,Tribal,5,1,8,7,0.7,126.86
IN,Bengaluru,41.91,Shoulder,Japanese,9,1,3,4,2.3,454.05
IN,Delhi,31.74,Hand,Watercolor,10,1,8,6,2.8,546.17
AU,Sydney,23.61,Rib,Geometric,4,1,6,3,0.8,149.87
AU,Perth,11.19,Upper arm,Neo Traditional,3,0,1,5,0.7,98.4
US,Los Angeles,9.68,Calf,Watercolor,4,0,1,4,0.7,109.41
AU,Brisbane,7.09,Foot,Realism,10,0,1,5,0.9,147.12
US,Chicago,8.89,Wrist,Minimalist,4,0,1,1,0.5,45.03
AU,Brisbane,7.83,Ankle,Blackwork,3,0,1,8,0.7,105.48
IN,Mumbai,10.22,Neck,Realism,4,1,5,4,0.7,186.22
US,New York,11.99,Back,Neo Traditional,2,1,4,3,0.6,106.92
AU,Melbourne,22.71,Behind ear,Blackwork,1,1,5,3,0.6,65.39
US,Austin,10.63,Rib,Neo Traditional,10,0,1,6,1.1,175.93
IN,Mumbai,18.97,Chest,Traditional,3,1,7,4,0.8,98.52
US,Los Angeles,16.26,Wrist,Minimalist,1,0,1,2,0.5,51.14
UK,Birmingham,7.64,Foot,Blackwork,9,0,1,6,0.9,77.17
AU,Melbourne,5.37,Upper back,Japanese,4,1,2,4,0.6,115.95
UK,Edinburgh,9.21,Foot,Japanese,6,0,1,7,0.9,115.23
UK,Manchester,55.02,Hand,Realism,9,0,1,4,2.5,487.67
UK,Birmingham,3.94,Thigh,Tribal,1,1,2,6,0.5,32.95
IN,Bengaluru,13.64,Neck,Minimalist,3,1,6,5,0.7,71.14
AU,Perth,7.64,Chest,Neo Traditional,5,1,8,4,0.7,66.93
AU,Melbourne,10.45,Finger,Geometric,5,0,1,4,0.7,110.56
UK,Birmingham,11.92,Chest,Tribal,1,1,2,8,0.6,60.76
UK,Birmingham,25.03,Back,Minimalist,6,1,5,9,2.1,165.1
UK,Edinburgh,22.49,Foot,Watercolor,4,1,7,5,1.0,135.45
UK,Manchester,5.58,Neck,New School,3,0,1,7,0.6,76.83
UK,Birmingham,10.16,Rib,Geometric,6,0,1,10,1.1,132.77
IN,Mumbai,8.3,Neck,Watercolor,9,0,1,4,0.8,214.39
AU,Perth,1.75,Foot,Blackwork,7,1,7,6,0.6,74.0
AU,Perth,14.84,Upper back,Realism,7,0,1,5,1.0,150.45
UK,Birmingham,11.16,Upper arm,New School,9,0,1,5,1.0,87.3
IN,Delhi,5.01,Rib,Geometric,8,1,6,1,0.5,95.81
US,Miami,17.69,Chest,New School,9,1,6,9,2.2,315.11
US,Austin,6.31,Lower back,Japanese,6,0,1,7,0.8,120.17
UK,Birmingham,16.44,Upper arm,Blackwork,2,1,4,10,0.9,79.62
US,Austin,38.51,Chest,Tribal,1,0,1,1,0.5,56.73
IN,Bengaluru,4.18,Foot,Watercolor,2,0,1,1,0.5,86.92
UK,Manchester,5.07,Upper arm,Geometric,6,1,6,9,0.8,74.91
IN,Mangaluru,8.51,Upper back,Neo Traditional,3,1,4,7,0.7,124.63
IN,Mangaluru,6.9,Chest,Watercolor,8,1,2,6,0.9,134.86
IN,Bengaluru,10.52,Back,Watercolor,3,0,1,1,0.5,106.51
UK,Birmingham,7.27,Wrist,Japanese,4,1,3,10,0.8,78.86
IN,Bengaluru,30.86,Foot,Japanese,6,1,2,8,2.3,351.84
US,Austin,16.22,Behind ear,New School,4,1,5,9,1.2,138.51
AU,Brisbane,43.21,Forearm,Realism,1,1,7,2,0.6,94.18
IN,Mumbai,11.6,Ankle,Tribal,8,1,8,1,0.6,70.99
UK,Edinburgh,33.5,Hand,Neo Traditional,7,1,4,4,1.6,188.67
UK,Edinburgh,2.09,Thigh,Traditional,3,0,1,5,0.5,37.15
US,Austin,2.82,Forearm,Realism,9,0,1,4,0.6,101.98
AU,Perth,5.73,Forearm,Japanese,9,0,1,8,0.9,103.71
UK,Birmingham,1.34,Upper back,New School,6,0,1,2,0.5,55.66
IN,Bangalore,23.74,Shoulder,Neo Traditional,3,0,1,2,0.6,83.21
US,Austin,12.45,Finger,Tribal,1,1,7,7,0.6,58.63
US,New York,5.67,Forearm,Tribal,4,1,2,6,0.7,111.67
UK,Manchester,15.99,Behind ear,Blackwork,7,0,1,1,0.6,53.35
US,Chicago,15.06,Chest,Japanese,5,0,1,2,0.7,116.81
AU,Sydney,4.71,Wrist,Japanese,5,0,1,9,0.7,110.27
US,New York,8.15,Thigh,Neo Traditional,5,1,3,3,0.6,117.05
AU,Melbourne,15.97,Back,Realism,4,0,1,6,0.9,153.27
UK,Edinburgh,51.74,Calf,Tribal,9,0,1,2,1.4,129.68
AU,Perth,10.67,Lower back,Realism,5,0,1,8,0.9,159.83
UK,London,34.38,Ankle,Neo Traditional,10,1,4,5,2.6,373.12
UK,Manchester,7.55,Hand,Realism,2,0,1,9,0.6,118.43
IN,Bengaluru,6.51,Forearm,New School,9,0,1,7,0.9,145.56
UK,Edinburgh,3.62,Finger,Traditional,5,0,1,3,0.6,68.92
AU,Perth,9.45,Chest,Tribal,8,1,7,7,1.1,97.87
US,Miami,17.74,Forearm,Neo Traditional,1,1,3,8,0.7,85.58
AU,Perth,24.39,Calf,Minimalist,6,0,1,5,1.2,89.65
AU,Sydney,18.38,Forearm,Geometric,1,0,1,7,0.6,79.3
US,Chicago,15.27,Lower back,Traditional,6,0,1,7,1.1,146.78
AU,Brisbane,8.99,Behind ear,Japanese,6,1,7,4,0.8,91.94
AU,Sydney,5.69,Back,New School,3,0,1,4,0.6,88.44
IN,Mumbai,11.71,Behind ear,Tribal,10,0,1,6,1.2,152.35
IN,Pune,21.49,Shoulder,New School,3,1,7,3,0.7,82.05
UK,London,18.78,Wrist,Realism,4,1,2,7,1.1,224.28
AU,Sydney,27.18,Finger,Watercolor,7,0,1,9,2.2,481.65
US,Los Angeles,20.65,Forearm,Watercolor,8,1,4,6,1.7,291.46
IN,Delhi,3.13,Calf,Watercolor,5,1,7,3,0.6,103.96
US,New York,22.12,Thigh,Japanese,9,1,6,4,1.5,273.14
US,Chicago,9.16,Shoulder,Blackwork,6,1,6,9,1.1,162.5
IN,Mumbai,32.82,Neck,Geometric,3,0,1,2,0.7,145.84
IN,Delhi,53.98,Hand,Realism,4,0,1,5,1.6,401.53
UK,London,5.8,Upper arm,Traditional,9,0,1,9,1.0,124.29
US,Austin,26.58,Calf,Japanese,8,0,1,1,0.7,115.9
UK,London,4.97,Foot,Tribal,3,1,3,10,0.7,82.61
AU,Brisbane,9.21,Hand,Realism,5,1,2,3,0.7,118.1
US,Los Angeles,38.31,Wrist,Minimalist,3,0,1,4,1.0,107.44
AU,Sydney,6.36,Rib,New School,4,1,4,6,0.7,135.21
US,Miami,5.95,Rib,Traditional,7,1,3,9,0.9,120.8
IN,Mangaluru,76.15,Finger,Geometric,6,0,1,6,3.2,448.5
AU,Brisbane,6.73,Neck,Tribal,6,0,1,10,0.9,100.04
UK,London,10.42,Foot,Traditional,10,0,1,1,0.6,75.29
IN,Bengaluru,3.93,Forearm,Neo Traditional,3,0,1,8,0.6,54.33
AU,Brisbane,1.63,Chest,Tribal,4,0,1,8,0.6,46.48
AU,Perth,26.31,Upper arm,Watercolor,1,1,2,1,0.5,87.17
US,Los Angeles,9.51,Behind ear,Japanese,5,1,5,5,0.8,139.11
US,Miami,17.89,Chest,Minimalist,6,0,1,9,1.5,202.99
AU,Sydney,6.53,Upper arm,Japanese,9,0,1,1,0.6,95.42
UK,Birmingham,9.44,Hand,Neo Traditional,7,1,7,7,1.1,111.59
IN,Bangalore,12.0,Rib,New School,3,0,1,1,0.5,111.88
US,Los Angeles,39.82,Back,Geometric,8,0,1,8,3.0,454.13
UK,London,4.73,Upper back,Blackwork,1,1,4,10,0.6,89.13
AU,Sydney,13.68,Calf,Tribal,2,1,4,2,0.6,63.73
AU,Brisbane,9.83,Chest,Realism,4,0,1,2,0.6,77.19
IN,Bengaluru,14.22,Upper arm,Tribal,8,1,3,4,1.0,108.34
US,Los Angeles,10.34,Calf,Japanese,3,0,1,9,0.8,176.98
IN,Bangalore,13.94,Upper back,Traditional,9,1,8,10,2.0,263.37
AU,Melbourne,31.22,Chest,Blackwork,10,0,1,2,1.1,96.69
UK,London,9.57,Forearm,Traditional,6,0,1,5,0.8,91.43
UK,Manchester,4.88,Ankle,Neo Traditional,1,0,1,9,0.5,53.66
IN,Mumbai,3.13,Forearm,Realism,1,0,1,7,0.5,90.09
AU,Melbourne,7.85,Shoulder,Neo Traditional,5,0,1,1,0.5,65.7
US,Austin,10.59,Upper arm,Watercolor,8,1,8,9,1.4,155.6
AU,Perth,10.65,Forearm,Japanese,2,1,3,4,0.6,75.08
IN,Delhi,4.69,Upper back,New School,5,1,5,6,0.7,118.04
UK,London,9.85,Wrist,New School,2,1,5,3,0.6,104.98
AU,Sydney,70.29,Shoulder,New School,9,1,3,7,5.8,645.94
AU,Melbourne,22.98,Behind ear,Tribal,10,0,1,9,2.6,207.15
AU,Brisbane,11.44,Neck,Minimalist,8,1,4,7,1.3,136.67
IN,Pune,4.42,Hand,Watercolor,7,0,1,4,0.6,98.46
IN,Mangaluru,10.77,Wrist,Traditional,10,1,2,2,0.8,97.09
AU,Brisbane,3.93,Wrist,Watercolor,1,0,1,1,0.5,76.06
UK,Manchester,26.36,Hand,Minimalist,2,0,1,4,0.7,73.47
UK,Edinburgh,40.92,Calf,Watercolor,4,0,1,1,0.7,104.53
UK,Birmingham,11.74,Calf,Geometric,8,0,1,8,1.3,94.72
IN,Mangaluru,18.86,Back,Geometric,4,0,1,10,1.3,179.49
AU,Brisbane,5.06,Upper back,Blackwork,2,0,1,6,0.6,61.79
US,New York,9.9,Wrist,Geometric,10,0,1,5,1.0,204.57
US,Miami,8.75,Neck,Traditional,5,1,6,3,0.7,136.49
UK,Manchester,14.76,Thigh,Watercolor,9,1,2,1,0.7,90.94
US,Los Angeles,14.32,Back,Realism,4,1,2,1,0.6,122.43
IN,Bengaluru,3.47,Ankle,Geometric,4,0,1,5,0.6,67.73
IN,Bangalore,14.11,Thigh,Watercolor,2,0,1,6,0.7,92.49
AU,Perth,20.6,Thigh,Watercolor,3,1,3,10,1.2,143.07
UK,Edinburgh,18.81,Finger,New School,10,0,1,1,0.7,91.66
UK,London,61.97,Ankle,Geometric,5,0,1,7,2.7,360.96
UK,Birmingham,4.51,Wrist,Geometric,8,0,1,3,0.6,54.12
AU,Melbourne,15.79,Thigh,Realism,4,0,1,3,0.7,107.31
IN,Bangalore,21.5,Upper back,Realism,2,1,5,8,0.9,188.11
US,Chicago,28.57,Lower back,Tribal,3,0,1,5,0.9,97.72
IN,Bangalore,6.99,Chest,Traditional,5,0,1,1,0.5,65.96
AU,Perth,18.52,Foot,Watercolor,5,1,5,2,0.7,93.76
AU,Brisbane,15.07,Ankle,Realism,6,1,8,5,1.0,187.91
UK,Manchester,15.82,Rib,Realism,5,0,1,1,0.6,128.12
IN,Mumbai,9.12,Thigh,New School,10,0,1,6,1.0,206.71
US,Chicago,11.03,Upper back,Japanese,4,0,1,6,0.8,110.76
US,Miami,2.95,Shoulder,Neo Traditional,6,1,7,1,0.5,85.63
US,Austin,2.85,Upper back,Geometric,9,1,3,3,0.6,93.69
US,New York,28.36,Thigh,Tribal,2,0,1,3,0.7,108.52
AU,Brisbane,41.02,Finger,New School,7,0,1,3,1.4,229.48
US,New York,10.4,Ankle,Geometric,4,1,3,1,0.5,80.63
US,Chicago,4.02,Forearm,Japanese,8,0,1,3,0.6,115.36
IN,Bengaluru,5.04,Neck,Tribal,5,0,1,7,0.7,105.6
US,Los Angeles,12.0,Upper back,New School,6,0,1,3,0.7,110.75
AU,Sydney,6.56,Finger,Japanese,5,1,5,2,0.6,114.71
IN,Mumbai,32.18,Ankle,Watercolor,9,1,5,3,1.5,225.58
IN,Delhi,7.94,Rib,Traditional,7,1,5,3,0.7,126.83
AU,Brisbane,21.76,Wrist,New School,1,0,1,5,0.6,76.8
UK,London,17.7,Shoulder,Neo Traditional,1,1,8,4,0.6,92.7
UK,London,7.42,Ankle,Minimalist,7,1,6,9,1.1,110.56
AU,Melbourne,5.65,Neck,New School,4,0,1,6,0.6,124.79
AU,Sydney,17.75,Behind ear,Geometric,2,0,1,3,0.6,55.72
US,Austin,2.68,Upper back,Watercolor,8,0,1,1,0.5,73.79
UK,Manchester,39.02,Upper arm,Japanese,6,0,1,2,1.0,123.26
AU,Melbourne,10.71,Back,Geometric,2,1,4,7,0.7,81.74
US,New York,3.41,Ankle,Minimalist,8,1,6,7,0.7,74.45
IN,Bangalore,9.75,Behind ear,Blackwork,5,0,1,7,0.8,119.01
AU,Sydney,20.25,Foot,Watercolor,5,0,1,5,1.0,123.83
US,New York,8.8,Chest,New School,9,1,5,6,1.1,156.93
IN,Pune,19.66,Neck,Geometric,10,1,2,10,2.9,407.24
UK,Birmingham,14.52,Ankle,Watercolor,4,1,2,2,0.6,74.47
AU,Brisbane,23.24,Wrist,Traditional,4,1,4,5,1.1,93.0
IN,Mumbai,14.72,Thigh,New School,4,1,4,7,1.0,192.39
AU,Sydney,6.98,Wrist,Watercolor,2,1,7,2,0.5,93.81
AU,Brisbane,19.01,Hand,Japanese,9,0,1,1,0.7,130.61
UK,Edinburgh,7.38,Lower back,Japanese,6,1,8,6,0.8,98.79
IN,Mumbai,14.18,Behind ear,Watercolor,8,0,1,9,1.5,294.42
IN,Bengaluru,17.88,Behind ear,Japanese,9,0,1,1,0.7,117.87
US,Los Angeles,14.12,Lower back,Tribal,2,0,1,4,0.6,70.73
UK,London,15.03,Rib,Traditional,3,1,7,1,0.6,96.32
UK,Birmingham,19.74,Calf,Blackwork,3,1,7,5,0.9,77.18
US,New York,21.99,Wrist,Neo Traditional,9,1,6,8,2.4,439.19
AU,Melbourne,6.21,Neck,Geometric,5,1,4,5,0.7,123.59
UK,Birmingham,10.65,Shoulder,New School,8,0,1,1,0.6,59.32
AU,Sydney,16.75,Upper back,Geometric,9,0,1,5,1.3,171.27
UK,Manchester,73.18,Lower back,New School,5,1,6,10,4.9,485.6
US,New York,12.15,Neck,Watercolor,7,0,1,9,1.3,303.26
US,Los Angeles,5.49,Hand,Geometric,3,1,7,9,0.7,128.17
IN,Pune,32.72,Ankle,Neo Traditional,2,1,4,9,1.2,143.25
UK,Edinburgh,9.06,Finger,Minimalist,8,1,6,6,1.0,101.88
US,New York,20.83,Behind ear,Neo Traditional,2,1,4,9,0.9,135.95
US,Austin,16.46,Shoulder,Neo Traditional,2,1,7,3,0.6,68.48
IN,Bangalore,28.79,Hand,New School,5,0,1,8,1.7,240.26
UK,Manchester,87.69,Upper arm,Geometric,5,1,7,3,2.1,173.02
IN,Bengaluru,27.16,Back,Traditional,6,1,4,10,2.5,365.97
IN,Pune,5.81,Ankle,Japanese,10,0,1,5,0.8,118.82
UK,Birmingham,14.03,Wrist,Minimalist,3,1,7,9,1.0,64.79
IN,Mangaluru,6.13,Finger,Watercolor,6,0,1,4,0.6,115.35
IN,Mumbai,12.0,Neck,Watercolor,4,1,7,10,1.1,255.77
UK,Birmingham,61.21,Shoulder,Tribal,4,1,3,7,2.6,214.75
IN,Pune,21.59,Thigh,Neo Traditional,8,1,6,10,2.6,361.16
IN,Pune,14.66,Chest,Blackwork,10,0,1,9,1.8,240.98
US,Austin,9.18,Lower back,Minimalist,5,0,1,9,0.9,72.39
AU,Brisbane,13.22,Foot,Traditional,4,0,1,9,1.0,122.0
UK,Manchester,26.87,Thigh,Japanese,7,1,3,4,1.4,137.52
IN,Bengaluru,13.99,Upper back,Realism,9,1,4,8,1.7,326.45
UK,Birmingham,1.98,Upper arm,Traditional,4,1,4,8,0.6,41.26
UK,Manchester,11.22,Upper back,Blackwork,7,0,1,10,1.3,94.82
UK,Edinburgh,13.75,Foot,Japanese,7,1,5,5,1.1,136.04
AU,Sydney,66.76,Upper arm,Minimalist,6,0,1,9,4.1,408.68
IN,Mumbai,20.7,Thigh,Minimalist,7,0,1,10,1.9,175.89
US,New York,4.91,Wrist,Tribal,5,1,4,8,0.7,90.2
UK,London,4.31,Ankle,Minimalist,1,1,3,1,0.5,59.36
US,New York,10.79,Finger,New School,6,1,7,9,1.2,252.44
IN,Pune,15.86,Back,Neo Traditional,2,1,4,10,0.9,135.69
UK,Manchester,6.25,Ankle,Traditional,6,0,1,1,0.5,57.79
UK,Manchester,12.56,Lower back,Traditional,10,0,1,5,1.1,105.29
US,Chicago,13.28,Upper arm,Japanese,6,1,8,2,0.7,124.86
US,Miami,4.28,Upper arm,Realism,3,0,1,6,0.6,111.1
US,New York,3.9,Foot,Blackwork,1,1,2,1,0.5,79.2
IN,Pune,8.64,Back,Tribal,6,0,1,9,1.0,125.1
IN,Pune,12.66,Chest,Minimalist,5,1,6,9,1.2,105.31
UK,Edinburgh,6.31,Chest,Minimalist,1,0,1,5,0.5,42.15
IN,Mumbai,28.22,Chest,Blackwork,4,0,1,1,0.6,83.6
UK,Birmingham,39.99,Behind ear,Tribal,4,1,7,8,2.0,154.71
AU,Brisbane,19.1,Upper back,Traditional,9,1,3,5,1.5,157.79
AU,Brisbane,4.48,Wrist,Traditional,8,0,1,2,0.6,64.79
US,New York,36.97,Neck,Watercolor,6,0,1,5,1.6,441.13
US,New York,7.8,Hand,Tribal,10,1,4,4,0.9,126.6
IN,Pune,6.64,Upper arm,Realism,2,0,1,3,0.5,59.96
US,Chicago,199.68,Calf,Neo Traditional,7,1,7,1,2.2,247.26
US,New York,6.79,Upper arm,Traditional,3,0,1,3,0.6,93.27
UK,Birmingham,13.2,Calf,Blackwork,1,1,7,2,0.5,47.88
US,Chicago,2.79,Thigh,Watercolor,1,0,1,2,0.5,96.84
AU,Perth,17.99,Rib,New School,5,1,7,10,1.6,271.48
AU,Perth,5.11,Upper back,Realism,4,0,1,5,0.6,98.57
US,Los Angeles,18.06,Chest,Japanese,5,1,8,3,0.8,196.83
AU,Melbourne,25.56,Ankle,Neo Traditional,7,0,1,7,1.8,216.71
UK,Edinburgh,37.67,Neck,Realism,10,1,5,4,2.3,399.19
US,New York,3.82,Hand,Neo Traditional,8,0,1,9,0.8,172.49
UK,Birmingham,22.13,Behind ear,Minimalist,9,0,1,4,1.3,62.92
AU,Melbourne,20.94,Neck,Neo Traditional,1,1,3,3,0.6,102.9
US,New York,7.23,Upper back,Minimalist,4,1,8,3,0.6,85.1
AU,Melbourne,1.17,Shoulder,Blackwork,5,1,3,8,0.6,84.62
IN,Bangalore,16.36,Upper arm,Minimalist,5,0,1,9,1.2,115.37
AU,Perth,7.1,Wrist,Realism,10,1,5,8,1.2,179.11
AU,Sydney,6.79,Neck,Blackwork,4,1,2,3,0.6,91.52
AU,Sydney,7.58,Chest,Japanese,3,1,2,4,0.6,84.04
US,New York,20.76,Finger,Minimalist,7,0,1,10,2.0,282.32
AU,Brisbane,5.21,Calf,Traditional,9,0,1,3,0.6,48.72
AU,Brisbane,8.43,Neck,Neo Traditional,6,1,2,4,0.7,96.59
US,Los Angeles,39.17,Forearm,Neo Traditional,1,1,8,7,0.8,99.72
IN,Mangaluru,51.51,Behind ear,Neo Traditional,2,0,1,9,1.4,202.53
US,Los Angeles,22.65,Neck,Watercolor,6,1,2,9,2.0,402.94
IN,Mangaluru,17.82,Lower back,Tribal,9,0,1,5,1.3,144.95
AU,Melbourne,39.07,Rib,Tribal,9,1,2,3,1.8,264.54
AU,Sydney,19.79,Chest,Blackwork,8,1,7,2,0.9,112.65
UK,Edinburgh,28.95,Forearm,Minimalist,6,0,1,1,0.7,56.64
AU,Perth,8.72,Behind ear,Watercolor,2,0,1,9,0.7,102.82
UK,London,7.79,Ankle,Geometric,6,1,6,4,0.7,77.15
AU,Perth,28.41,Wrist,New School,7,1,4,1,0.7,94.86
IN,Pune,10.52,Back,Watercolor,4,1,6,4,0.7,73.77
IN,Bengaluru,9.63,Thigh,Minimalist,4,0,1,3,0.6,58.64
UK,Manchester,11.61,Finger,Neo Traditional,4,0,1,8,0.9,111.68
UK,Birmingham,24.84,Chest,Neo Traditional,9,1,6,1,0.8,83.43
AU,Brisbane,52.22,Foot,Traditional,6,0,1,8,3.0,298.78
US,Austin,18.06,Back,Traditional,3,0,1,3,0.7,78.02
UK,Birmingham,5.49,Upper back,New School,10,1,3,9,1.1,101.17
US,Chicago,8.31,Lower back,Minimalist,7,0,1,2,0.6,50.15
IN,Pune,16.47,Chest,Geometric,5,0,1,8,1.2,154.7
AU,Melbourne,21.05,Behind ear,New School,3,0,1,2,0.6,61.83
AU,Perth,12.88,Foot,Neo Traditional,5,0,1,5,0.8,85.92
US,Chicago,33.11,Lower back,Geometric,1,1,8,5,0.7,71.4
UK,Birmingham,7.36,Lower back,Tribal,6,1,5,8,0.9,88.56
UK,London,6.94,Upper back,Watercolor,9,0,1,3,0.7,124.47
AU,Sydney,8.1,Foot,New School,7,1,3,4,0.8,115.89
UK,Birmingham,7.79,Forearm,Neo Traditional,7,1,7,3,0.7,70.63
UK,London,17.79,Back,Neo Traditional,4,0,1,8,1.1,209.15
IN,Pune,8.12,Calf,Realism,9,1,6,8,1.2,141.02
UK,Manchester,12.51,Behind ear,Realism,1,0,1,2,0.5,58.49
AU,Perth,40.89,Shoulder,Neo Traditional,10,0,1,4,2.1,226.53
UK,Birmingham,2.78,Thigh,Neo Traditional,7,1,3,3,0.6,49.57
AU,Sydney,11.4,Chest,Neo Traditional,2,1,3,8,0.7,76.91
UK,London,14.38,Thigh,Japanese,7,0,1,7,1.2,203.7
AU,Brisbane,11.1,Finger,Traditional,4,1,6,3,0.7,67.96
AU,Perth,40.4,Upper arm,New School,5,0,1,2,0.9,126.93
IN,Mangaluru,5.91,Shoulder,Realism,10,0,1,9,1.0,208.32
US,New York,23.45,Lower back,Tribal,9,1,8,4,1.5,276.91
US,Los Angeles,68.32,Foot,Realism,6,0,1,3,1.7,304.65
US,Austin,10.26,Thigh,Traditional,6,0,1,4,0.7,80.2
US,New York,28.16,Upper back,New School,1,0,1,1,0.5,105.79
UK,Birmingham,20.02,Foot,Japanese,9,1,7,4,1.4,152.97
AU,Perth,22.34,Thigh,Traditional,6,1,7,6,1.5,181.0
US,Miami,6.1,Forearm,Geometric,5,0,1,9,0.8,103.37
US,New York,3.37,Calf,Minimalist,9,0,1,10,0.8,89.68
IN,Bengaluru,58.69,Finger,Geometric,2,0,1,4,1.0,161.53
IN,Pune,19.49,Ankle,Japanese,5,0,1,7,1.2,145.84
AU,Melbourne,11.48,Wrist,Watercolor,5,1,8,2,0.6,81.18
IN,Bengaluru,11.55,Back,New School,3,1,2,10,0.9,130.97
UK,London,43.66,Upper arm,Traditional,7,1,6,10,4.2,627.55
US,Chicago,9.81,Lower back,Neo Traditional,4,0,1,8,0.8,130.62
AU,Melbourne,17.92,Upper back,Watercolor,1,0,1,7,0.6,68.6
IN,Delhi,13.78,Chest,Watercolor,3,0,1,10,0.9,181.6
AU,Sydney,4.05,Finger,Realism,9,1,2,7,0.8,146.57
UK,Edinburgh,6.5,Thigh,Neo Traditional,6,0,1,5,0.7,58.61
UK,London,29.53,Finger,Geometric,5,0,1,2,0.8,127.33
UK,Birmingham,4.18,Neck,Blackwork,6,1,6,10,0.8,108.8
IN,Bengaluru,165.4,Back,Geometric,5,1,8,2,2.5,370.62
IN,Pune,7.85,Upper back,Traditional,10,1,3,9,1.3,153.37
UK,Edinburgh,16.73,Hand,Neo Traditional,7,0,1,6,1.2,122.1
IN,Pune,26.66,Rib,Blackwork,6,1,8,2,0.9,114.19
IN,Pune,21.97,Chest,Watercolor,5,0,1,5,1.0,132.62
IN,Delhi,24.16,Lower back,New School,4,0,1,3,0.8,135.59
US,New York,9.35,Behind ear,Traditional,4,1,8,8,0.9,122.6
UK,London,3.33,Hand,Minimalist,10,1,7,4,0.7,84.92
UK,Birmingham,13.31,Ankle,Tribal,7,1,3,5,1.1,89.66
AU,Sydney,4.87,Ankle,Neo Traditional,10,0,1,10,1.0,111.69
UK,Manchester,10.14,Behind ear,Watercolor,3,1,3,3,0.6,59.87
UK,Manchester,15.59,Neck,Neo Traditional,5,0,1,10,1.3,130.02
UK,Edinburgh,9.4,Wrist,Realism,3,1,4,9,0.8,118.32
UK,London,1.9,Lower back,Minimalist,4,1,5,7,0.6,48.39
AU,Perth,43.64,Upper arm,Traditional,5,1,2,2,1.0,92.07
IN,Bengaluru,39.23,Hand,Geometric,6,0,1,6,1.9,317.22
AU,Perth,6.91,Calf,Geometric,3,0,1,4,0.6,53.01
IN,Pune,9.94,Wrist,Minimalist,7,1,4,7,1.1,87.3
IN,Pune,6.35,Neck,Geometric,6,0,1,8,0.8,111.38
UK,Edinburgh,27.58,Upper back,Tribal,1,0,1,1,0.5,57.78
IN,Delhi,54.42,Back,Watercolor,10,0,1,1,1.0,186.93
IN,Mangaluru,7.43,Chest,Tribal,6,1,8,1,0.6,57.51
IN,Bengaluru,18.9,Chest,Blackwork,1,1,5,5,0.6,108.64
UK,Manchester,9.31,Foot,Traditional,8,0,1,10,1.2,93.1
US,Los Angeles,5.4,Upper back,Watercolor,10,0,1,1,0.6,109.73
UK,London,29.2,Upper back,New School,7,0,1,5,1.5,239.2
AU,Sydney,18.72,Finger,Realism,9,0,1,3,1.0,231.69
AU,Perth,61.74,Neck,Watercolor,10,0,1,9,6.1,1257.12
AU,Melbourne,25.34,Upper back,Geometric,8,1,3,1,0.7,96.55
IN,Pune,28.54,Shoulder,Tribal,9,1,5,3,1.4,144.12
UK,London,8.93,Forearm,Tribal,7,1,8,3,0.7,75.51
UK,London,9.12,Upper back,Blackwork,3,0,1,5,0.6,93.64
US,New York,49.7,Neck,Watercolor,2,0,1,3,0.8,183.23
AU,Perth,5.94,Calf,Traditional,8,1,3,6,0.8,71.2
AU,Perth,4.18,Calf,Geometric,8,0,1,4,0.6,64.49
AU,Melbourne,13.79,Hand,Blackwork,1,0,1,2,0.5,83.9
US,Chicago,31.82,Foot,New School,4,0,1,10,1.8,240.07
US,New York,5.14,Behind ear,Realism,6,0,1,8,0.7,141.23
AU,Melbourne,10.49,Thigh,Japanese,4,1,2,10,1.0,137.19
UK,Edinburgh,19.4,Hand,New School,2,1,6,1,0.5,61.43
IN,Mangaluru,38.74,Hand,Japanese,2,0,1,8,1.1,166.78
AU,Perth,6.77,Upper back,Neo Traditional,8,1,4,9,1.1,132.29
IN,Mangaluru,37.24,Calf,Japanese,7,0,1,10,3.1,525.53
US,Los Angeles,20.8,Rib,Watercolor,7,0,1,9,1.8,367.24
UK,Edinburgh,4.86,Thigh,Minimalist,10,0,1,1,0.5,26.7
UK,Edinburgh,20.32,Forearm,Realism,5,0,1,10,1.5,154.45
AU,Perth,14.19,Shoulder,Realism,6,1,3,10,1.5,254.2
IN,Mumbai,6.69,Upper arm,Japanese,6,1,6,8,0.9,124.84
IN,Bengaluru,4.46,Upper arm,Watercolor,2,1,5,10,0.6,101.43
US,Los Angeles,4.06,Behind ear,New School,1,0,1,10,0.5,84.39
US,Miami,5.89,Behind ear,Minimalist,10,0,1,7,0.9,106.09
UK,London,29.57,Calf,Tribal,6,0,1,9,2.1,274.56
UK,London,13.18,Hand,Japanese,1,1,7,5,0.6,120.0
AU,Perth,5.42,Lower back,Minimalist,4,0,1,7,0.7,61.27
US,New York,24.01,Finger,Minimalist,4,1,4,7,1.3,139.87
IN,Delhi,22.01,Lower back,Blackwork,1,1,6,8,0.7,106.74
US,Chicago,16.11,Upper back,Japanese,8,0,1,2,0.8,102.85
US,Miami,9.17,Finger,Neo Traditional,8,0,1,8,1.1,211.37
IN,Mangaluru,8.57,Hand,Blackwork,6,1,6,2,0.6,112.4
AU,Melbourne,8.37,Thigh,Blackwork,6,1,6,6,0.9,117.26
US,Austin,30.85,Chest,New School,10,0,1,3,1.4,162.31
AU,Melbourne,11.27,Wrist,Neo Traditional,1,1,4,3,0.5,59.9
US,Chicago,11.81,Wrist,New School,3,0,1,6,0.7,98.77
AU,Brisbane,2.86,Shoulder,Minimalist,5,0,1,3,0.5,43.4
AU,Brisbane,14.76,Calf,Tribal,4,1,3,7,1.0,106.19
UK,Edinburgh,16.6,Lower back,Tribal,3,0,1,3,0.6,61.44
IN,Delhi,26.4,Wrist,Tribal,10,0,1,3,1.3,168.51
IN,Delhi,13.68,Chest,Realism,3,0,1,2,0.6,111.55
AU,Sydney,6.33,Upper arm,Blackwork,4,1,6,3,0.6,94.97
IN,Pune,9.47,Hand,Blackwork,2,0,1,7,0.6,94.66
IN,Pune,41.0,Wrist,Geometric,5,0,1,3,1.1,152.07
US,Miami,9.58,Foot,Blackwork,6,0,1,1,0.6,44.4
IN,Pune,21.36,Upper back,Blackwork,2,0,1,7,0.8,91.11
AU,Brisbane,14.32,Forearm,Traditional,7,0,1,9,1.4,152.16
AU,Sydney,14.04,Thigh,Neo Traditional,6,1,3,10,1.5,212.31
IN,Delhi,44.11,Hand,Blackwork,7,1,4,4,2.0,343.4
UK,Edinburgh,4.18,Foot,Tribal,6,1,7,6,0.7,58.0
IN,Bangalore,4.23,Ankle,New School,2,1,3,4,0.5,98.96
UK,Manchester,10.56,Chest,New School,8,0,1,6,1.0,85.51
AU,Perth,19.52,Lower back,Watercolor,8,0,1,10,2.1,281.09
AU,Sydney,5.04,Upper back,Japanese,5,1,3,1,0.5,78.06
IN,Pune,16.59,Finger,New School,10,0,1,8,1.8,240.68
AU,Sydney,14.23,Upper back,Traditional,4,0,1,8,1.0,102.33
IN,Pune,14.37,Chest,Blackwork,7,1,4,7,1.3,165.99
IN,Bangalore,17.35,Hand,Neo Traditional,8,0,1,5,1.2,213.45
AU,Sydney,14.85,Calf,Geometric,9,0,1,3,0.9,119.19
UK,Birmingham,7.52,Calf,Neo Traditional,1,1,8,7,0.6,52.1
AU,Sydney,19.41,Ankle,Geometric,5,1,5,4,1.0,131.73
UK,Manchester,6.32,Thigh,Japanese,1,1,8,1,0.5,43.71
US,New York,10.33,Upper back,Neo Traditional,2,0,1,7,0.6,95.91
IN,Bangalore,7.19,Finger,New School,4,1,4,2,0.6,87.47
AU,Brisbane,8.22,Behind ear,Blackwork,4,1,3,5,0.7,72.97
UK,London,15.91,Back,Tribal,9,1,7,8,1.9,251.57
US,Los Angeles,8.77,Upper back,Japanese,8,0,1,8,1.1,199.95
US,New York,8.98,Neck,Minimalist,1,0,1,4,0.5,76.69
US,Austin,8.46,Behind ear,Realism,5,0,1,10,0.9,152.54
IN,Mangaluru,8.99,Back,Realism,6,1,4,8,1.0,197.47
UK,Manchester,2.63,Finger,Blackwork,5,0,1,6,0.6,62.45
UK,Manchester,6.93,Forearm,Traditional,8,1,8,3,0.7,70.91
IN,Pune,10.71,Rib,Minimalist,10,1,6,9,1.7,213.46
AU,Melbourne,5.49,Upper back,Geometric,2,1,7,9,0.6,81.79
AU,Brisbane,7.91,Calf,Blackwork,2,0,1,3,0.5,45.53
US,Austin,14.0,Finger,Neo Traditional,9,1,4,8,1.7,208.37
UK,Birmingham,4.72,Forearm,Traditional,2,0,1,9,0.6,44.4
IN,Bangalore,1.0,Neck,Minimalist,3,0,1,7,0.5,53.92
AU,Perth,14.36,Finger,Traditional,7,1,8,7,1.3,136.0
IN,Mangaluru,42.53,Wrist,Traditional,8,1,3,1,0.9,98.38
AU,Perth,12.61,Ankle,Tribal,9,0,1,10,1.6,190.35
AU,Perth,9.87,Wrist,New School,7,0,1,8,1.1,150.33
AU,Melbourne,39.71,Behind ear,Geometric,6,1,4,6,2.2,215.58
IN,Pune,10.24,Lower back,Realism,3,0,1,3,0.6,97.29
UK,Birmingham,17.35,Chest,Blackwork,6,1,4,6,1.2,98.78
AU,Melbourne,12.86,Thigh,Traditional,9,0,1,6,1.2,138.25
US,Miami,32.28,Forearm,Watercolor,3,0,1,1,0.6,86.39
IN,Bangalore,18.46,Back,Blackwork,5,0,1,4,0.9,167.34
UK,London,5.04,Back,Traditional,5,1,3,10,0.8,116.39
IN,Pune,92.17,Finger,Blackwork,4,1,5,10,4.9,677.61
US,Chicago,18.69,Shoulder,Watercolor,1,0,1,6,0.6,110.85
IN,Pune,16.59,Shoulder,Minimalist,1,1,3,8,0.7,43.9
UK,Birmingham,23.65,Ankle,Traditional,7,0,1,8,1.8,143.41
UK,Edinburgh,7.21,Rib,Tribal,7,0,1,5,0.8,81.46
UK,Edinburgh,43.5,Chest,Minimalist,7,0,1,2,1.1,75.05
AU,Perth,12.99,Finger,Neo Traditional,7,0,1,2,0.7,113.59
US,Miami,31.1,Behind ear,Realism,5,1,5,5,1.4,238.19
IN,Delhi,13.53,Calf,Traditional,3,0,1,4,0.7,81.17
US,Los Angeles,9.01,Foot,Neo Traditional,5,0,1,7,0.8,175.24
UK,Birmingham,3.89,Chest,Japanese,9,0,1,4,0.6,75.39
US,New York,20.48,Neck,Geometric,9,0,1,1,0.7,180.07
IN,Mumbai,13.53,Wrist,Watercolor,8,1,2,8,1.5,262.71
IN,Bengaluru,14.58,Upper arm,Traditional,8,1,7,10,1.9,251.74
UK,London,38.22,Back,Blackwork,1,0,1,1,0.5,65.9
IN,Mangaluru,22.27,Calf,Blackwork,5,0,1,8,1.4,146.11
US,Austin,10.59,Calf,Watercolor,2,1,2,6,0.7,110.14
AU,Perth,41.56,Finger,Minimalist,3,1,3,3,0.9,80.03
UK,Birmingham,10.43,Thigh,Blackwork,3,1,8,2,0.6,52.29
UK,London,18.25,Behind ear,Watercolor,1,1,4,6,0.6,96.35
IN,Mangaluru,4.77,Calf,Blackwork,2,0,1,6,0.6,88.18
AU,Melbourne,5.98,Forearm,Geometric,4,1,8,10,0.8,108.66
UK,Birmingham,57.64,Shoulder,Minimalist,1,1,3,9,1.1,65.29
AU,Melbourne,6.35,Finger,Neo Traditional,3,1,7,10,0.7,70.82
IN,Mumbai,6.93,Chest,Minimalist,8,0,1,1,0.6,59.65
US,Los Angeles,15.85,Upper back,Traditional,8,0,1,2,0.8,112.47
US,Austin,5.07,Lower back,Realism,9,0,1,2,0.6,103.43
AU,Perth,4.26,Behind ear,Geometric,3,1,2,3,0.5,61.42
IN,Delhi,7.25,Shoulder,Traditional,1,0,1,3,0.5,58.54
AU,Sydney,20.25,Rib,Traditional,10,1,6,2,1.0,126.61
AU,Brisbane,8.96,Upper arm,Geometric,7,1,6,4,0.8,99.59
US,New York,30.22,Finger,Realism,1,0,1,6,0.7,144.5
US,New York,8.15,Wrist,Minimalist,10,1,3,5,1.0,111.13
UK,Manchester,32.41,Upper back,Minimalist,6,1,7,5,1.7,115.03
US,Miami,14.64,Calf,Blackwork,6,1,2,10,1.6,265.46
UK,Manchester,22.74,Ankle,Minimalist,9,1,7,5,1.7,90.51
UK,Edinburgh,2.87,Calf,Neo Traditional,6,1,8,1,0.5,63.68
IN,Pune,12.61,Foot,Neo Traditional,5,0,1,3,0.7,84.4
UK,Edinburgh,56.12,Hand,Neo Traditional,3,1,5,8,2.1,298.44
AU,Sydney,3.24,Upper arm,New School,1,0,1,8,0.5,60.09
UK,Birmingham,17.7,Forearm,New School,5,0,1,10,1.4,144.61
UK,Birmingham,4.93,Forearm,New School,8,0,1,6,0.7,91.51
US,New York,40.98,Rib,Neo Traditional,3,0,1,7,1.4,357.19
UK,Birmingham,14.97,Calf,Geometric,6,0,1,10,1.4,100.25
UK,Birmingham,6.97,Finger,Realism,2,1,6,7,0.6,88.2
UK,London,3.66,Thigh,Blackwork,5,0,1,1,0.5,67.25
AU,Sydney,17.97,Finger,Traditional,6,1,2,10,1.8,177.89
US,Chicago,17.18,Calf,Japanese,6,1,8,3,0.9,161.03
US,Los Angeles,4.35,Forearm,Japanese,1,0,1,1,0.5,77.46
IN,Mangaluru,4.72,Upper arm,Neo Traditional,6,0,1,1,0.5,70.42
IN,Mangaluru,21.28,Wrist,Watercolor,3,0,1,8,1.0,142.88
AU,Perth,17.95,Behind ear,Realism,1,0,1,5,0.6,95.27
AU,Brisbane,7.95,Ankle,Watercolor,7,0,1,9,1.0,133.06
IN,Mumbai,20.33,Neck,Geometric,10,0,1,4,1.3,272.22
AU,Brisbane,22.46,Shoulder,Japanese,2,1,8,2,0.6,67.68
UK,Manchester,18.75,Neck,Minimalist,7,0,1,7,1.4,133.61
AU,Perth,42.11,Lower back,Minimalist,3,0,1,1,0.6,48.02
UK,London,4.58,Hand,Japanese,3,1,7,10,0.7,155.42
US,New York,16.82,Foot,Japanese,1,1,4,7,0.6,134.08
UK,Birmingham,8.4,Calf,Geometric,4,0,1,6,0.7,58.93
IN,Delhi,30.75,Calf,Geometric,4,1,6,8,1.7,275.51
UK,Edinburgh,15.7,Upper arm,Tribal,4,0,1,10,1.1,91.97
IN,Delhi,3.63,Shoulder,Realism,8,0,1,9,0.8,155.35
UK,Manchester,24.91,Finger,Traditional,7,1,7,8,2.2,197.09
US,Chicago,2.0,Rib,Blackwork,9,0,1,3,0.6,92.72
IN,Delhi,9.8,Lower back,Tribal,2,1,6,5,0.6,67.43
AU,Melbourne,8.24,Forearm,Japanese,2,0,1,7,0.6,109.08
IN,Delhi,13.76,Upper arm,New School,10,0,1,4,1.1,193.7
IN,Mumbai,12.21,Rib,Traditional,10,0,1,2,0.7,149.69
AU,Brisbane,15.56,Calf,Realism,9,0,1,5,1.2,135.09
IN,Bengaluru,10.86,Ankle,Tribal,8,1,6,3,0.8,101.81
US,Chicago,18.74,Neck,Geometric,4,0,1,4,0.8,166.26
UK,Manchester,6.84,Behind ear,Blackwork,6,0,1,8,0.8,69.72
US,Los Angeles,35.78,Behind ear,New School,10,1,5,3,1.8,280.88
AU,Melbourne,1.88,Forearm,Neo Traditional,9,1,4,9,0.7,72.12
IN,Delhi,17.37,Behind ear,New School,5,0,1,4,0.8,98.08
IN,Pune,2.02,Forearm,Minimalist,2,1,3,8,0.5,49.71
UK,Birmingham,40.32,Ankle,Watercolor,10,0,1,9,4.1,395.96
AU,Melbourne,5.16,Foot,Tribal,9,0,1,9,0.9,115.9
AU,Brisbane,28.19,Thigh,Blackwork,2,0,1,10,1.1,149.54
UK,Manchester,9.03,Lower back,Watercolor,2,1,7,9,0.7,73.99
UK,Edinburgh,7.58,Back,Geometric,1,0,1,3,0.5,52.39
IN,Mumbai,9.14,Chest,Watercolor,10,1,8,6,1.2,204.94
UK,London,7.01,Thigh,Japanese,10,1,4,4,0.8,155.47
AU,Brisbane,12.59,Back,Tribal,8,0,1,7,1.2,139.36
UK,Manchester,12.57,Forearm,Geometric,8,1,6,1,0.6,48.45
UK,Manchester,6.96,Wrist,Traditional,4,1,2,5,0.7,51.74
AU,Melbourne,3.84,Behind ear,Geometric,7,1,7,10,0.8,107.26
IN,Delhi,23.88,Ankle,Blackwork,5,1,3,3,0.9,129.04
UK,Manchester,57.4,Wrist,Traditional,4,1,8,3,1.3,111.72
US,Chicago,7.24,Foot,Tribal,5,0,1,7,0.8,86.87
UK,London,10.62,Upper back,Blackwork,6,1,7,4,0.8,102.91
IN,Pune,5.52,Wrist,Japanese,2,1,8,5,0.6,84.57
US,Miami,15.66,Ankle,Neo Traditional,3,1,6,7,0.9,153.14
US,Miami,7.4,Chest,Blackwork,6,1,8,4,0.7,102.72
US,Los Angeles,5.46,Behind ear,Minimalist,3,1,7,6,0.6,59.62
US,Miami,22.4,Ankle,Minimalist,9,0,1,4,1.3,103.35
UK,Birmingham,26.65,Rib,Japanese,2,1,8,5,0.8,125.6
IN,Pune,17.91,Upper back,Japanese,5,1,6,6,1.1,144.13
US,Miami,4.68,Back,Blackwork,2,1,2,10,0.6,98.8
US,Los Angeles,14.83,Back,Japanese,4,1,4,3,0.7,84.07
AU,Sydney,8.41,Upper back,Blackwork,3,0,1,9,0.7,76.11
AU,Sydney,74.63,Hand,Neo Traditional,5,0,1,2,1.2,205.7
US,New York,3.17,Chest,Blackwork,2,1,2,8,0.6,68.34
AU,Melbourne,30.44,Ankle,Minimalist,7,1,2,5,1.8,160.41
UK,Birmingham,3.2,Back,Watercolor,7,0,1,5,0.6,63.17
UK,London,5.69,Foot,New School,10,1,7,7,1.0,129.38
AU,Brisbane,19.47,Upper back,Realism,3,0,1,10,1.1,153.64
UK,London,8.03,Hand,Traditional,3,1,5,3,0.6,82.88
AU,Sydney,25.06,Neck,Tribal,2,0,1,1,0.6,123.17
AU,Perth,21.94,Foot,Blackwork,4,0,1,6,1.0,138.01
US,Los Angeles,21.05,Hand,Geometric,1,0,1,8,0.7,128.28
US,Los Angeles,6.38,Back,Traditional,5,1,2,6,0.7,119.28
UK,London,15.29,Finger,Neo Traditional,4,0,1,2,0.6,80.96
US,New York,9.69,Foot,Watercolor,2,0,1,8,0.7,93.2
IN,Mangaluru,31.7,Upper back,Blackwork,4,1,2,7,1.6,215.03
US,Chicago,5.17,Thigh,Neo Traditional,4,1,8,8,0.7,129.7
US,Austin,76.34,Shoulder,New School,9,1,3,2,2.1,271.91
US,Chicago,44.6,Thigh,Minimalist,8,1,6,5,2.6,322.65
UK,Manchester,3.21,Upper arm,Realism,10,0,1,6,0.7,107.07
AU,Brisbane,17.34,Foot,Geometric,4,1,4,6,1.0,96.92
IN,Delhi,55.77,Neck,Minimalist,4,1,5,8,2.6,372.84
UK,Manchester,20.31,Finger,Tribal,4,0,1,4,0.8,89.73
US,New York,11.11,Rib,Realism,5,0,1,4,0.7,212.51
AU,Perth,6.41,Upper arm,Neo Traditional,7,1,6,6,0.8,89.69
UK,London,20.21,Lower back,New School,7,1,8,7,1.7,255.45
US,Chicago,14.32,Finger,Minimalist,1,1,8,9,0.7,71.25
US,New York,11.4,Thigh,Neo Traditional,5,1,7,4,0.8,75.14
US,Los Angeles,4.14,Lower back,Neo Traditional,1,1,7,5,0.5,95.62
AU,Perth,5.85,Upper arm,Watercolor,3,1,3,6,0.6,92.92
AU,Brisbane,13.44,Rib,Japanese,9,0,1,6,1.2,246.19
IN,Mangaluru,7.91,Thigh,Minimalist,1,0,1,4,0.5,36.39
UK,Birmingham,6.45,Calf,Realism,3,0,1,4,0.6,70.01
IN,Mumbai,33.84,Thigh,Japanese,10,0,1,5,2.2,430.41
AU,Melbourne,6.33,Chest,New School,4,1,7,6,0.7,68.5
US,Chicago,45.9,Foot,Realism,1,1,3,3,0.7,140.86
IN,Pune,23.91,Finger,Tribal,4,1,3,4,1.0,135.75
US,Chicago,18.65,Upper arm,Tribal,6,0,1,3,0.8,101.21
AU,Sydney,22.11,Neck,Minimalist,9,0,1,6,1.7,270.87
UK,Birmingham,11.42,Neck,Minimalist,6,1,8,3,0.7,44.36
IN,Delhi,15.24,Chest,Minimalist,10,0,1,3,1.0,76.52
UK,London,94.04,Rib,Japanese,9,0,1,4,3.9,769.71
US,Chicago,27.51,Upper arm,Geometric,3,0,1,7,1.1,155.34
IN,Pune,20.61,Upper arm,Realism,6,1,2,2,0.8,101.5
IN,Bengaluru,58.95,Lower back,Neo Traditional,4,0,1,6,1.9,280.76
UK,Birmingham,5.63,Hand,Minimalist,3,1,8,8,0.7,57.2
AU,Sydney,5.04,Hand,Watercolor,8,0,1,7,0.8,148.99
IN,Mumbai,8.04,Forearm,Geometric,9,0,1,10,1.2,232.55
UK,Birmingham,6.96,Thigh,New School,3,0,1,5,0.6,67.64
IN,Mangaluru,48.51,Wrist,Watercolor,9,0,1,9,4.4,673.68
IN,Mangaluru,8.07,Thigh,Minimalist,4,1,2,6,0.7,72.18
UK,London,20.12,Neck,Traditional,7,0,1,10,1.9,328.13
AU,Sydney,20.97,Shoulder,Japanese,7,1,3,7,1.7,272.74
AU,Brisbane,22.57,Finger,Neo Traditional,9,0,1,10,2.5,240.46
US,Austin,10.88,Back,Realism,1,1,2,4,0.6,130.79
AU,Brisbane,5.57,Rib,Blackwork,4,0,1,8,0.7,99.07
UK,Manchester,40.88,Hand,Neo Traditional,6,1,3,4,1.7,263.3
IN,Bangalore,5.6,Rib,Blackwork,9,0,1,10,1.0,117.19
US,Austin,7.25,Chest,Neo Traditional,1,1,5,9,0.6,84.08
UK,Birmingham,7.72,Calf,Geometric,2,0,1,6,0.6,46.73
US,Austin,8.83,Chest,Neo Traditional,5,0,1,2,0.6,87.88
IN,Mangaluru,13.29,Rib,Japanese,6,1,3,10,1.5,291.71
UK,Manchester,6.58,Neck,Japanese,8,0,1,8,0.9,149.15
IN,Delhi,14.12,Foot,Japanese,9,1,6,2,0.8,167.17
UK,Manchester,28.49,Shoulder,Geometric,4,1,2,5,1.2,119.08
AU,Brisbane,18.26,Chest,Blackwork,4,0,1,6,0.9,119.9
IN,Pune,74.98,Shoulder,Geometric,4,0,1,2,1.1,118.77
AU,Brisbane,5.63,Neck,Traditional,1,0,1,10,0.6,75.54
UK,Manchester,41.82,Forearm,Watercolor,8,0,1,6,2.5,218.24
AU,Brisbane,1.66,Ankle,Geometric,5,1,3,9,0.6,55.71
UK,Birmingham,18.59,Finger,Geometric,7,1,5,9,1.9,219.27
IN,Mumbai,16.26,Forearm,Geometric,5,1,8,2,0.7,79.78
UK,Birmingham,4.43,Upper arm,Neo Traditional,6,0,1,2,0.6,70.81
US,Miami,23.87,Calf,Realism,6,1,8,5,1.4,259.85
US,Los Angeles,9.86,Foot,Geometric,2,1,7,4,0.6,73.51
IN,Bengaluru,30.36,Ankle,Japanese,6,1,5,2,0.9,142.55
UK,Manchester,17.38,Neck,Watercolor,9,0,1,7,1.6,298.59
AU,Brisbane,3.61,Foot,Watercolor,7,1,8,3,0.6,97.45
UK,Manchester,29.44,Forearm,Realism,6,0,1,5,1.4,238.45
UK,Edinburgh,37.35,Foot,Watercolor,10,0,1,7,3.1,384.12
UK,Edinburgh,38.33,Rib,Geometric,3,1,6,3,0.9,88.75
UK,Edinburgh,6.13,Behind ear,Japanese,3,1,5,6,0.6,82.94
IN,Delhi,27.78,Upper back,Japanese,3,0,1,3,0.7,114.97
AU,Melbourne,29.11,Behind ear,New School,4,1,6,4,1.1,134.51
IN,Mumbai,28.34,Upper arm,Geometric,3,1,7,9,1.4,289.33
IN,Mumbai,18.87,Neck,Realism,9,0,1,7,1.7,479.71
IN,Pune,14.02,Behind ear,Realism,5,0,1,1,0.6,75.19
UK,Edinburgh,25.26,Shoulder,Minimalist,8,1,6,8,2.4,125.03
US,Chicago,21.55,Forearm,Blackwork,9,1,6,1,0.7,91.3
AU,Brisbane,20.41,Foot,Neo Traditional,9,1,4,4,1.4,184.91
UK,London,15.73,Finger,Geometric,2,1,2,2,0.6,88.83
AU,Melbourne,5.64,Upper arm,New School,3,0,1,8,0.6,83.62
IN,Pune,9.57,Shoulder,Watercolor,8,0,1,4,0.8,66.24
IN,Bangalore,9.2,Back,Geometric,9,1,4,2,0.7,105.52
IN,Mumbai,18.6,Chest,Geometric,7,0,1,5,1.2,177.06
UK,Edinburgh,20.02,Calf,Watercolor,7,1,8,2,0.8,105.8
UK,Edinburgh,29.74,Upper back,Minimalist,2,0,1,9,1.0,63.37
IN,Mumbai,26.9,Back,Geometric,7,0,1,5,1.4,239.66
AU,Perth,13.33,Ankle,Tribal,8,1,7,9,1.7,169.45
UK,Manchester,36.33,Calf,Traditional,6,1,8,7,2.3,225.02
US,New York,7.51,Upper back,Blackwork,1,1,5,3,0.5,92.72
IN,Pune,6.63,Wrist,Japanese,1,1,5,5,0.5,73.57
IN,Delhi,6.45,Behind ear,Japanese,3,0,1,8,0.7,128.73
IN,Pune,2.08,Ankle,Neo Traditional,7,0,1,6,0.6,87.7
US,Miami,13.91,Calf,Japanese,3,1,4,8,0.9,138.72
IN,Bangalore,36.4,Chest,New School,7,1,5,2,1.1,134.44
UK,Manchester,4.74,Behind ear,Neo Traditional,9,0,1,7,0.8,87.82
IN,Mangaluru,65.15,Forearm,Traditional,2,0,1,8,1.5,211.9
US,Austin,31.94,Chest,Minimalist,4,0,1,6,1.3,103.69
AU,Brisbane,31.42,Wrist,New School,9,1,3,5,2.2,229.22
US,New York,21.11,Shoulder,Traditional,1,0,1,7,0.6,109.8
US,New York,19.52,Shoulder,Geometric,1,0,1,9,0.7,110.97
AU,Melbourne,7.81,Chest,Watercolor,9,1,4,6,1.0,119.9
AU,Sydney,10.37,Rib,New School,6,1,7,2,0.6,114.77
IN,Bangalore,5.97,Upper back,Realism,2,1,8,1,0.5,91.77
US,Austin,5.98,Ankle,Neo Traditional,3,0,1,1,0.5,62.75
IN,Bangalore,14.63,Upper back,Blackwork,9,0,1,2,0.8,126.19
AU,Melbourne,31.23,Ankle,Watercolor,9,1,2,6,2.5,376.51
UK,Edinburgh,13.67,Lower back,Geometric,3,0,1,1,0.5,54.4
AU,Brisbane,6.26,Chest,Traditional,7,0,1,2,0.6,53.71
US,Miami,18.51,Hand,Blackwork,6,0,1,5,1.1,126.29
AU,Melbourne,56.62,Forearm,Traditional,7,1,4,10,5.3,467.4
UK,Birmingham,22.16,Ankle,Geometric,2,0,1,8,0.9,90.47
AU,Perth,32.84,Foot,Japanese,4,0,1,8,1.6,208.58
UK,London,28.64,Ankle,Blackwork,4,0,1,1,0.6,86.38
IN,Bangalore,11.18,Finger,Japanese,4,0,1,2,0.6,131.22
US,Chicago,12.79,Thigh,Realism,4,1,8,10,1.1,200.22
IN,Bengaluru,6.25,Lower back,Watercolor,9,0,1,8,1.0,176.79
AU,Melbourne,3.95,Finger,Japanese,9,0,1,5,0.7,135.32
IN,Pune,2.86,Shoulder,Blackwork,8,0,1,9,0.7,67.69
UK,London,6.53,Lower back,Traditional,8,0,1,7,0.9,125.53
AU,Perth,32.14,Shoulder,Minimalist,5,1,5,7,1.9,161.33
AU,Sydney,3.55,Upper arm,Neo Traditional,5,0,1,7,0.6,66.63
IN,Bengaluru,10.62,Upper arm,Japanese,4,0,1,7,0.8,134.75
UK,Edinburgh,16.54,Back,Geometric,10,0,1,7,1.7,158.71
US,New York,37.02,Back,Blackwork,3,0,1,10,1.6,325.73
AU,Sydney,9.03,Wrist,Watercolor,4,0,1,5,0.7,99.27
UK,London,8.16,Finger,Realism,3,1,6,8,0.7,109.12
UK,London,17.95,Chest,Realism,7,1,6,3,1.0,194.41
UK,London,9.29,Lower back,Japanese,6,1,8,4,0.8,141.86
AU,Brisbane,3.65,Chest,Geometric,9,0,1,6,0.7,63.0
IN,Delhi,9.64,Upper arm,Geometric,4,0,1,3,0.6,75.96
IN,Mumbai,9.01,Chest,New School,7,0,1,10,1.1,194.45
AU,Melbourne,7.75,Calf,Minimalist,8,0,1,2,0.6,55.13
AU,Melbourne,13.73,Upper arm,Watercolor,9,0,1,7,1.4,207.3
AU,Melbourne,71.99,Forearm,Blackwork,10,0,1,3,2.7,321.18
US,New York,8.9,Upper back,Realism,6,1,5,3,0.7,153.38
AU,Melbourne,10.99,Lower back,Watercolor,8,1,6,7,1.2,177.09
AU,Perth,21.87,Wrist,Watercolor,4,0,1,6,1.0,140.1
UK,Edinburgh,27.76,Shoulder,New School,8,1,5,6,2.1,250.78
US,Miami,18.97,Wrist,Tribal,6,0,1,8,1.4,158.74
US,Miami,11.6,Calf,Minimalist,7,0,1,9,1.2,114.47
AU,Melbourne,18.75,Hand,Traditional,1,0,1,2,0.5,74.31
US,Los Angeles,39.21,Neck,Blackwork,1,0,1,3,0.6,93.58
UK,London,6.6,Upper arm,Neo Traditional,1,1,3,8,0.6,55.33
AU,Brisbane,15.66,Thigh,Geometric,6,1,2,2,0.7,64.66
US,New York,28.56,Upper back,Watercolor,8,0,1,3,1.2,284.99
AU,Sydney,26.23,Shoulder,Tribal,2,1,6,8,1.0,123.0
IN,Pune,12.78,Lower back,Neo Traditional,4,0,1,1,0.6,79.16
US,Chicago,14.17,Wrist,Realism,2,0,1,2,0.6,80.88
AU,Melbourne,27.39,Ankle,Tribal,9,0,1,6,2.0,210.88
AU,Perth,10.8,Upper arm,Japanese,2,0,1,1,0.5,62.66
UK,Edinburgh,28.82,Upper back,Japanese,4,1,3,5,1.2,144.69
AU,Melbourne,32.89,Calf,New School,5,0,1,2,0.8,98.25
IN,Delhi,5.49,Upper arm,Geometric,1,0,1,10,0.6,103.85
IN,Delhi,32.32,Chest,Blackwork,1,1,5,7,0.8,121.66
UK,Birmingham,8.34,Wrist,New School,3,0,1,9,0.7,74.06
UK,Manchester,6.44,Shoulder,Japanese,10,1,8,9,1.2,206.57
UK,Edinburgh,13.51,Rib,New School,6,0,1,6,1.0,117.82
AU,Melbourne,6.88,Wrist,Neo Traditional,6,1,6,1,0.5,69.87
UK,Manchester,15.76,Forearm,Japanese,1,0,1,1,0.5,63.15
US,Austin,12.52,Behind ear,Traditional,2,1,6,1,0.5,46.4
AU,Perth,7.62,Chest,Blackwork,4,1,3,6,0.7,79.99
US,Miami,9.91,Forearm,Japanese,2,0,1,10,0.7,110.93
UK,Birmingham,22.88,Finger,Tribal,8,0,1,2,0.9,62.27
US,Austin,46.04,Finger,Watercolor,7,1,8,10,4.4,657.63
US,Austin,15.63,Rib,Watercolor,6,1,3,3,0.8,158.32
IN,Bengaluru,12.55,Rib,Traditional,4,0,1,3,0.7,103.96
AU,Brisbane,7.63,Behind ear,Traditional,7,1,5,8,1.0,113.93
IN,Bengaluru,25.22,Lower back,Realism,4,1,7,1,0.6,99.31
US,Miami,5.58,Calf,Traditional,10,0,1,3,0.7,100.42
AU,Brisbane,13.36,Rib,Geometric,7,0,1,3,0.8,94.29
IN,Bangalore,7.09,Upper back,Minimalist,3,0,1,6,0.6,58.29
UK,Manchester,15.05,Thigh,Tribal,1,0,1,2,0.5,55.16
AU,Melbourne,5.23,Wrist,Neo Traditional,7,1,4,9,0.9,98.12
AU,Brisbane,5.55,Upper arm,Realism,9,1,4,2,0.6,102.34
AU,Perth,14.08,Behind ear,Minimalist,5,0,1,1,0.6,56.81
AU,Brisbane,10.36,Rib,Geometric,6,1,8,8,1.1,160.87
US,Los Angeles,9.42,Rib,Realism,4,0,1,10,0.9,236.82
AU,Melbourne,9.27,Finger,Realism,7,0,1,7,1.0,178.25
UK,Birmingham,7.31,Chest,Watercolor,2,1,3,4,0.6,54.06
UK,London,9.29,Finger,Japanese,3,0,1,2,0.6,137.16
AU,Brisbane,8.09,Foot,Blackwork,5,0,1,6,0.7,65.96
IN,Delhi,5.43,Shoulder,Traditional,1,0,1,6,0.5,78.06
IN,Pune,10.03,Thigh,Neo Traditional,3,1,6,2,0.6,64.59
AU,Perth,7.41,Finger,Geometric,7,0,1,10,1.0,109.84
IN,Delhi,7.07,Hand,Tribal,10,1,4,1,0.6,77.93
IN,Mumbai,19.03,Back,Neo Traditional,2,1,5,7,0.8,137.62
UK,Manchester,12.5,Finger,Watercolor,6,0,1,7,1.0,150.23
UK,Manchester,1.88,Wrist,Realism,3,0,1,3,0.5,42.46
IN,Mangaluru,8.99,Back,Blackwork,9,1,4,9,1.4,183.53
UK,Manchester,31.36,Upper arm,Neo Traditional,7,1,3,9,2.9,328.33
IN,Pune,4.48,Upper back,Minimalist,6,1,2,7,0.7,48.79
US,Austin,30.31,Neck,Watercolor,4,1,4,5,1.2,255.3
UK,London,5.62,Behind ear,Neo Traditional,10,1,5,3,0.7,96.11
IN,Mangaluru,6.52,Back,Geometric,8,1,4,9,1.1,128.41
US,Austin,44.04,Upper arm,Watercolor,1,0,1,2,0.6,87.88
IN,Mumbai,1.94,Ankle,Geometric,2,0,1,7,0.5,67.46
AU,Brisbane,4.25,Shoulder,Neo Traditional,6,0,1,10,0.8,89.62
UK,Manchester,9.09,Hand,Tribal,5,0,1,5,0.7,72.24
US,Miami,6.83,Rib,Realism,8,1,3,8,1.0,227.14
AU,Brisbane,3.55,Behind ear,Traditional,9,1,5,2,0.6,61.65
UK,Edinburgh,3.86,Calf,Japanese,8,1,2,9,0.8,89.99
IN,Bangalore,6.53,Calf,New School,2,1,8,8,0.6,84.72
US,Los Angeles,5.61,Rib,Japanese,2,1,4,7,0.6,171.23
UK,Edinburgh,8.67,Foot,Watercolor,1,0,1,2,0.5,55.31
UK,Manchester,5.8,Finger,Blackwork,2,1,2,1,0.5,61.78
AU,Sydney,35.19,Forearm,Japanese,4,1,5,2,0.8,118.21
UK,Edinburgh,103.79,Back,Tribal,9,0,1,5,5.2,508.24
AU,Brisbane,58.13,Neck,Traditional,1,1,8,2,0.6,81.55
IN,Pune,8.6,Rib,Tribal,1,0,1,10,0.6,87.16
US,Los Angeles,2.86,Hand,New School,1,1,2,8,0.5,108.1
IN,Pune,6.42,Upper back,Blackwork,7,0,1,10,0.9,73.85
US,New York,31.66,Hand,Blackwork,5,0,1,6,1.4,254.11
IN,Mangaluru,37.14,Neck,Geometric,8,1,8,6,2.6,505.11
IN,Bengaluru,7.81,Neck,Realism,10,1,6,6,1.1,279.72
US,Chicago,7.82,Upper back,Geometric,7,0,1,6,0.8,136.33
UK,Birmingham,4.91,Rib,Watercolor,9,1,3,10,1.0,145.09
US,Chicago,7.22,Calf,Japanese,10,1,2,9,1.3,187.91
IN,Bangalore,3.67,Behind ear,Realism,4,0,1,4,0.6,109.62
UK,London,6.01,Upper back,Minimalist,10,1,8,1,0.6,35.24
IN,Bengaluru,5.41,Finger,New School,2,1,2,10,0.6,110.25
IN,Delhi,1.35,Forearm,Watercolor,8,1,4,2,0.5,85.38
AU,Perth,11.89,Thigh,Watercolor,7,0,1,1,0.6,76.03
UK,Manchester,14.09,Behind ear,Tribal,4,0,1,4,0.7,72.83
US,Austin,20.85,Rib,Realism,8,0,1,2,0.8,210.93
UK,London,9.96,Neck,Neo Traditional,3,1,7,2,0.6,140.82
IN,Delhi,12.44,Rib,Geometric,4,1,3,6,0.9,176.43
IN,Mumbai,3.48,Chest,Tribal,8,0,1,7,0.7,107.43
UK,Manchester,66.01,Finger,Watercolor,4,0,1,5,1.8,273.98
UK,London,13.17,Foot,Realism,5,0,1,3,0.7,123.27
US,Austin,18.4,Foot,Traditional,5,0,1,9,1.3,125.1
US,New York,4.79,Behind ear,Geometric,1,0,1,10,0.5,88.94
AU,Sydney,11.31,Hand,Traditional,6,0,1,8,1.0,135.36
IN,Bengaluru,13.56,Forearm,Realism,7,0,1,7,1.2,230.32
UK,Manchester,15.9,Upper back,Neo Traditional,7,0,1,2,0.7,75.8
US,Los Angeles,9.08,Hand,Geometric,3,1,4,1,0.5,82.63
UK,Manchester,61.08,Behind ear,Geometric,2,0,1,10,1.7,196.42
US,Miami,19.16,Forearm,Minimalist,2,0,1,5,0.7,70.23
UK,Birmingham,6.25,Upper back,Minimalist,3,0,1,9,0.7,48.72
US,Los Angeles,9.98,Behind ear,Blackwork,8,1,7,10,1.5,317.68
UK,Edinburgh,14.8,Chest,Watercolor,10,1,5,5,1.4,110.14
AU,Melbourne,8.02,Behind ear,Tribal,10,1,2,6,1.1,127.83
IN,Mumbai,22.26,Rib,Realism,2,0,1,7,0.8,226.69
AU,Brisbane,10.01,Finger,Minimalist,9,0,1,1,0.6,59.03
US,Chicago,22.47,Neck,Realism,6,1,4,10,2.1,569.78
AU,Brisbane,45.36,Rib,Tribal,8,1,4,3,1.8,244.19
AU,Melbourne,82.48,Shoulder,Blackwork,7,1,3,8,6.0,753.12
US,Austin,40.39,Chest,Japanese,9,1,6,4,2.2,332.18
US,New York,8.24,Back,Japanese,10,1,7,9,1.4,354.12
US,Los Angeles,5.54,Shoulder,Neo Traditional,2,0,1,9,0.6,103.8
IN,Delhi,31.25,Ankle,Realism,2,0,1,1,0.6,107.61
AU,Perth,43.24,Hand,Geometric,3,1,8,2,0.8,81.84
AU,Brisbane,34.2,Neck,Geometric,8,1,5,8,3.1,381.15
IN,Delhi,9.77,Rib,Realism,10,0,1,7,1.2,253.62
IN,Pune,43.76,Neck,Tribal,4,0,1,10,2.3,376.98
US,New York,6.8,Upper arm,Realism,3,1,7,10,0.7,208.26
US,Los Angeles,6.38,Ankle,Geometric,1,1,3,8,0.6,105.66
IN,Mangaluru,5.7,Chest,Realism,2,1,8,9,0.6,99.54
AU,Melbourne,4.53,Finger,Blackwork,6,1,6,3,0.6,80.46
IN,Mangaluru,25.69,Thigh,Minimalist,10,0,1,10,3.1,265.12
US,Austin,16.26,Chest,Japanese,2,1,4,5,0.7,111.42
AU,Perth,6.75,Rib,Traditional,5,0,1,7,0.7,92.54
UK,Birmingham,13.45,Upper back,Blackwork,7,1,3,8,1.4,136.32
IN,Bengaluru,22.63,Ankle,Blackwork,5,0,1,5,1.1,163.58
AU,Perth,19.89,Neck,Minimalist,9,0,1,5,1.4,135.17
US,Austin,24.55,Hand,Blackwork,8,1,6,7,2.1,283.58
IN,Bangalore,22.44,Thigh,Traditional,4,0,1,5,0.9,129.95
US,Los Angeles,4.53,Calf,Neo Traditional,10,0,1,5,0.7,108.09
IN,Pune,12.06,Chest,Japanese,1,1,4,7,0.6,89.44
AU,Brisbane,8.93,Upper arm,Tribal,4,0,1,8,0.8,75.57
UK,Birmingham,9.11,Shoulder,Realism,9,1,2,10,1.5,181.34
IN,Delhi,12.98,Forearm,Minimalist,9,1,2,5,1.2,119.72
AU,Perth,10.33,Behind ear,Japanese,8,1,2,3,0.8,123.53
AU,Sydney,5.06,Thigh,Japanese,10,1,4,6,0.9,178.83
US,Austin,5.88,Chest,Tribal,8,1,5,9,1.0,89.89
IN,Delhi,19.62,Finger,Neo Traditional,6,1,3,5,1.2,178.31
AU,Sydney,3.87,Lower back,New School,10,1,2,6,0.8,102.88
IN,Mangaluru,32.13,Ankle,Tribal,3,0,1,9,1.4,147.79
US,Miami,10.38,Thigh,New School,3,0,1,9,0.8,119.21
AU,Perth,30.47,Lower back,Neo Traditional,4,0,1,9,1.6,167.92
IN,Mangaluru,8.98,Finger,Japanese,10,1,3,4,0.9,145.15
AU,Perth,10.03,Hand,Geometric,7,1,7,10,1.3,121.72
UK,London,14.56,Behind ear,Watercolor,6,1,3,7,1.2,216.86
AU,Brisbane,20.27,Foot,Geometric,7,0,1,2,0.8,65.9
UK,Birmingham,12.56,Rib,Watercolor,8,0,1,3,0.8,131.53
UK,Birmingham,30.8,Foot,Japanese,1,1,8,10,0.9,101.51
US,Los Angeles,35.53,Foot,New School,4,1,7,4,1.2,212.75
UK,Birmingham,23.01,Wrist,Japanese,2,0,1,9,0.9,117.12
US,Los Angeles,20.09,Lower back,Traditional,10,0,1,7,1.9,281.13
IN,Pune,7.88,Neck,Minimalist,5,1,5,1,0.5,66.7
US,Los Angeles,30.48,Upper back,New School,2,0,1,4,0.7,115.87
US,Chicago,26.82,Hand,Minimalist,7,0,1,9,2.2,226.37
US,Austin,8.27,Forearm,Traditional,2,0,1,2,0.5,47.03
IN,Mangaluru,4.21,Finger,Realism,5,1,4,10,0.8,149.1
US,Austin,51.97,Back,Tribal,3,0,1,5,1.3,149.21
US,Miami,15.22,Behind ear,New School,7,1,2,5,1.1,146.3
UK,London,11.12,Thigh,Neo Traditional,1,1,8,5,0.6,87.33
UK,Edinburgh,20.91,Lower back,Watercolor,3,0,1,4,0.8,89.7
UK,Manchester,5.61,Hand,Blackwork,8,1,4,1,0.6,71.31
US,Austin,37.1,Calf,Realism,4,1,6,10,2.3,398.07
AU,Perth,12.83,Wrist,New School,9,0,1,1,0.6,53.45
IN,Pune,11.56,Calf,New School,8,0,1,7,1.1,168.89
US,New York,12.85,Wrist,New School,9,1,4,5,1.2,195.52
IN,Bengaluru,14.8,Chest,Minimalist,6,0,1,9,1.3,107.44
AU,Perth,7.09,Forearm,Japanese,1,1,4,3,0.5,52.96
US,Los Angeles,8.86,Finger,Tribal,8,0,1,3,0.7,126.97
AU,Brisbane,6.3,Foot,Traditional,7,1,8,4,0.7,83.16
US,Austin,7.66,Neck,Japanese,5,1,7,8,0.9,186.53
AU,Sydney,23.06,Upper back,New School,7,0,1,9,2.0,202.48
IN,Pune,9.43,Thigh,Blackwork,2,0,1,4,0.6,69.23
US,Los Angeles,6.46,Rib,Watercolor,2,0,1,5,0.6,156.6
AU,Melbourne,11.46,Finger,Neo Traditional,8,0,1,5,1.0,139.41
US,Los Angeles,15.2,Wrist,Minimalist,2,0,1,1,0.5,56.07
AU,Brisbane,15.63,Rib,Blackwork,7,0,1,1,0.6,89.34
IN,Delhi,14.04,Thigh,New School,3,0,1,4,0.7,71.06
US,Austin,6.64,Calf,Watercolor,1,1,5,10,0.6,76.52
UK,London,13.89,Forearm,Minimalist,2,0,1,2,0.6,76.58
US,Austin,24.18,Lower back,New School,2,0,1,8,0.9,125.13
US,Austin,44.94,Foot,Geometric,7,1,3,4,2.0,264.58
US,Chicago,11.32,Upper back,Geometric,9,0,1,9,1.4,160.19
US,Miami,22.37,Foot,Blackwork,4,1,2,9,1.5,189.33
UK,Manchester,7.89,Lower back,New School,4,1,7,6,0.7,65.47
AU,Perth,16.95,Back,Japanese,10,0,1,5,1.3,180.29
UK,Birmingham,13.04,Lower back,Japanese,2,0,1,10,0.8,111.04
AU,Melbourne,71.43,Forearm,New School,1,1,3,4,0.8,109.17
AU,Melbourne,9.18,Calf,Geometric,7,1,2,7,1.0,137.34
US,Austin,12.14,Back,Neo Traditional,10,1,7,3,0.9,125.8
UK,Edinburgh,18.3,Foot,Geometric,6,1,2,2,0.8,72.44
US,Miami,3.08,Upper arm,Traditional,3,1,3,6,0.6,63.93
AU,Brisbane,6.65,Upper arm,Traditional,1,1,6,7,0.6,62.53
AU,Brisbane,18.76,Ankle,Neo Traditional,10,0,1,7,1.8,202.56
US,Miami,5.51,Upper back,New School,3,0,1,5,0.6,98.51
AU,Brisbane,4.89,Rib,Watercolor,6,0,1,4,0.6,100.82
IN,Bengaluru,10.18,Behind ear,Japanese,4,0,1,9,0.9,179.44
IN,Mumbai,28.99,Thigh,Traditional,3,0,1,8,1.2,136.04
AU,Brisbane,41.53,Calf,Japanese,4,1,4,6,1.7,236.78
IN,Mangaluru,4.94,Thigh,Japanese,3,0,1,1,0.5,93.3
IN,Bengaluru,3.07,Neck,Watercolor,10,1,2,6,0.7,135.72
UK,Manchester,25.78,Upper arm,Tribal,3,0,1,10,1.3,104.29
US,Austin,13.86,Hand,Watercolor,8,1,5,10,1.8,266.13
US,Austin,17.79,Upper arm,Blackwork,3,1,7,3,0.7,76.5
AU,Perth,13.52,Neck,Realism,7,0,1,5,1.0,154.62
US,Chicago,57.9,Shoulder,Tribal,2,1,3,3,0.9,124.61
UK,Birmingham,2.53,Lower back,Geometric,9,0,1,4,0.6,52.14
UK,Edinburgh,4.84,Shoulder,Tribal,9,1,7,7,0.9,69.16
US,Chicago,8.79,Forearm,New School,6,0,1,7,0.9,93.96
AU,Brisbane,14.61,Chest,Neo Traditional,2,0,1,6,0.7,79.12
US,New York,5.62,Rib,Blackwork,1,1,7,8,0.6,167.75
IN,Mangaluru,53.9,Forearm,Neo Traditional,6,0,1,2,1.1,172.65
AU,Brisbane,8.0,Back,Tribal,6,0,1,6,0.8,87.54
IN,Bangalore,11.02,Upper arm,Realism,10,1,2,10,1.8,293.19
AU,Brisbane,9.73,Upper back,Tribal,6,1,2,3,0.7,67.24
US,Los Angeles,144.62,Upper back,Japanese,9,1,4,5,8.3,1269.45
UK,London,24.8,Finger,Blackwork,4,1,7,8,1.5,229.6
IN,Bengaluru,4.04,Back,Neo Traditional,10,0,1,7,0.8,151.37
IN,Mangaluru,8.8,Lower back,Blackwork,6,1,5,5,0.8,91.04
AU,Brisbane,13.69,Foot,Realism,10,1,8,3,1.0,161.54
IN,Mangaluru,5.92,Upper back,Japanese,10,1,2,3,0.7,127.59
US,Miami,4.06,Thigh,Blackwork,8,0,1,4,0.6,50.53
UK,Edinburgh,3.03,Behind ear,Minimalist,2,0,1,4,0.5,29.64
IN,Pune,17.99,Foot,Realism,1,1,4,3,0.6,109.17
UK,Manchester,3.25,Finger,Tribal,1,1,4,9,0.5,50.32
US,Miami,18.54,Shoulder,Traditional,3,0,1,2,0.6,88.15
AU,Perth,18.78,Chest,Blackwork,10,1,4,5,1.6,197.14
IN,Mangaluru,11.11,Shoulder,Minimalist,6,0,1,10,1.2,128.15
US,Austin,6.99,Upper back,Watercolor,5,1,2,1,0.5,55.09
US,Austin,20.32,Finger,Neo Traditional,3,1,8,10,1.2,167.7
AU,Brisbane,27.97,Thigh,Watercolor,5,0,1,10,1.9,263.99
UK,London,5.51,Hand,Realism,8,1,6,5,0.8,196.66
US,New York,16.12,Ankle,Realism,1,0,1,5,0.6,117.9
UK,Edinburgh,17.17,Rib,Japanese,8,1,4,7,1.7,243.0
IN,Bengaluru,29.38,Ankle,New School,6,0,1,10,2.3,339.94
UK,Manchester,8.39,Forearm,Tribal,9,0,1,8,1.1,74.83
US,Los Angeles,15.62,Forearm,Tribal,6,1,7,5,1.1,117.53
UK,Manchester,21.67,Foot,Minimalist,5,0,1,8,1.4,78.6
US,Chicago,2.59,Rib,Watercolor,9,1,5,10,0.8,143.71
US,New York,23.65,Upper back,Watercolor,4,1,5,4,1.0,221.99
AU,Sydney,8.87,Rib,Geometric,7,0,1,7,0.9,122.42
UK,Birmingham,5.63,Ankle,Traditional,6,1,2,6,0.7,53.76
US,Austin,2.93,Foot,Blackwork,8,1,2,10,0.8,101.75
AU,Perth,3.3,Neck,Minimalist,8,1,3,7,0.7,72.92
US,Miami,20.86,Forearm,Japanese,10,1,6,4,1.5,264.09
US,Chicago,26.77,Foot,Blackwork,2,0,1,9,1.0,110.27
AU,Brisbane,20.13,Rib,Japanese,7,0,1,10,1.9,412.12
UK,Birmingham,2.19,Lower back,Blackwork,3,1,5,6,0.5,45.16
UK,Manchester,54.26,Thigh,Geometric,2,1,3,10,1.8,206.73
IN,Bengaluru,23.97,Ankle,Japanese,6,1,8,5,1.4,260.73
AU,Melbourne,20.44,Lower back,New School,4,0,1,1,0.6,77.71
AU,Melbourne,11.72,Upper back,Tribal,5,0,1,4,0.7,71.76
AU,Sydney,20.59,Foot,Blackwork,8,1,3,6,1.7,241.44
UK,London,8.18,Forearm,Neo Traditional,1,1,4,8,0.6,88.13
UK,Manchester,17.06,Behind ear,Traditional,4,0,1,8,1.0,80.37
IN,Pune,16.72,Chest,Geometric,6,0,1,9,1.4,137.81
US,Miami,27.67,Wrist,Blackwork,10,1,4,3,1.5,184.34
IN,Mumbai,3.21,Hand,Watercolor,1,0,1,10,0.5,99.2
US,Austin,18.01,Rib,Realism,4,0,1,4,0.8,139.02
US,Miami,20.62,Upper arm,Minimalist,1,0,1,8,0.7,66.5
UK,London,23.75,Lower back,Neo Traditional,10,0,1,3,1.2,125.15
IN,Bengaluru,8.72,Rib,Minimalist,6,1,7,8,1.0,135.07
US,Los Angeles,4.88,Calf,Neo Traditional,5,0,1,4,0.6,108.99
US,Los Angeles,8.25,Rib,Japanese,9,0,1,2,0.6,177.52
UK,Edinburgh,59.04,Thigh,New School,7,0,1,7,3.4,381.4
US,Chicago,17.09,Calf,Japanese,3,1,7,9,1.1,107.9
UK,Manchester,2.77,Behind ear,Japanese,2,0,1,4,0.5,53.48
UK,Edinburgh,12.04,Foot,Japanese,1,1,8,3,0.5,59.62
IN,Mumbai,8.36,Rib,Watercolor,3,0,1,4,0.6,127.78
US,New York,5.92,Thigh,Neo Traditional,5,1,8,2,0.6,96.1
UK,Edinburgh,41.22,Upper arm,Japanese,7,0,1,7,2.5,244.87
UK,London,13.57,Behind ear,New School,10,1,5,10,2.1,267.17
IN,Bengaluru,21.13,Thigh,Neo Traditional,5,0,1,10,1.6,234.3
IN,Mangaluru,5.99,Back,Japanese,4,1,7,2,0.6,118.79
UK,Edinburgh,16.92,Calf,Japanese,2,0,1,9,0.8,95.14
IN,Mumbai,24.49,Upper arm,Minimalist,4,1,5,2,0.7,63.69
UK,Birmingham,5.91,Lower back,Realism,7,1,6,3,0.6,70.98
IN,Bengaluru,44.84,Upper back,Traditional,6,0,1,10,3.2,299.88
IN,Delhi,10.02,Finger,Japanese,10,0,1,9,1.4,283.61
US,Chicago,48.65,Hand,Minimalist,4,1,2,5,1.7,171.31
US,New York,13.17,Rib,New School,5,0,1,6,0.9,205.84
AU,Brisbane,12.92,Wrist,Geometric,3,0,1,2,0.6,63.99
IN,Bangalore,23.27,Finger,Geometric,9,0,1,9,2.4,327.2
AU,Melbourne,4.75,Chest,Neo Traditional,7,0,1,3,0.6,98.99
IN,Pune,7.74,Chest,Watercolor,6,1,8,9,1.0,152.8
AU,Sydney,33.45,Shoulder,Traditional,2,1,3,2,0.7,92.67
AU,Melbourne,10.65,Rib,Realism,10,1,7,10,1.8,269.09
AU,Perth,6.58,Hand,Geometric,9,1,7,2,0.6,84.84
AU,Perth,7.46,Neck,Japanese,6,0,1,6,0.8,159.8
UK,Manchester,13.66,Neck,Blackwork,10,0,1,9,1.7,230.73
US,Los Angeles,9.76,Rib,Blackwork,10,0,1,1,0.6,143.39
UK,Birmingham,10.25,Chest,Geometric,2,1,2,7,0.7,70.26
US,Chicago,9.57,Finger,Traditional,6,0,1,5,0.8,106.89
US,Chicago,6.78,Finger,Neo Traditional,8,1,4,2,0.6,85.49
AU,Sydney,38.61,Back,Watercolor,8,1,2,3,1.6,247.12
IN,Bangalore,4.77,Lower back,Watercolor,2,1,2,10,0.6,129.19
US,Miami,23.72,Calf,Realism,1,0,1,3,0.6,121.72
AU,Perth,9.11,Finger,Geometric,7,1,4,7,1.0,130.47
AU,Perth,4.12,Back,Watercolor,5,1,8,10,0.7,105.26
AU,Perth,29.28,Back,Neo Traditional,10,0,1,5,2.0,278.03
AU,Perth,19.69,Wrist,Japanese,1,1,6,7,0.7,91.27
US,Austin,13.36,Hand,Realism,5,0,1,10,1.2,228.48
US,Miami,2.43,Finger,Minimalist,6,0,1,2,0.5,30.37
US,Los Angeles,49.35,Upper arm,Geometric,9,0,1,8,4.1,594.39
AU,Sydney,6.85,Chest,Minimalist,10,0,1,6,0.9,86.82
US,Chicago,10.89,Lower back,Tribal,10,1,2,7,1.4,199.85
IN,Pune,14.1,Upper arm,Blackwork,3,0,1,7,0.8,99.95
IN,Pune,4.78,Upper back,Japanese,9,0,1,5,0.7,100.18
IN,Pune,39.87,Hand,Realism,9,0,1,4,1.9,342.21
US,Miami,21.64,Upper back,New School,3,0,1,10,1.1,154.65
UK,Birmingham,19.05,Shoulder,Watercolor,10,1,5,8,2.3,145.11
UK,London,8.97,Thigh,Watercolor,1,0,1,3,0.5,89.27
US,Chicago,17.89,Ankle,Realism,9,1,3,4,1.3,196.97
AU,Brisbane,21.2,Hand,Japanese,2,0,1,9,0.9,174.52
US,Los Angeles,4.76,Wrist,Geometric,8,0,1,3,0.6,81.47
AU,Perth,13.76,Chest,New School,10,0,1,3,0.9,107.08
IN,Pune,8.8,Foot,Realism,10,1,2,9,1.4,223.4
AU,Melbourne,11.4,Forearm,New School,2,0,1,8,0.7,94.03
UK,Manchester,9.63,Finger,Geometric,3,1,5,10,0.8,88.64
US,Miami,18.32,Lower back,Watercolor,1,1,6,5,0.6,111.47
UK,Manchester,3.68,Foot,Minimalist,9,1,2,6,0.7,56.37
US,Austin,20.76,Finger,Watercolor,5,0,1,10,1.5,256.41
US,Austin,12.82,Hand,Geometric,4,1,8,1,0.6,72.24
AU,Brisbane,7.49,Lower back,Geometric,6,1,2,7,0.9,106.72
UK,London,8.41,Finger,Realism,5,1,7,3,0.7,154.59
US,Los Angeles,2.51,Hand,Japanese,1,0,1,7,0.5,136.72
IN,Bengaluru,21.72,Thigh,New School,7,1,4,5,1.4,210.96
UK,Birmingham,2.4,Thigh,Tribal,6,1,6,4,0.6,63.21
IN,Mumbai,12.53,Back,Traditional,10,1,2,6,1.4,266.17
US,Los Angeles,26.74,Foot,Minimalist,1,1,8,3,0.6,61.72
AU,Sydney,9.15,Shoulder,Minimalist,9,0,1,9,1.2,119.89
AU,Sydney,12.4,Calf,Japanese,5,1,5,2,0.6,106.48
UK,London,4.09,Chest,Blackwork,6,1,3,3,0.6,87.53
AU,Sydney,19.95,Wrist,Traditional,5,1,7,8,1.5,180.07
IN,Delhi,20.11,Shoulder,Geometric,8,1,8,2,0.9,129.63
UK,Manchester,27.55,Neck,Neo Traditional,4,0,1,10,1.6,255.99
IN,Pune,10.09,Lower back,Traditional,9,0,1,8,1.2,117.75
AU,Sydney,7.94,Hand,Geometric,2,1,3,4,0.6,96.76
UK,Manchester,9.79,Shoulder,Geometric,9,0,1,10,1.4,125.58
US,Los Angeles,15.01,Hand,Geometric,7,0,1,3,0.8,170.53
IN,Delhi,18.13,Forearm,Minimalist,7,1,7,5,1.3,112.24
AU,Sydney,12.33,Foot,Traditional,9,1,5,5,1.2,119.87
AU,Brisbane,12.41,Chest,Minimalist,1,1,5,10,0.6,52.78
IN,Mangaluru,1.9,Upper arm,Tribal,3,0,1,5,0.5,63.69
IN,Pune,1.0,Rib,Neo Traditional,7,0,1,1,0.5,71.51
AU,Melbourne,9.29,Thigh,Realism,1,0,1,6,0.6,114.21
UK,Edinburgh,3.65,Shoulder,Tribal,3,0,1,8,0.6,56.12
UK,Birmingham,2.29,Finger,Realism,4,0,1,10,0.6,77.18
US,Austin,6.0,Foot,Traditional,1,1,8,7,0.6,60.85
IN,Delhi,17.97,Chest,Blackwork,8,0,1,3,0.9,86.51
IN,Mumbai,18.28,Thigh,Minimalist,4,0,1,1,0.6,63.29
US,Miami,12.08,Rib,Realism,4,1,6,9,1.0,186.38
US,New York,20.69,Upper arm,Traditional,6,1,4,3,0.9,116.16
US,Los Angeles,2.8,Upper arm,Blackwork,7,0,1,1,0.5,75.94
IN,Mangaluru,5.19,Foot,Realism,9,0,1,10,1.0,232.02
US,Miami,9.27,Upper arm,New School,10,1,5,8,1.4,227.82
US,Miami,7.53,Foot,Tribal,1,0,1,8,0.6,62.73
AU,Perth,8.38,Rib,Japanese,8,0,1,6,0.9,154.14
IN,Bengaluru,6.03,Forearm,Blackwork,4,1,6,2,0.6,95.66
UK,London,1.06,Chest,Traditional,8,0,1,4,0.5,56.19
UK,Manchester,14.46,Behind ear,New School,5,1,5,3,0.8,106.63
AU,Perth,29.33,Upper back,Tribal,1,0,1,7,0.7,65.35
US,New York,2.64,Back,New School,5,1,6,5,0.6,120.46
IN,Bangalore,14.85,Back,Watercolor,10,1,4,2,0.9,197.12
IN,Bangalore,40.76,Calf,Traditional,6,0,1,2,1.0,147.87
US,Los Angeles,2.35,Behind ear,Minimalist,2,0,1,8,0.5,75.77
AU,Brisbane,15.44,Lower back,Tribal,7,0,1,2,0.7,73.38
US,Chicago,11.46,Lower back,Blackwork,9,1,6,3,0.9,112.16
IN,Mangaluru,18.45,Thigh,Geometric,3,1,5,5,0.8,85.61
IN,Delhi,12.6,Chest,Blackwork,7,0,1,9,1.3,223.96
AU,Melbourne,24.45,Forearm,Tribal,3,0,1,6,0.9,111.03
AU,Melbourne,23.41,Wrist,Blackwork,2,1,8,7,0.9,106.72
AU,Melbourne,4.09,Ankle,Watercolor,8,0,1,9,0.8,100.35
IN,Mumbai,15.63,Shoulder,Neo Traditional,5,0,1,10,1.3,164.46
US,Los Angeles,9.0,Finger,Blackwork,1,0,1,1,0.5,60.95
IN,Mumbai,12.63,Forearm,Tribal,6,0,1,3,0.7,110.66
IN,Delhi,14.12,Wrist,New School,2,0,1,2,0.6,102.05
IN,Mangaluru,12.81,Wrist,Watercolor,7,0,1,1,0.6,112.86
US,Los Angeles,10.2,Hand,Realism,8,0,1,5,0.9,214.05
UK,Edinburgh,11.98,Chest,Neo Traditional,8,0,1,6,1.1,115.67
IN,Pune,8.39,Wrist,Neo Traditional,9,1,7,8,1.2,136.34
UK,Edinburgh,6.57,Shoulder,Realism,2,0,1,6,0.6,98.32
UK,Manchester,24.36,Lower back,Minimalist,10,1,7,2,1.1,68.5
IN,Bangalore,27.9,Foot,Tribal,8,0,1,10,2.7,300.38
UK,Birmingham,15.92,Back,Neo Traditional,4,0,1,4,0.8,93.04
US,Chicago,20.84,Back,Minimalist,8,1,3,7,1.9,218.81
US,Austin,9.63,Shoulder,Watercolor,5,1,8,2,0.6,86.31
IN,Pune,4.77,Behind ear,Blackwork,7,0,1,7,0.7,59.53
IN,Bengaluru,15.09,Calf,Minimalist,2,1,7,6,0.7,60.62
AU,Perth,35.36,Hand,Geometric,5,1,7,3,1.1,103.62
US,Los Angeles,1.76,Wrist,Tribal,10,1,8,4,0.6,84.3
UK,Edinburgh,8.63,Lower back,New School,8,1,5,3,0.7,62.77
UK,Birmingham,43.97,Hand,Minimalist,7,0,1,2,1.1,71.08
UK,London,46.11,Finger,Blackwork,3,1,3,2,0.8,121.48
US,Austin,8.7,Behind ear,Geometric,9,1,5,4,0.9,101.61
AU,Perth,13.42,Foot,Japanese,7,1,8,7,1.3,156.7
AU,Brisbane,5.58,Hand,Japanese,10,0,1,4,0.7,95.36
UK,Edinburgh,67.76,Wrist,New School,5,0,1,1,0.8,95.82
IN,Mumbai,11.5,Finger,Minimalist,6,0,1,3,0.7,94.54
IN,Delhi,10.66,Chest,Realism,2,0,1,6,0.6,88.4
IN,Mumbai,8.95,Lower back,Neo Traditional,2,0,1,9,0.7,126.48
IN,Bangalore,7.71,Finger,New School,10,0,1,2,0.7,148.19
UK,Birmingham,37.29,Forearm,New School,6,1,8,8,2.6,309.39
IN,Pune,12.59,Ankle,Geometric,1,0,1,4,0.6,83.56
AU,Melbourne,15.82,Ankle,Tribal,5,0,1,1,0.6,51.3
UK,Edinburgh,17.88,Wrist,Minimalist,2,1,7,9,0.9,62.7
AU,Brisbane,9.44,Shoulder,Neo Traditional,7,0,1,5,0.8,80.36
AU,Perth,27.33,Lower back,Blackwork,8,1,8,2,1.0,89.12
US,Chicago,27.86,Back,Geometric,8,0,1,7,2.1,273.42
IN,Bengaluru,41.39,Forearm,Blackwork,6,1,4,8,2.9,389.18
UK,Edinburgh,2.32,Foot,Japanese,8,1,4,2,0.5,52.8
US,Miami,36.7,Upper arm,Watercolor,1,0,1,1,0.5,79.36
IN,Mangaluru,62.45,Ankle,Japanese,9,0,1,1,1.1,183.2
AU,Sydney,13.68,Ankle,Tribal,5,1,2,10,1.3,158.51
IN,Mangaluru,10.21,Rib,New School,8,0,1,3,0.7,125.78
UK,London,135.88,Upper back,Traditional,9,1,2,8,12.2,1601.6
UK,Manchester,6.04,Shoulder,Japanese,9,1,3,1,0.6,47.26
UK,Birmingham,21.52,Behind ear,Realism,10,1,2,7,2.3,404.87
IN,Mangaluru,10.14,Forearm,Watercolor,6,1,8,4,0.8,100.74
AU,Perth,15.35,Upper back,Realism,3,0,1,4,0.7,114.9
AU,Perth,28.18,Shoulder,Japanese,4,0,1,4,1.0,148.74
UK,Manchester,10.61,Finger,Japanese,8,1,3,1,0.6,77.33
IN,Mangaluru,16.98,Lower back,Minimalist,10,1,4,8,2.1,176.33
UK,London,5.41,Back,Blackwork,9,0,1,8,0.9,117.77
AU,Melbourne,13.11,Behind ear,Neo Traditional,2,1,5,8,0.8,117.62
AU,Sydney,34.14,Shoulder,New School,5,1,4,9,2.3,323.62
IN,Pune,17.17,Upper back,Japanese,9,0,1,7,1.6,190.56
UK,Edinburgh,21.86,Rib,Japanese,10,0,1,6,1.8,311.57
US,Austin,21.6,Upper arm,Tribal,9,0,1,3,1.1,164.46
IN,Bengaluru,9.92,Finger,Realism,6,0,1,3,0.7,108.12
AU,Perth,9.85,Chest,Neo Traditional,8,0,1,1,0.6,84.19
US,Miami,23.32,Thigh,Japanese,1,1,3,10,0.8,162.19
IN,Delhi,58.37,Behind ear,Traditional,8,1,2,7,4.4,395.17
US,Austin,11.11,Ankle,Neo Traditional,2,1,8,4,0.6,88.82
UK,Edinburgh,13.25,Upper arm,Traditional,8,1,2,8,1.5,137.99
UK,Birmingham,11.57,Rib,Blackwork,9,1,2,4,1.0,108.34
US,Miami,10.9,Wrist,Blackwork,7,0,1,1,0.6,74.16
AU,Brisbane,9.0,Upper back,Watercolor,9,0,1,7,1.1,125.67
US,Los Angeles,12.49,Finger,Realism,10,1,3,4,1.1,315.37
US,New York,4.74,Hand,Watercolor,2,1,4,8,0.6,135.77
UK,Manchester,11.82,Upper arm,Minimalist,4,0,1,6,0.8,69.0
AU,Sydney,5.94,Behind ear,Realism,9,1,7,5,0.8,158.29
IN,Pune,15.92,Upper arm,Geometric,5,0,1,7,1.1,154.48
US,Austin,3.04,Lower back,Tribal,8,1,3,4,0.6,68.19
UK,London,13.05,Forearm,Japanese,2,0,1,2,0.6,94.39
US,Chicago,12.02,Lower back,Realism,6,0,1,2,0.6,116.18
US,Los Angeles,12.17,Upper back,Traditional,8,1,6,7,1.3,167.77
US,Chicago,13.48,Thigh,Minimalist,6,0,1,4,0.8,73.92
UK,Edinburgh,4.39,Foot,Realism,1,0,1,10,0.5,57.78
UK,London,55.52,Calf,Neo Traditional,1,0,1,4,0.7,98.92
US,Austin,5.97,Thigh,Traditional,6,1,3,6,0.8,97.49
AU,Melbourne,12.5,Shoulder,New School,8,1,2,8,1.5,217.89
US,Los Angeles,5.16,Foot,New School,3,1,2,3,0.6,102.03
UK,Birmingham,79.15,Chest,Geometric,3,1,7,6,2.2,183.9
AU,Melbourne,9.37,Thigh,Watercolor,4,1,8,7,0.8,103.08
AU,Sydney,8.09,Thigh,Traditional,10,1,5,7,1.2,124.15
UK,London,4.04,Wrist,Traditional,4,0,1,5,0.6,67.29
IN,Delhi,9.39,Foot,Tribal,9,0,1,7,1.1,116.75
US,Los Angeles,21.14,Calf,Blackwork,7,1,3,1,0.7,96.75
UK,Edinburgh,13.1,Lower back,Traditional,4,0,1,4,0.7,59.16
AU,Brisbane,3.11,Back,New School,3,1,7,10,0.6,83.84
US,Miami,35.83,Foot,New School,7,0,1,9,2.8,446.26
UK,Birmingham,8.54,Thigh,Tribal,2,0,1,7,0.6,43.98
US,Los Angeles,27.86,Wrist,Geometric,2,1,6,9,1.1,159.05
IN,Delhi,23.07,Rib,Traditional,7,0,1,2,0.8,105.77
AU,Sydney,4.58,Lower back,Traditional,1,0,1,9,0.5,62.18
UK,Manchester,6.08,Shoulder,Watercolor,1,0,1,3,0.5,57.11
UK,London,23.08,Foot,Blackwork,1,1,3,1,0.5,57.58
UK,Manchester,93.78,Foot,Watercolor,4,0,1,3,1.6,200.89
IN,Bangalore,23.0,Rib,Tribal,1,1,8,7,0.7,128.8
AU,Sydney,14.69,Calf,Japanese,9,1,3,2,0.8,149.8
AU,Perth,4.86,Foot,Minimalist,4,1,8,6,0.6,49.35
UK,Edinburgh,18.91,Forearm,Japanese,5,1,8,7,1.3,203.44
US,Chicago,42.23,Back,Minimalist,4,0,1,1,0.7,51.8
IN,Pune,14.51,Rib,New School,8,1,4,4,1.1,167.32
AU,Perth,20.77,Shoulder,Neo Traditional,3,0,1,9,1.1,126.88
AU,Melbourne,20.42,Back,Tribal,6,0,1,10,1.7,209.65
US,Miami,5.85,Calf,Blackwork,1,1,5,5,0.5,83.14
AU,Brisbane,19.01,Ankle,Blackwork,8,1,7,3,1.0,99.24
US,Austin,27.76,Upper arm,Realism,3,1,6,1,0.6,94.0
UK,Manchester,55.7,Foot,New School,7,1,6,4,2.4,177.0
AU,Brisbane,13.23,Upper arm,Japanese,2,1,7,10,0.8,86.27
UK,Manchester,22.26,Neck,Traditional,4,1,7,8,1.4,157.7
US,Los Angeles,7.34,Hand,Geometric,10,1,7,9,1.3,261.36
UK,Birmingham,15.38,Wrist,Geometric,8,0,1,9,1.6,130.09
US,New York,12.49,Shoulder,Japanese,3,1,7,8,0.9,122.96
US,Miami,10.18,Lower back,Japanese,6,0,1,3,0.7,101.22
AU,Brisbane,35.04,Finger,Minimalist,4,1,6,10,2.2,196.53
IN,Bengaluru,19.69,Foot,Realism,10,0,1,2,0.9,190.68
IN,Delhi,6.77,Hand,Tribal,4,1,7,1,0.5,92.63
IN,Mumbai,11.46,Upper back,Blackwork,7,0,1,9,1.2,155.67
US,New York,47.24,Foot,Minimalist,3,1,7,6,1.5,156.08
IN,Bengaluru,9.58,Foot,Watercolor,4,0,1,10,0.9,155.55
IN,Delhi,4.14,Back,Tribal,2,1,3,4,0.5,64.78
US,Austin,3.71,Lower back,Watercolor,4,0,1,2,0.5,51.03
US,Los Angeles,4.71,Lower back,New School,10,1,5,5,0.8,135.85
US,Los Angeles,19.88,Shoulder,New School,1,0,1,3,0.6,74.71
AU,Sydney,33.18,Hand,Realism,7,1,2,5,1.9,353.38
UK,Edinburgh,6.61,Neck,Realism,6,0,1,4,0.7,152.05
US,Chicago,29.19,Forearm,Geometric,5,0,1,8,1.7,205.96
US,Los Angeles,15.04,Behind ear,Traditional,8,1,6,8,1.7,281.63
IN,Pune,19.29,Neck,Neo Traditional,3,1,4,3,0.7,116.16
IN,Bengaluru,29.68,Thigh,Neo Traditional,10,0,1,6,2.3,284.97
IN,Bengaluru,3.76,Ankle,Japanese,3,0,1,4,0.5,70.08
IN,Bangalore,19.24,Chest,Traditional,10,1,8,10,2.8,375.03
AU,Melbourne,23.53,Forearm,Geometric,8,0,1,10,2.4,337.48
IN,Bengaluru,3.62,Wrist,Neo Traditional,8,1,6,7,0.7,89.53
AU,Perth,29.16,Lower back,Traditional,1,1,2,9,0.8,75.75
IN,Mumbai,5.94,Thigh,Blackwork,8,0,1,4,0.7,89.84
AU,Perth,1.2,Shoulder,Neo Traditional,2,1,5,10,0.5,58.64
US,Austin,9.92,Finger,Geometric,3,0,1,7,0.7,108.29
UK,London,84.8,Back,Blackwork,3,0,1,5,1.8,228.66
IN,Bengaluru,15.59,Rib,Watercolor,1,1,2,10,0.7,156.8
AU,Melbourne,30.08,Wrist,Tribal,4,0,1,2,0.7,77.38
US,New York,11.89,Foot,Traditional,8,0,1,4,0.9,131.44
IN,Pune,33.09,Hand,Tribal,2,1,7,8,1.1,158.29
AU,Sydney,14.02,Back,Minimalist,9,1,2,7,1.6,140.88
IN,Delhi,14.28,Shoulder,Neo Traditional,5,1,7,9,1.3,192.39
AU,Perth,3.36,Wrist,Tribal,6,1,2,9,0.7,62.05
IN,Mumbai,4.62,Chest,Realism,9,1,7,9,0.9,188.3
UK,London,6.83,Calf,Watercolor,1,1,5,3,0.5,77.33
US,Chicago,7.24,Upper arm,Geometric,2,0,1,9,0.6,81.01
AU,Perth,72.19,Thigh,Neo Traditional,4,0,1,4,1.7,251.57
UK,London,3.78,Ankle,Traditional,4,1,4,5,0.6,79.42
UK,Birmingham,15.95,Wrist,Blackwork,6,1,3,3,0.8,80.06
IN,Delhi,27.11,Upper arm,Geometric,2,1,4,10,1.2,141.06
US,Chicago,10.73,Neck,Tribal,7,1,4,5,1.0,155.73
AU,Sydney,2.46,Thigh,Watercolor,4,0,1,10,0.6,91.73
UK,London,14.23,Upper back,Blackwork,7,1,4,10,1.7,261.17
UK,London,6.28,Ankle,Neo Traditional,1,1,7,5,0.5,54.67
AU,Brisbane,2.87,Ankle,Japanese,7,0,1,1,0.5,66.44
IN,Bangalore,7.02,Lower back,Minimalist,10,1,2,3,0.8,79.54
UK,Birmingham,39.25,Upper arm,New School,1,1,7,9,0.9,88.73
UK,Manchester,2.8,Rib,Blackwork,2,1,3,5,0.5,55.23
UK,Manchester,28.25,Lower back,Traditional,2,1,7,5,0.8,76.41
US,Los Angeles,12.71,Ankle,Japanese,10,0,1,9,1.6,282.11
US,New York,33.23,Calf,Blackwork,10,0,1,2,1.2,209.75
US,New York,19.83,Behind ear,Neo Traditional,2,1,3,10,1.0,164.96
AU,Melbourne,22.41,Upper arm,Realism,5,0,1,8,1.4,211.37
AU,Perth,10.53,Finger,Geometric,3,0,1,6,0.7,91.13
AU,Sydney,5.14,Rib,Japanese,4,1,7,4,0.6,134.99
AU,Brisbane,4.2,Forearm,Realism,6,0,1,4,0.6,59.99
US,New York,13.23,Neck,Minimalist,1,0,1,6,0.6,103.06
US,Miami,29.19,Neck,New School,9,0,1,8,2.6,408.07
UK,Edinburgh,3.91,Neck,Japanese,8,1,6,6,0.7,146.36
UK,London,14.33,Thigh,Realism,10,0,1,9,1.8,335.67
AU,Sydney,20.4,Ankle,Minimalist,9,1,2,2,0.9,72.91
US,Los Angeles,6.25,Chest,Watercolor,3,0,1,9,0.7,118.52
US,Miami,14.39,Rib,Neo Traditional,6,0,1,2,0.7,116.83
US,Los Angeles,10.34,Lower back,Watercolor,2,0,1,6,0.6,127.52
IN,Mumbai,19.48,Shoulder,Realism,5,1,4,9,1.6,286.91
UK,Edinburgh,30.78,Forearm,Tribal,6,1,2,1,0.7,62.68
IN,Bengaluru,12.52,Rib,Watercolor,9,1,7,3,0.9,154.3
IN,Mangaluru,33.37,Calf,Geometric,2,0,1,1,0.6,74.27
US,New York,3.8,Wrist,Traditional,3,0,1,8,0.6,84.31
UK,Birmingham,13.27,Lower back,Watercolor,3,0,1,6,0.7,69.03
IN,Bangalore,21.12,Back,Geometric,3,1,2,9,1.2,162.83
IN,Bangalore,1.52,Ankle,Watercolor,5,1,5,4,0.5,73.95
US,Chicago,6.97,Foot,Watercolor,4,0,1,8,0.7,93.57
US,Chicago,16.31,Lower back,Neo Traditional,6,0,1,5,1.0,187.54
AU,Melbourne,61.03,Thigh,Japanese,4,1,2,9,3.1,513.54
UK,London,26.6,Hand,Realism,6,0,1,10,2.1,548.82
AU,Sydney,10.77,Thigh,Realism,3,1,4,8,0.8,122.27
IN,Delhi,11.83,Wrist,New School,10,0,1,5,1.1,179.15
US,Austin,36.58,Wrist,Japanese,10,0,1,9,3.8,530.19
US,Los Angeles,16.63,Behind ear,New School,4,1,2,1,0.6,113.29
IN,Bengaluru,7.96,Finger,Minimalist,2,1,6,1,0.5,57.48
US,New York,1.5,Upper back,Neo Traditional,3,1,3,4,0.5,72.58
IN,Bengaluru,20.0,Ankle,Blackwork,5,0,1,1,0.6,55.46
IN,Mumbai,13.02,Behind ear,Watercolor,3,0,1,6,0.7,121.7
UK,Edinburgh,18.6,Hand,Traditional,2,1,7,7,0.8,83.0
UK,Edinburgh,8.77,Rib,Watercolor,7,1,4,4,0.8,137.21
AU,Brisbane,13.6,Hand,Japanese,8,0,1,9,1.5,221.17
IN,Bengaluru,2.11,Shoulder,New School,9,1,8,4,0.6,110.25
IN,Mumbai,13.91,Shoulder,Realism,8,0,1,9,1.5,237.21
US,Los Angeles,15.43,Upper arm,Realism,7,1,6,5,1.1,241.01
AU,Sydney,5.25,Foot,Minimalist,6,0,1,4,0.6,34.83
AU,Perth,7.78,Behind ear,Minimalist,3,0,1,6,0.6,55.5
AU,Sydney,5.25,Lower back,Traditional,10,1,7,1,0.6,46.36
IN,Delhi,7.86,Behind ear,Geometric,9,0,1,1,0.6,89.65
AU,Melbourne,38.74,Behind ear,Tribal,8,0,1,3,1.4,128.54
US,Chicago,4.87,Back,Minimalist,9,1,2,10,1.0,118.3
AU,Perth,16.3,Ankle,Watercolor,7,1,2,7,1.5,160.09
IN,Bengaluru,10.08,Wrist,Minimalist,4,0,1,1,0.5,51.94
IN,Bangalore,23.21,Neck,New School,8,1,3,7,2.1,407.77
US,Miami,7.67,Ankle,Tribal,4,1,7,1,0.5,59.92
US,Austin,7.49,Neck,Traditional,9,1,2,2,0.7,120.42
AU,Brisbane,8.74,Finger,Neo Traditional,5,0,1,9,0.9,128.96
US,Chicago,8.97,Upper back,Japanese,2,1,2,9,0.7,117.68
US,Austin,27.78,Neck,Tribal,1,0,1,1,0.5,84.86
UK,Edinburgh,28.33,Chest,Blackwork,5,0,1,9,1.8,173.3
UK,Birmingham,11.9,Wrist,Blackwork,6,1,4,2,0.7,68.76
IN,Bangalore,11.12,Foot,Watercolor,1,1,2,10,0.6,110.61
AU,Perth,61.22,Upper back,Watercolor,8,1,7,7,4.6,612.49
AU,Sydney,5.07,Calf,Tribal,2,0,1,10,0.6,53.47
UK,Birmingham,8.31,Upper arm,Watercolor,7,1,5,4,0.8,69.19
IN,Mumbai,10.59,Upper back,Tribal,4,1,7,2,0.6,80.1
IN,Mumbai,31.47,Foot,Blackwork,10,1,8,9,3.9,702.4
UK,Birmingham,12.11,Ankle,Minimalist,1,1,3,1,0.5,32.97
US,New York,11.45,Forearm,Watercolor,5,0,1,2,0.6,113.73
IN,Mangaluru,4.36,Forearm,Tribal,6,0,1,8,0.7,90.36
IN,Pune,10.83,Forearm,Japanese,9,1,4,10,1.7,175.08
IN,Pune,18.09,Shoulder,Japanese,5,0,1,7,1.1,161.64
UK,Manchester,15.67,Wrist,New School,5,0,1,4,0.8,76.12
IN,Bengaluru,7.12,Wrist,Japanese,9,0,1,7,0.9,179.45
AU,Sydney,20.65,Behind ear,Geometric,8,0,1,6,1.5,244.2
UK,Manchester,10.13,Wrist,Realism,1,0,1,6,0.6,90.72
AU,Sydney,5.76,Hand,Tribal,2,0,1,7,0.6,69.28
AU,Sydney,13.33,Lower back,Realism,7,0,1,7,1.2,237.62
AU,Perth,48.07,Behind ear,New School,9,0,1,9,4.4,515.07
UK,Birmingham,20.85,Foot,Blackwork,5,0,1,4,0.9,93.2
AU,Sydney,13.52,Finger,Realism,8,1,4,6,1.3,232.97
IN,Bangalore,6.33,Foot,Tribal,4,1,2,3,0.6,74.22
UK,London,9.43,Forearm,Traditional,3,1,3,6,0.7,90.84
IN,Pune,22.39,Hand,Geometric,2,0,1,6,0.8,81.5
AU,Melbourne,50.3,Hand,Blackwork,7,1,4,3,1.8,209.58
IN,Mumbai,10.58,Chest,Traditional,8,0,1,6,1.0,134.66
IN,Bangalore,6.34,Calf,Geometric,3,1,3,3,0.6,92.92
IN,Delhi,8.0,Ankle,Realism,8,0,1,10,1.1,238.23
UK,London,13.24,Upper arm,Geometric,2,0,1,4,0.6,82.94
UK,Edinburgh,3.42,Chest,Realism,4,1,4,10,0.7,92.52
AU,Melbourne,1.56,Back,Traditional,2,0,1,9,0.5,41.8
UK,Edinburgh,8.59,Hand,Minimalist,8,1,4,3,0.7,53.53
AU,Sydney,15.48,Foot,Realism,1,1,5,7,0.6,98.19
US,Los Angeles,9.38,Hand,Watercolor,5,1,2,3,0.7,165.1
US,Los Angeles,3.11,Ankle,Blackwork,3,0,1,8,0.6,88.92
UK,Edinburgh,24.9,Behind ear,Japanese,6,1,5,1,0.7,90.43
IN,Delhi,7.76,Upper back,Traditional,4,0,1,10,0.8,76.66
UK,London,16.68,Behind ear,Blackwork,5,1,4,9,1.4,198.5
UK,Birmingham,17.35,Hand,Minimalist,10,0,1,6,1.5,115.99
UK,Manchester,20.02,Upper arm,Minimalist,10,0,1,4,1.3,85.7
IN,Mumbai,2.68,Back,New School,1,0,1,7,0.5,98.81
IN,Mumbai,12.76,Wrist,Tribal,9,0,1,3,0.8,96.76
US,Chicago,6.08,Calf,Neo Traditional,9,0,1,2,0.6,92.97
IN,Bengaluru,13.06,Back,Japanese,5,1,4,6,1.0,160.63
US,New York,11.89,Calf,Tribal,10,1,3,1,0.6,80.74
IN,Mumbai,16.27,Chest,Japanese,1,1,8,2,0.5,97.57
UK,Edinburgh,14.18,Wrist,Neo Traditional,1,1,3,4,0.6,69.38
AU,Melbourne,27.05,Rib,Tribal,6,1,4,6,1.7,219.06
UK,Edinburgh,8.51,Shoulder,Blackwork,10,0,1,5,0.9,71.24
AU,Melbourne,14.4,Upper back,Tribal,5,1,7,1,0.6,59.35
UK,Birmingham,12.93,Forearm,New School,9,0,1,9,1.5,166.36
UK,Edinburgh,2.96,Lower back,Realism,8,0,1,1,0.5,69.63
US,Austin,15.35,Wrist,Blackwork,6,1,2,9,1.5,178.79
UK,London,14.11,Chest,Japanese,10,1,2,10,2.2,338.6
US,New York,15.39,Upper arm,Watercolor,2,0,1,2,0.6,130.25
US,Chicago,18.38,Back,Geometric,4,0,1,1,0.6,102.66
US,New York,7.95,Thigh,Realism,2,0,1,3,0.5,116.07
UK,Edinburgh,10.63,Rib,Watercolor,1,1,4,2,0.5,94.77
AU,Melbourne,10.43,Wrist,Traditional,1,1,7,7,0.6,53.5
US,New York,12.97,Upper arm,Realism,2,1,2,1,0.5,118.33
AU,Melbourne,23.21,Forearm,Tribal,1,0,1,9,0.7,71.15
UK,Edinburgh,4.23,Ankle,Watercolor,3,1,7,6,0.6,64.11
IN,Delhi,21.29,Ankle,Realism,9,1,3,3,1.2,194.42
US,Los Angeles,2.12,Chest,New School,10,1,2,7,0.7,122.43
IN,Mumbai,34.18,Calf,Realism,7,0,1,1,0.7,140.39
UK,Manchester,3.01,Foot,Minimalist,9,1,6,6,0.7,49.98
UK,Edinburgh,53.56,Back,New School,3,1,4,5,1.5,167.4
US,Chicago,14.57,Neck,Neo Traditional,1,1,8,10,0.7,129.88
US,New York,15.43,Back,Watercolor,8,1,3,1,0.6,124.1
AU,Perth,4.9,Neck,Realism,2,0,1,1,0.5,128.97
AU,Brisbane,6.9,Back,Realism,9,1,3,2,0.6,105.02
UK,Edinburgh,2.68,Calf,Neo Traditional,10,1,5,9,0.8,86.75
AU,Perth,6.84,Thigh,Watercolor,4,0,1,3,0.6,71.33
AU,Perth,30.47,Neck,Minimalist,6,1,6,8,2.3,298.75
UK,Edinburgh,18.97,Shoulder,Geometric,2,1,6,2,0.6,62.01
UK,London,3.76,Wrist,Neo Traditional,1,0,1,7,0.5,80.7
UK,London,11.16,Calf,Minimalist,5,1,3,3,0.7,67.55
US,New York,4.97,Calf,Neo Traditional,1,0,1,7,0.5,104.43
IN,Pune,17.76,Back,Minimalist,4,1,3,4,0.8,37.19
UK,Manchester,2.29,Upper arm,Watercolor,9,0,1,1,0.5,56.74
UK,Edinburgh,10.92,Forearm,Japanese,1,1,2,5,0.6,64.52
US,Miami,29.04,Shoulder,Blackwork,4,0,1,3,0.8,87.74
US,Los Angeles,5.98,Calf,Watercolor,5,0,1,4,0.6,119.48
UK,London,4.03,Forearm,Geometric,3,1,3,5,0.6,57.84
UK,Edinburgh,6.48,Back,Minimalist,3,1,5,10,0.7,52.08
AU,Brisbane,32.94,Rib,Traditional,2,1,2,1,0.6,91.44
UK,London,4.05,Upper arm,Geometric,1,0,1,3,0.5,64.23
UK,London,30.27,Ankle,Japanese,9,1,6,1,0.8,135.7
IN,Mangaluru,9.83,Behind ear,New School,2,0,1,1,0.5,83.79
AU,Melbourne,33.68,Hand,Realism,5,1,3,9,2.3,381.39
UK,Edinburgh,22.81,Upper arm,Tribal,5,1,3,10,1.9,135.39
US,Austin,3.25,Neck,Neo Traditional,8,1,8,9,0.8,137.92
AU,Melbourne,9.77,Upper arm,Neo Traditional,3,1,3,1,0.5,59.6
IN,Mumbai,11.46,Chest,Realism,1,1,6,6,0.6,123.23
IN,Mumbai,21.55,Wrist,New School,1,0,1,6,0.6,92.47
US,New York,17.47,Lower back,Geometric,6,0,1,7,1.2,227.9
IN,Delhi,27.6,Lower back,Traditional,6,0,1,9,2.0,227.24
IN,Mumbai,47.29,Upper arm,Geometric,4,1,2,10,2.8,452.9
US,Chicago,13.61,Shoulder,New School,3,0,1,2,0.6,71.81
IN,Bangalore,12.44,Ankle,Minimalist,3,0,1,7,0.8,78.42
IN,Pune,5.6,Calf,Watercolor,2,0,1,1,0.5,76.49
IN,Pune,17.17,Behind ear,Realism,7,0,1,2,0.7,122.83
US,Miami,17.83,Ankle,Blackwork,1,0,1,5,0.6,63.51
IN,Delhi,13.97,Back,Blackwork,5,0,1,1,0.6,55.11
US,Los Angeles,24.6,Lower back,Watercolor,10,0,1,10,3.0,490.93
IN,Pune,4.94,Back,Neo Traditional,10,1,4,1,0.6,93.08
AU,Sydney,14.92,Ankle,Tribal,4,0,1,10,1.1,111.38
US,Los Angeles,22.13,Neck,Realism,3,0,1,3,0.7,184.87
UK,Birmingham,25.17,Shoulder,Blackwork,8,0,1,2,0.9,94.31
AU,Brisbane,32.51,Upper back,New School,1,0,1,2,0.6,54.38
US,Chicago,64.74,Calf,Neo Traditional,7,0,1,5,2.8,446.0
US,Los Angeles,9.64,Rib,New School,1,1,4,5,0.6,123.1
AU,Melbourne,7.53,Chest,Geometric,10,1,2,5,1.0,139.58
IN,Bangalore,4.53,Ankle,Japanese,2,0,1,3,0.5,80.92
AU,Brisbane,13.59,Behind ear,Geometric,10,1,4,6,1.5,163.97
US,Austin,3.45,Behind ear,Blackwork,4,1,7,4,0.6,69.91
US,Miami,14.96,Upper arm,Tribal,10,0,1,8,1.7,207.6
UK,London,8.53,Finger,Japanese,5,0,1,9,0.9,217.56
AU,Sydney,12.53,Wrist,Japanese,6,1,7,10,1.4,182.01
US,Chicago,3.83,Rib,Blackwork,7,1,2,8,0.8,163.2
US,Los Angeles,8.0,Chest,Japanese,6,1,3,2,0.6,131.29
AU,Brisbane,21.09,Shoulder,Neo Traditional,1,1,6,10,0.8,64.34
AU,Melbourne,6.83,Neck,Realism,4,1,5,4,0.6,102.19
US,Miami,6.62,Back,Blackwork,6,0,1,9,0.9,157.85
UK,Birmingham,31.57,Upper arm,Geometric,9,1,2,8,3.2,324.63
IN,Pune,19.72,Neck,Tribal,1,0,1,1,0.5,67.49
UK,London,20.68,Foot,New School,5,1,7,2,0.7,99.55
UK,London,8.33,Back,Realism,10,1,5,9,1.4,325.99
US,Chicago,5.94,Rib,Japanese,3,0,1,2,0.5,126.87
IN,Delhi,7.11,Upper arm,Realism,2,1,4,9,0.7,149.71
IN,Delhi,17.26,Lower back,Neo Traditional,6,1,5,9,1.6,256.96
AU,Melbourne,7.16,Foot,Neo Traditional,9,1,8,6,1.0,109.63
US,Miami,7.76,Lower back,Realism,1,0,1,5,0.5,89.55
IN,Bengaluru,11.62,Thigh,Traditional,8,0,1,8,1.2,158.13
AU,Melbourne,4.75,Neck,Neo Traditional,3,0,1,1,0.5,93.8
AU,Brisbane,69.61,Behind ear,Traditional,9,1,8,9,7.3,743.77
UK,Edinburgh,5.81,Chest,Traditional,4,0,1,1,0.5,42.52
UK,Edinburgh,27.29,Upper back,Geometric,5,1,3,3,1.0,97.83
IN,Delhi,11.15,Lower back,Geometric,7,0,1,6,1.0,129.91
IN,Bangalore,10.94,Forearm,New School,5,1,6,6,0.9,124.94
US,Austin,13.75,Rib,Japanese,4,1,4,1,0.6,155.49
IN,Mangaluru,24.29,Foot,Minimalist,8,1,2,2,1.0,68.01
UK,Edinburgh,19.51,Foot,Neo Traditional,1,0,1,4,0.6,70.28
UK,Edinburgh,15.82,Ankle,New School,9,1,7,7,1.7,164.04
IN,Bengaluru,22.08,Chest,Realism,5,0,1,1,0.6,119.35
US,New York,30.16,Foot,Realism,3,1,7,5,1.0,184.03
US,Austin,22.21,Behind ear,Geometric,8,0,1,2,0.9,115.27
IN,Pune,100.85,Lower back,Tribal,1,1,6,5,1.1,125.26
AU,Sydney,12.67,Lower back,Blackwork,3,0,1,8,0.8,114.12
IN,Pune,12.13,Foot,Japanese,2,0,1,1,0.5,91.97
IN,Delhi,39.09,Behind ear,New School,10,1,7,9,4.7,780.55
IN,Bangalore,5.42,Foot,Tribal,3,0,1,10,0.7,89.35
AU,Sydney,9.69,Forearm,Traditional,1,0,1,5,0.5,62.75
IN,Mangaluru,22.0,Thigh,Neo Traditional,8,0,1,4,1.2,195.69
AU,Melbourne,7.55,Ankle,Tribal,6,1,8,4,0.7,88.17
US,Miami,9.18,Foot,Watercolor,9,1,7,5,1.0,155.65
UK,Edinburgh,7.07,Thigh,Minimalist,6,0,1,10,0.9,45.51
AU,Melbourne,15.05,Chest,Watercolor,2,0,1,3,0.6,83.73
AU,Brisbane,22.13,Upper back,Neo Traditional,6,0,1,7,1.4,169.23
US,New York,21.38,Forearm,Japanese,8,0,1,6,1.5,309.22
UK,London,21.43,Shoulder,Geometric,3,1,2,8,1.1,150.17
UK,Edinburgh,14.07,Calf,Watercolor,5,0,1,8,1.1,112.04
UK,Birmingham,5.95,Lower back,Minimalist,2,0,1,9,0.6,44.52
AU,Brisbane,7.56,Upper arm,New School,2,0,1,10,0.7,82.25
UK,London,5.68,Chest,Realism,9,1,6,4,0.7,134.57
US,New York,10.32,Back,New School,1,1,3,10,0.6,100.43
US,New York,6.19,Neck,Neo Traditional,2,0,1,6,0.6,171.23
AU,Sydney,9.62,Neck,Traditional,8,1,2,7,1.1,181.16
AU,Sydney,12.39,Lower back,Japanese,6,1,4,7,1.1,190.1
AU,Melbourne,17.26,Upper back,New School,7,0,1,6,1.2,178.87
UK,London,5.46,Chest,Neo Traditional,5,1,5,10,0.8,129.62
US,Los Angeles,22.23,Behind ear,New School,5,0,1,7,1.3,191.72
UK,London,8.87,Forearm,Minimalist,10,0,1,2,0.7,83.14
UK,Birmingham,3.93,Chest,Tribal,8,0,1,7,0.7,63.43
IN,Delhi,2.2,Wrist,Realism,6,0,1,5,0.6,108.72
IN,Bangalore,35.24,Neck,Tribal,1,0,1,4,0.6,138.12
IN,Bengaluru,20.6,Finger,Blackwork,9,1,5,3,1.2,183.54
AU,Melbourne,5.54,Hand,Watercolor,1,0,1,8,0.5,91.42
IN,Pune,58.87,Chest,Geometric,5,1,3,5,2.3,243.26
UK,Edinburgh,32.35,Foot,Blackwork,10,1,6,9,4.0,388.53
IN,Bangalore,51.49,Chest,Geometric,2,1,5,1,0.6,65.28
UK,Birmingham,2.19,Calf,Realism,2,1,3,1,0.5,54.32
US,Miami,7.72,Hand,Geometric,2,1,4,1,0.5,81.62
IN,Pune,50.78,Forearm,Realism,6,0,1,5,2.0,329.48
IN,Pune,9.89,Upper back,Neo Traditional,4,0,1,9,0.9,90.84
US,Los Angeles,5.54,Calf,Neo Traditional,4,0,1,6,0.6,97.03
IN,Mumbai,73.02,Forearm,Neo Traditional,1,0,1,9,1.2,164.55
IN,Delhi,3.05,Rib,Geometric,3,1,3,2,0.5,114.17
US,Austin,24.94,Finger,Geometric,3,0,1,6,0.9,128.26
UK,London,5.3,Hand,Geometric,4,0,1,9,0.7,110.61
AU,Perth,28.97,Thigh,Neo Traditional,8,0,1,3,1.2,119.54
UK,London,1.39,Neck,Blackwork,7,0,1,8,0.6,108.39
IN,Pune,9.59,Chest,Realism,10,1,3,10,1.7,252.16
IN,Mangaluru,7.83,Ankle,Tribal,9,0,1,7,1.0,95.24
IN,Mumbai,36.49,Forearm,Blackwork,7,1,3,9,3.3,518.6
AU,Sydney,27.75,Behind ear,Traditional,2,1,7,4,0.8,71.28
US,New York,7.91,Neck,Realism,6,1,7,6,0.8,201.47
IN,Bangalore,8.95,Thigh,Neo Traditional,8,1,2,3,0.8,122.72
IN,Pune,8.32,Upper arm,Japanese,5,1,7,1,0.5,58.84
AU,Perth,37.99,Chest,Neo Traditional,4,0,1,6,1.4,166.74
US,Los Angeles,26.27,Upper arm,Traditional,6,0,1,9,1.9,264.36
US,Chicago,3.72,Foot,Tribal,3,0,1,10,0.6,52.88
US,Los Angeles,29.06,Calf,Minimalist,7,0,1,1,0.7,70.44
US,Chicago,8.46,Upper arm,Realism,8,0,1,6,0.9,193.21
IN,Mumbai,8.32,Hand,Neo Traditional,7,1,4,1,0.6,143.09
UK,Manchester,36.36,Rib,Realism,10,0,1,7,3.0,557.59
IN,Delhi,69.66,Foot,Blackwork,6,0,1,1,0.9,114.7
UK,Edinburgh,17.29,Neck,New School,6,1,8,4,1.0,146.53
AU,Melbourne,4.88,Shoulder,New School,3,1,7,1,0.5,53.79
US,Chicago,15.1,Wrist,Tribal,8,0,1,1,0.6,63.11
US,Austin,15.06,Upper arm,Tribal,7,0,1,8,1.3,132.92
UK,Edinburgh,11.59,Ankle,Tribal,3,1,2,6,0.8,64.83
IN,Delhi,58.37,Behind ear,Minimalist,9,1,8,1,1.1,122.34
IN,Bengaluru,20.12,Rib,Watercolor,2,0,1,4,0.7,170.46
UK,Manchester,27.36,Calf,Japanese,6,1,8,2,0.9,122.3
UK,Edinburgh,23.05,Lower back,Realism,4,1,5,8,1.4,163.33
UK,Birmingham,11.32,Chest,Watercolor,5,1,2,7,1.0,87.12
US,Los Angeles,25.23,Forearm,Blackwork,3,0,1,5,0.9,134.78
IN,Mumbai,4.63,Neck,Minimalist,9,1,4,9,1.0,150.23
IN,Mumbai,23.3,Shoulder,Neo Traditional,6,1,3,5,1.3,235.51
UK,Edinburgh,20.74,Behind ear,Japanese,8,1,2,4,1.3,135.63
AU,Brisbane,2.41,Calf,Realism,3,0,1,6,0.5,72.06
AU,Perth,6.02,Lower back,New School,6,0,1,5,0.7,88.0
AU,Melbourne,5.79,Hand,Minimalist,9,1,6,2,0.6,51.63
AU,Sydney,6.07,Upper arm,Tribal,4,0,1,7,0.7,73.55
UK,London,26.23,Upper arm,Traditional,1,1,3,10,0.8,112.24
US,Miami,10.31,Chest,New School,4,0,1,4,0.7,87.64
AU,Perth,24.26,Ankle,Realism,2,0,1,9,0.9,112.0
IN,Pune,25.37,Lower back,Watercolor,4,0,1,3,0.8,116.21
IN,Bengaluru,1.69,Finger,Geometric,8,1,7,2,0.5,80.93
US,New York,7.35,Upper back,Minimalist,5,1,7,10,0.9,121.61
IN,Bengaluru,32.68,Wrist,Watercolor,4,1,7,10,2.1,336.77
US,Los Angeles,3.89,Upper back,Neo Traditional,2,1,3,5,0.5,78.04
US,Austin,3.5,Foot,Neo Traditional,9,0,1,9,0.8,128.08
UK,Birmingham,11.12,Shoulder,Watercolor,2,0,1,8,0.7,73.72
IN,Pune,8.83,Forearm,Blackwork,7,0,1,1,0.6,78.59
AU,Sydney,21.06,Upper arm,Traditional,10,1,8,3,1.3,150.58
UK,Manchester,5.81,Back,Realism,3,0,1,1,0.5,71.36
IN,Bengaluru,10.86,Thigh,Blackwork,1,1,7,3,0.5,66.24
IN,Mangaluru,4.78,Hand,Blackwork,9,1,4,6,0.8,107.37
AU,Sydney,64.87,Calf,New School,4,1,6,4,1.7,268.12
AU,Sydney,2.31,Hand,Minimalist,1,0,1,4,0.5,54.18
UK,Edinburgh,3.05,Wrist,Watercolor,2,1,5,1,0.5,73.51
US,Los Angeles,25.0,Foot,Neo Traditional,7,0,1,9,2.1,412.32
US,Los Angeles,20.07,Ankle,Realism,10,1,7,10,2.9,478.81
AU,Melbourne,2.5,Hand,Neo Traditional,1,1,5,9,0.5,76.03
AU,Brisbane,18.1,Finger,Tribal,4,0,1,3,0.7,79.67
IN,Mangaluru,10.62,Chest,Japanese,6,1,6,10,1.3,241.67
IN,Bangalore,25.16,Chest,Traditional,4,1,7,10,1.7,212.23
UK,Edinburgh,9.92,Back,Minimalist,1,1,6,4,0.5,30.95
UK,Birmingham,8.07,Neck,New School,4,0,1,7,0.7,92.29
IN,Mumbai,11.43,Rib,Traditional,4,0,1,2,0.6,111.66
IN,Mangaluru,39.75,Chest,Traditional,10,1,4,6,3.4,446.51
US,Austin,3.41,Calf,Traditional,7,0,1,9,0.7,69.32
IN,Delhi,7.14,Calf,New School,9,0,1,2,0.6,81.92
US,Chicago,6.69,Back,Tribal,10,1,6,9,1.2,151.05
US,Chicago,9.09,Wrist,Traditional,9,1,4,2,0.7,90.35
UK,Edinburgh,5.19,Foot,Japanese,4,0,1,6,0.6,103.18
IN,Bangalore,10.79,Finger,Watercolor,9,1,7,6,1.2,191.56
IN,Mangaluru,26.66,Back,Tribal,10,1,3,3,1.5,181.05
AU,Melbourne,12.76,Finger,New School,5,0,1,10,1.1,144.52
IN,Mangaluru,9.25,Rib,Minimalist,9,0,1,3,0.7,74.48
AU,Perth,5.28,Chest,Watercolor,8,1,7,3,0.7,98.1
IN,Mangaluru,19.26,Calf,Blackwork,4,1,5,6,1.1,120.13
AU,Perth,35.95,Foot,Blackwork,5,0,1,3,1.0,101.28
US,Austin,10.25,Shoulder,Watercolor,9,1,8,1,0.6,72.72
UK,Birmingham,3.72,Back,Geometric,7,1,2,3,0.6,46.41
AU,Melbourne,41.53,Ankle,Traditional,10,1,8,8,4.5,574.41
AU,Sydney,21.95,Shoulder,Traditional,9,1,8,6,1.9,182.29
US,Chicago,8.83,Chest,New School,3,1,7,5,0.7,111.7
IN,Mumbai,3.84,Chest,Geometric,10,0,1,10,0.9,133.94
UK,Manchester,6.92,Neck,Watercolor,10,0,1,1,0.6,101.33
UK,Birmingham,33.0,Finger,Traditional,8,1,6,6,2.4,188.35
UK,London,10.21,Shoulder,Traditional,10,0,1,1,0.6,62.09
US,Miami,6.17,Chest,Tribal,4,0,1,7,0.7,77.91
US,Austin,2.32,Forearm,Minimalist,4,1,5,10,0.6,60.67
US,New York,2.82,Finger,Japanese,5,1,3,10,0.7,176.64
UK,Birmingham,8.17,Rib,Geometric,1,0,1,10,0.6,61.74
AU,Melbourne,2.34,Forearm,Watercolor,6,0,1,6,0.6,93.77
UK,Manchester,2.44,Behind ear,Minimalist,5,0,1,5,0.6,44.18
AU,Perth,33.04,Finger,New School,6,0,1,5,1.5,221.54
AU,Brisbane,37.23,Hand,Japanese,3,1,7,3,0.9,123.51
US,Austin,4.42,Foot,Japanese,10,0,1,8,0.9,175.74
US,Chicago,10.15,Rib,Realism,8,1,2,5,1.0,227.07
IN,Mumbai,4.58,Rib,Traditional,9,1,3,7,0.8,167.88
AU,Perth,4.99,Hand,Traditional,9,0,1,4,0.7,82.96
IN,Mangaluru,12.87,Behind ear,Tribal,1,1,7,9,0.6,85.85
AU,Sydney,4.73,Upper back,Watercolor,8,1,7,9,0.9,145.13
IN,Pune,18.75,Back,New School,10,1,5,10,2.8,418.88
US,Austin,12.38,Ankle,Blackwork,10,0,1,4,1.0,106.44
IN,Delhi,8.51,Thigh,Geometric,5,1,6,5,0.8,111.98
AU,Sydney,19.36,Upper arm,Traditional,3,0,1,8,1.0,125.07
UK,London,5.58,Chest,Blackwork,7,1,4,10,1.0,145.11
UK,Manchester,24.6,Chest,Watercolor,5,1,8,1,0.6,58.2
AU,Sydney,7.98,Upper arm,Geometric,3,1,2,3,0.6,71.52
US,New York,1.0,Rib,Neo Traditional,2,0,1,10,0.5,137.98
UK,Birmingham,13.01,Chest,Blackwork,10,1,3,7,1.6,133.0
UK,Manchester,6.95,Hand,Blackwork,10,1,7,4,0.8,90.17
IN,Delhi,16.74,Lower back,Watercolor,8,1,8,9,1.9,270.84
UK,London,6.87,Forearm,Realism,3,0,1,5,0.6,106.43
US,Los Angeles,11.17,Forearm,Neo Traditional,6,1,6,5,0.9,176.42
US,Chicago,9.56,Upper back,Minimalist,2,1,3,4,0.6,69.23
UK,Edinburgh,11.97,Behind ear,Neo Traditional,2,1,6,5,0.6,70.08
UK,London,19.41,Rib,Japanese,7,1,8,10,2.1,494.16
US,Miami,67.65,Shoulder,Watercolor,4,1,2,9,3.4,493.03
US,Austin,43.92,Wrist,Traditional,6,1,2,3,1.4,152.55
UK,Birmingham,14.92,Hand,Japanese,6,1,2,9,1.5,147.38
UK,Birmingham,39.11,Shoulder,Minimalist,6,0,1,9,2.6,188.92
IN,Pune,18.43,Upper arm,Minimalist,6,0,1,3,0.8,79.59
AU,Brisbane,10.25,Forearm,Traditional,9,1,5,2,0.7,57.06
IN,Delhi,2.79,Thigh,Traditional,10,0,1,8,0.7,103.67
UK,Birmingham,2.97,Upper arm,Tribal,2,1,2,8,0.6,60.53
US,Chicago,25.28,Shoulder,Japanese,6,0,1,9,1.9,339.39
AU,Melbourne,19.64,Hand,Traditional,6,0,1,8,1.4,180.38
US,Austin,21.02,Behind ear,Tribal,6,1,5,8,1.7,214.0
AU,Brisbane,30.0,Wrist,Traditional,5,0,1,5,1.2,115.99
US,Los Angeles,24.25,Ankle,Traditional,10,1,2,7,2.5,326.37
AU,Perth,15.09,Back,Japanese,5,1,6,5,1.0,158.26
UK,London,2.23,Rib,Realism,3,1,4,7,0.6,147.09
UK,Birmingham,9.32,Foot,Traditional,9,0,1,3,0.8,70.84
UK,London,8.12,Forearm,Tribal,10,1,7,6,1.1,86.42
US,New York,8.89,Wrist,Traditional,3,0,1,5,0.6,79.71
US,Los Angeles,1.4,Rib,Watercolor,3,1,2,4,0.5,116.62
IN,Bangalore,12.52,Wrist,New School,5,0,1,9,1.1,160.16
AU,Perth,3.21,Chest,Realism,1,0,1,8,0.5,77.58
IN,Mangaluru,5.16,Lower back,Blackwork,2,1,8,7,0.6,66.31
UK,Edinburgh,15.15,Finger,Neo Traditional,3,1,8,7,0.9,117.0
UK,Birmingham,6.42,Thigh,Minimalist,8,0,1,1,0.6,42.05
US,Chicago,20.57,Foot,Geometric,8,1,4,1,0.7,81.34
US,Los Angeles,69.74,Back,Minimalist,5,0,1,5,2.2,291.93
IN,Bengaluru,24.32,Lower back,Realism,3,1,7,6,1.0,110.01
UK,London,15.01,Wrist,Blackwork,10,1,2,6,1.6,226.43
US,Austin,34.89,Upper arm,New School,6,1,6,9,2.8,440.82
AU,Brisbane,3.0,Shoulder,Traditional,5,1,8,7,0.6,52.56
AU,Perth,13.09,Forearm,Japanese,5,1,5,1,0.6,84.0
US,Los Angeles,4.48,Lower back,Japanese,9,0,1,3,0.6,121.32
AU,Sydney,2.99,Finger,Traditional,6,1,2,10,0.7,80.7
IN,Bangalore,33.13,Lower back,Traditional,6,1,7,1,0.7,100.48
AU,Perth,22.64,Upper arm,Realism,1,1,7,5,0.6,91.49
IN,Mangaluru,11.02,Rib,Japanese,7,1,3,10,1.4,334.23
AU,Perth,8.16,Wrist,Watercolor,3,0,1,4,0.6,47.2
IN,Bengaluru,5.36,Hand,Realism,7,0,1,5,0.7,145.42
IN,Bangalore,6.68,Ankle,Traditional,10,1,4,8,1.1,142.14
IN,Bengaluru,39.24,Hand,Geometric,5,0,1,8,2.1,327.43
US,Chicago,3.84,Thigh,New School,5,0,1,9,0.7,75.1
AU,Perth,9.51,Forearm,Blackwork,4,0,1,5,0.7,72.43
AU,Sydney,28.18,Calf,Blackwork,8,0,1,4,1.4,177.99
AU,Sydney,27.86,Shoulder,New School,8,1,2,7,2.4,366.88
AU,Melbourne,27.83,Hand,New School,7,1,8,1,0.7,100.07
AU,Melbourne,3.08,Wrist,Watercolor,10,0,1,4,0.6,64.28
US,Los Angeles,19.92,Chest,Traditional,5,0,1,4,0.9,135.63
AU,Brisbane,15.37,Upper arm,Minimalist,8,0,1,4,1.0,87.99
US,Chicago,127.53,Hand,Traditional,10,1,6,4,6.6,803.86
US,Miami,11.07,Wrist,Neo Traditional,9,0,1,9,1.4,229.41
US,Miami,3.63,Rib,Realism,2,0,1,3,0.5,103.02
UK,Manchester,31.51,Thigh,Geometric,9,1,8,4,1.9,148.71
AU,Sydney,7.98,Foot,New School,3,0,1,9,0.7,91.79
US,Chicago,9.14,Calf,Neo Traditional,2,1,7,9,0.7,105.37
IN,Pune,14.08,Finger,Geometric,3,0,1,3,0.6,92.01
UK,Birmingham,17.35,Upper arm,New School,8,0,1,5,1.2,103.75
US,New York,10.52,Lower back,Neo Traditional,1,1,3,3,0.5,81.95
AU,Sydney,12.18,Back,Japanese,10,0,1,7,1.4,248.32
US,Los Angeles,13.04,Behind ear,Geometric,9,1,6,6,1.3,202.38
US,Miami,5.07,Upper arm,Geometric,9,1,7,10,1.0,148.28
AU,Brisbane,10.25,Hand,Tribal,5,1,3,5,0.8,109.2
IN,Delhi,31.87,Calf,Tribal,4,1,4,2,0.8,98.93
US,Los Angeles,7.69,Rib,Japanese,10,1,2,7,1.1,327.18
IN,Mangaluru,4.79,Behind ear,Realism,10,1,7,6,0.8,86.0
AU,Melbourne,13.23,Rib,Japanese,3,0,1,3,0.6,134.84
UK,Manchester,12.25,Foot,Geometric,10,0,1,8,1.5,159.77
IN,Bangalore,3.28,Thigh,Neo Traditional,9,0,1,9,0.8,108.82
US,Austin,2.57,Foot,Minimalist,7,0,1,1,0.5,43.76
AU,Melbourne,5.88,Upper back,Blackwork,3,0,1,10,0.7,91.83
UK,London,17.35,Foot,New School,2,1,7,9,0.9,101.73
US,Los Angeles,47.17,Upper arm,Japanese,7,0,1,10,3.8,484.93
UK,London,2.53,Back,Minimalist,5,1,5,4,0.6,49.28
IN,Delhi,11.31,Ankle,Minimalist,3,0,1,10,0.8,79.4
IN,Mumbai,12.11,Thigh,Neo Traditional,2,0,1,3,0.6,79.58
US,New York,10.61,Calf,Blackwork,10,1,7,3,0.9,138.79
AU,Perth,15.4,Finger,Blackwork,5,0,1,7,1.0,152.6
UK,London,16.59,Back,Traditional,6,1,7,2,0.7,76.09
AU,Perth,3.07,Thigh,Blackwork,6,0,1,7,0.6,73.16
IN,Mumbai,7.32,Wrist,New School,10,1,4,8,1.2,175.29
US,Miami,7.55,Behind ear,Minimalist,8,1,4,4,0.8,74.85
IN,Pune,4.97,Thigh,Watercolor,9,0,1,10,0.9,79.46
US,Los Angeles,33.24,Foot,Minimalist,1,1,6,6,0.7,85.01
IN,Mumbai,16.51,Calf,New School,6,0,1,8,1.3,214.71
US,Chicago,13.2,Hand,Blackwork,2,1,3,10,0.8,169.83
UK,Birmingham,18.44,Hand,Geometric,3,0,1,8,0.9,105.18
UK,Birmingham,17.35,Back,Realism,4,0,1,1,0.6,76.04
UK,London,30.71,Upper arm,Minimalist,1,0,1,3,0.6,66.69
US,Austin,4.14,Forearm,Neo Traditional,8,0,1,10,0.8,98.39
IN,Mangaluru,6.26,Foot,Blackwork,8,0,1,10,1.0,114.96
AU,Brisbane,9.58,Chest,Realism,8,1,5,9,1.3,145.93
AU,Brisbane,11.73,Shoulder,Watercolor,9,1,7,8,1.5,199.14
US,Chicago,3.16,Shoulder,Tribal,3,0,1,7,0.6,65.66
IN,Delhi,5.72,Behind ear,Neo Traditional,3,1,5,9,0.7,91.72
US,Chicago,4.5,Upper arm,Japanese,6,0,1,1,0.5,89.67
IN,Delhi,8.77,Upper arm,Traditional,8,0,1,9,1.1,146.88
UK,Edinburgh,42.78,Wrist,Tribal,5,1,5,9,2.8,226.21
UK,Edinburgh,18.72,Upper back,Blackwork,5,1,3,1,0.6,45.09
UK,London,24.84,Behind ear,Tribal,7,0,1,6,1.5,182.25
AU,Sydney,12.59,Neck,Minimalist,6,0,1,5,0.9,108.33
UK,London,6.6,Foot,New School,8,1,7,10,1.1,150.86
UK,Birmingham,7.7,Neck,Minimalist,5,0,1,3,0.6,61.75
IN,Delhi,9.34,Finger,Blackwork,10,1,8,3,0.8,118.96
AU,Brisbane,11.4,Neck,New School,10,0,1,5,1.1,181.11
UK,London,12.29,Finger,Japanese,10,1,4,4,1.1,219.77
UK,Edinburgh,1.0,Chest,Watercolor,10,1,4,3,0.5,57.85
US,Chicago,2.22,Ankle,Watercolor,7,1,8,2,0.5,76.87
AU,Perth,43.56,Wrist,Traditional,4,1,4,6,1.8,186.98
UK,Edinburgh,13.39,Upper arm,Minimalist,2,1,4,7,0.7,38.13
IN,Pune,29.51,Ankle,Blackwork,1,1,5,1,0.5,54.77
IN,Mumbai,20.95,Hand,Blackwork,4,0,1,7,1.1,240.81
IN,Bengaluru,2.8,Upper arm,New School,8,1,5,6,0.7,117.72
UK,Manchester,6.7,Lower back,Realism,6,1,3,8,0.9,126.25
US,New York,6.29,Ankle,Realism,8,1,4,6,0.9,164.48
US,New York,21.17,Behind ear,Tribal,7,1,6,7,1.7,255.69
UK,Manchester,25.58,Ankle,Tribal,5,1,8,1,0.7,55.64
UK,Birmingham,4.16,Thigh,Japanese,4,0,1,9,0.6,57.25
UK,London,12.7,Upper arm,Traditional,9,0,1,5,1.1,105.09
AU,Perth,12.6,Upper arm,Watercolor,7,1,4,1,0.6,68.91
US,Los Angeles,10.49,Wrist,Traditional,8,1,7,7,1.2,217.26
US,Austin,53.21,Ankle,Watercolor,9,1,8,7,4.5,511.81
US,New York,20.25,Shoulder,Minimalist,6,1,2,5,1.2,133.32
US,Miami,42.44,Back,Realism,7,1,3,2,1.2,168.04
IN,Bangalore,9.76,Foot,Minimalist,1,0,1,10,0.6,53.31
IN,Bangalore,2.3,Rib,Tribal,8,0,1,6,0.6,106.04
IN,Bengaluru,11.16,Neck,Japanese,4,1,5,8,0.9,195.79
US,Los Angeles,8.83,Foot,Minimalist,8,1,5,7,1.1,100.76
IN,Bengaluru,12.92,Behind ear,Tribal,8,1,2,1,0.6,102.41
AU,Perth,21.58,Calf,Minimalist,4,0,1,4,0.8,61.14
AU,Melbourne,18.28,Forearm,Japanese,8,0,1,9,1.8,182.41
AU,Brisbane,10.14,Neck,Geometric,7,0,1,8,1.1,139.39
IN,Bangalore,40.21,Back,Realism,9,0,1,5,2.3,515.07
UK,Manchester,12.5,Neck,Geometric,1,0,1,10,0.6,107.85
US,Los Angeles,4.83,Ankle,Geometric,7,1,6,4,0.7,113.01
UK,London,7.91,Neck,New School,6,1,4,2,0.6,126.63
IN,Delhi,6.97,Upper arm,Neo Traditional,8,1,8,8,1.0,153.6
US,Chicago,34.87,Lower back,Minimalist,4,1,6,9,2.0,172.24
AU,Brisbane,22.49,Wrist,Neo Traditional,6,1,7,5,1.3,144.85
AU,Sydney,3.31,Chest,Japanese,7,0,1,8,0.7,124.23
AU,Melbourne,22.41,Forearm,Watercolor,4,0,1,2,0.7,109.03
UK,Manchester,26.42,Rib,Realism,2,0,1,10,1.0,181.87
AU,Perth,8.51,Upper back,Minimalist,9,1,3,10,1.4,122.08
AU,Perth,13.69,Forearm,New School,6,0,1,6,1.0,143.7
AU,Brisbane,3.52,Hand,Minimalist,4,1,6,1,0.5,52.27
IN,Mangaluru,2.6,Upper back,Watercolor,6,1,6,7,0.6,97.08
UK,Birmingham,4.02,Behind ear,Geometric,9,1,5,9,0.9,70.37
AU,Melbourne,10.01,Thigh,Watercolor,3,0,1,2,0.6,103.4
AU,Sydney,1.11,Thigh,Japanese,3,0,1,4,0.5,93.09
UK,Edinburgh,2.72,Shoulder,Traditional,5,1,7,5,0.6,51.09
UK,Manchester,7.93,Chest,Minimalist,4,1,4,10,0.9,75.14
US,New York,23.64,Rib,Geometric,2,0,1,6,0.8,143.58
US,Chicago,4.37,Wrist,Neo Traditional,4,0,1,9,0.7,85.27
UK,Birmingham,106.55,Finger,Japanese,6,1,4,8,6.6,805.35
AU,Brisbane,6.96,Lower back,Realism,1,0,1,1,0.5,71.76
US,Los Angeles,10.22,Hand,Watercolor,6,1,6,1,0.6,128.54
US,Los Angeles,3.41,Behind ear,Geometric,10,1,4,3,0.6,102.9
IN,Bengaluru,9.88,Neck,Tribal,4,0,1,4,0.7,124.65
US,Los Angeles,37.08,Lower back,Realism,7,0,1,7,2.3,485.5
UK,Manchester,34.86,Neck,Traditional,6,1,2,3,1.3,137.37
US,Los Angeles,10.62,Behind ear,Blackwork,2,1,7,6,0.7,127.97
AU,Brisbane,17.8,Finger,Minimalist,10,0,1,1,0.7,67.35
UK,Edinburgh,8.6,Ankle,Japanese,6,1,4,2,0.6,64.59
IN,Mangaluru,9.6,Thigh,Minimalist,3,0,1,6,0.7,48.02
UK,Manchester,35.65,Hand,Watercolor,4,1,6,10,2.2,214.4
AU,Perth,35.48,Hand,Realism,7,1,7,2,1.1,198.08
IN,Delhi,5.75,Forearm,Neo Traditional,6,1,8,7,0.8,94.24
IN,Bengaluru,7.23,Foot,Tribal,7,0,1,5,0.8,89.74
AU,Brisbane,19.63,Upper back,Traditional,8,0,1,7,1.6,176.67
AU,Brisbane,7.83,Behind ear,Tribal,9,0,1,2,0.6,66.55
IN,Bangalore,13.28,Chest,Neo Traditional,6,1,6,3,0.8,87.65
US,Miami,36.35,Hand,Traditional,7,1,7,1,0.8,102.45
AU,Perth,7.51,Upper arm,New School,2,1,7,3,0.6,59.5
US,Miami,6.54,Forearm,Blackwork,5,1,5,9,0.9,139.5
UK,Edinburgh,15.15,Chest,Traditional,3,1,2,5,0.8,69.8
UK,Manchester,8.97,Back,Realism,5,1,8,6,0.8,114.42
US,New York,26.58,Rib,Traditional,5,1,2,9,1.9,385.2
IN,Delhi,24.32,Forearm,Neo Traditional,7,1,7,6,1.7,248.05
UK,Birmingham,31.47,Behind ear,Traditional,3,1,5,7,1.3,74.49
US,New York,6.96,Lower back,Minimalist,2,0,1,8,0.6,76.48
IN,Mumbai,15.67,Upper back,Blackwork,5,0,1,9,1.2,166.11
IN,Mangaluru,14.31,Lower back,Minimalist,7,1,3,3,0.9,83.3
US,Chicago,13.4,Hand,Minimalist,8,1,2,3,0.9,96.83
IN,Pune,21.73,Shoulder,Geometric,2,1,2,1,0.6,90.24
US,New York,15.69,Upper back,Realism,10,0,1,8,1.8,439.45
IN,Mangaluru,56.58,Forearm,Watercolor,4,0,1,10,2.8,437.09
UK,Birmingham,15.26,Rib,Realism,10,0,1,7,1.6,305.37
IN,Bengaluru,10.27,Lower back,Watercolor,2,1,2,8,0.7,78.32
AU,Brisbane,4.34,Upper back,New School,5,0,1,10,0.7,78.08
IN,Pune,49.0,Wrist,Tribal,3,1,3,8,1.9,201.09
UK,Birmingham,4.99,Hand,Blackwork,2,1,2,2,0.5,39.03
AU,Brisbane,7.53,Calf,Neo Traditional,2,1,8,10,0.7,89.94
UK,London,17.99,Ankle,Watercolor,10,0,1,5,1.4,254.46
AU,Brisbane,5.03,Finger,Tribal,2,1,7,9,0.6,57.76
IN,Mumbai,4.96,Behind ear,Tribal,3,1,3,10,0.7,83.81
AU,Brisbane,9.92,Upper arm,Realism,1,0,1,5,0.5,77.34
AU,Melbourne,8.61,Rib,Geometric,8,1,4,1,0.6,69.77
AU,Sydney,6.15,Thigh,Realism,10,1,8,3,0.7,111.0
US,Los Angeles,8.88,Foot,Blackwork,8,1,4,2,0.7,101.13
US,Los Angeles,14.63,Calf,New School,5,0,1,9,1.2,201.03
AU,Melbourne,21.66,Forearm,Blackwork,7,1,6,4,1.2,181.47
AU,Perth,7.63,Neck,Tribal,3,1,7,1,0.5,94.79
IN,Mangaluru,12.2,Thigh,Blackwork,6,1,4,3,0.8,88.09
US,Los Angeles,4.16,Behind ear,Realism,10,1,5,9,0.9,170.64
IN,Mangaluru,33.21,Ankle,Geometric,6,0,1,8,2.1,330.74
UK,Manchester,3.39,Finger,Geometric,6,0,1,10,0.7,71.1
UK,Manchester,24.49,Thigh,Traditional,8,0,1,4,1.3,156.03
IN,Delhi,25.13,Calf,Blackwork,9,1,3,9,2.9,380.62
AU,Sydney,5.24,Back,Tribal,7,0,1,3,0.6,76.44
IN,Bangalore,6.55,Shoulder,Watercolor,6,0,1,4,0.7,135.45
UK,Edinburgh,12.1,Shoulder,Tribal,5,0,1,2,0.6,45.3
IN,Mumbai,29.13,Neck,Watercolor,6,1,2,5,1.5,421.5
AU,Perth,9.53,Lower back,Blackwork,5,1,8,5,0.8,66.88
AU,Melbourne,33.43,Chest,Japanese,7,0,1,3,1.2,184.99
IN,Delhi,6.92,Ankle,Neo Traditional,9,1,8,8,1.1,194.12
AU,Perth,10.94,Shoulder,Neo Traditional,3,1,7,10,0.9,89.7
US,Los Angeles,30.56,Upper back,Tribal,3,1,4,5,1.1,165.39
IN,Mangaluru,11.31,Forearm,Geometric,2,1,2,10,0.8,103.84
UK,Manchester,30.0,Neck,Tribal,7,0,1,5,1.5,206.25
UK,Birmingham,4.19,Foot,Realism,4,1,5,6,0.6,81.39
UK,Edinburgh,12.51,Back,New School,5,1,5,9,1.2,159.85
AU,Sydney,32.39,Hand,Japanese,8,0,1,10,3.1,756.18
UK,Edinburgh,32.41,Behind ear,Realism,2,1,8,1,0.6,85.43
US,Chicago,19.99,Chest,Japanese,9,0,1,5,1.4,238.37
UK,Birmingham,14.78,Back,Geometric,4,1,7,1,0.6,60.71
AU,Sydney,11.83,Neck,Japanese,8,1,8,8,1.4,237.36
US,Chicago,7.54,Foot,New School,10,0,1,2,0.7,107.03
AU,Brisbane,6.72,Neck,Neo Traditional,4,1,2,5,0.7,125.4
UK,Edinburgh,35.15,Ankle,Realism,9,0,1,10,3.7,418.47
US,Chicago,5.86,Hand,Tribal,8,1,5,1,0.6,88.04
US,Austin,10.79,Finger,Traditional,4,0,1,2,0.6,77.74
AU,Perth,11.96,Calf,Traditional,5,1,4,2,0.6,80.92
AU,Brisbane,6.48,Finger,Traditional,6,1,3,3,0.6,64.66
IN,Bangalore,7.44,Foot,Traditional,8,1,4,1,0.6,61.76
IN,Bengaluru,48.54,Upper arm,Geometric,9,0,1,5,2.7,340.97
IN,Bengaluru,19.1,Upper arm,Minimalist,5,1,3,6,1.2,96.8
UK,London,8.89,Chest,Watercolor,4,0,1,8,0.8,89.06
AU,Perth,31.95,Hand,Neo Traditional,8,1,7,3,1.4,203.94
UK,Edinburgh,19.26,Upper arm,Realism,5,1,4,6,1.2,167.83
US,Los Angeles,23.97,Chest,Japanese,1,0,1,10,0.7,130.16
IN,Bengaluru,9.46,Finger,Japanese,8,1,2,10,1.4,278.82
UK,Birmingham,14.43,Shoulder,Japanese,3,0,1,9,0.9,130.55
UK,Birmingham,4.28,Finger,Geometric,3,0,1,2,0.5,45.89
US,Chicago,37.0,Neck,Tribal,10,1,4,7,3.6,617.72
UK,Birmingham,23.41,Behind ear,Traditional,2,1,3,4,0.7,47.11
IN,Bangalore,8.14,Forearm,Japanese,7,0,1,8,1.0,176.21
US,Austin,18.9,Back,New School,2,1,5,7,0.8,134.31
IN,Mumbai,13.57,Wrist,Tribal,7,0,1,9,1.4,166.03
IN,Delhi,6.58,Shoulder,Geometric,9,1,7,6,0.9,148.57
AU,Perth,5.95,Thigh,Minimalist,3,1,5,10,0.7,30.23
US,Chicago,16.47,Thigh,Neo Traditional,1,1,8,10,0.7,95.47
AU,Melbourne,9.88,Rib,Blackwork,7,0,1,6,0.9,136.51
UK,Edinburgh,14.93,Hand,Japanese,4,0,1,1,0.6,81.78
US,Austin,10.76,Calf,Realism,3,0,1,2,0.6,93.76
IN,Bangalore,14.31,Finger,Neo Traditional,7,1,7,5,1.1,133.18
AU,Sydney,18.46,Back,Geometric,1,0,1,9,0.7,80.01
IN,Mangaluru,6.8,Foot,Japanese,10,0,1,4,0.8,145.73
IN,Mangaluru,16.79,Neck,Tribal,7,1,6,9,1.8,304.86
UK,Edinburgh,18.33,Chest,Realism,4,1,3,6,1.0,100.5
UK,London,10.85,Finger,Watercolor,6,0,1,2,0.6,84.95
AU,Perth,9.18,Calf,Tribal,4,1,6,9,0.9,91.45
IN,Bangalore,5.14,Calf,Realism,4,1,6,9,0.7,133.27
AU,Melbourne,65.96,Ankle,Blackwork,6,1,4,8,4.3,444.9
AU,Melbourne,8.7,Upper back,Japanese,9,1,2,5,1.0,165.29
IN,Pune,14.54,Upper back,Realism,4,1,6,1,0.6,85.86
AU,Perth,2.99,Foot,Tribal,1,0,1,9,0.5,33.08
UK,Manchester,26.98,Behind ear,Realism,5,1,2,7,1.6,241.84
IN,Mangaluru,30.43,Wrist,Watercolor,1,1,7,7,0.8,102.0
US,Chicago,24.11,Forearm,Geometric,5,1,6,7,1.5,148.27
UK,Manchester,9.13,Rib,Neo Traditional,10,0,1,3,0.8,120.08
UK,Edinburgh,23.61,Lower back,Neo Traditional,3,0,1,6,0.9,73.48
IN,Mumbai,12.4,Forearm,Tribal,8,1,5,5,1.1,96.32
UK,Edinburgh,16.26,Wrist,Watercolor,5,1,6,1,0.6,64.94
US,Miami,1.32,Thigh,Watercolor,7,0,1,6,0.6,91.08
AU,Sydney,13.06,Forearm,Traditional,2,1,8,6,0.7,63.55
AU,Perth,22.26,Shoulder,Japanese,5,1,7,6,1.3,182.88
US,Miami,13.14,Forearm,Blackwork,2,1,8,1,0.5,61.06
US,Chicago,4.75,Ankle,Traditional,10,1,5,2,0.6,77.06
AU,Perth,1.82,Chest,Realism,10,0,1,7,0.6,98.06
IN,Mangaluru,8.0,Chest,Watercolor,10,1,5,2,0.7,116.35
IN,Delhi,27.46,Wrist,Blackwork,1,0,1,3,0.6,76.58
IN,Mumbai,45.05,Thigh,Realism,9,1,7,7,3.9,894.41
AU,Melbourne,7.08,Hand,Neo Traditional,2,1,7,5,0.6,80.18
AU,Brisbane,19.84,Rib,New School,1,1,6,3,0.6,92.11
US,Los Angeles,4.42,Back,Minimalist,2,1,2,5,0.6,61.93
UK,Birmingham,57.0,Calf,New School,5,1,7,10,3.9,377.01
UK,Birmingham,16.02,Neck,Blackwork,10,1,3,1,0.7,111.04
UK,Manchester,31.38,Finger,Japanese,1,1,7,2,0.6,78.76
UK,London,20.44,Lower back,Geometric,6,1,3,6,1.4,156.7
US,Chicago,6.49,Calf,Minimalist,10,1,5,3,0.7,72.14
UK,Birmingham,6.82,Back,Geometric,6,1,6,3,0.6,50.28
IN,Pune,9.15,Neck,Watercolor,6,1,3,8,1.0,155.24
AU,Perth,12.7,Forearm,Realism,8,1,3,6,1.2,217.48
IN,Delhi,7.3,Wrist,Watercolor,7,1,6,10,1.1,215.91
US,Los Angeles,39.77,Calf,Blackwork,6,1,6,2,1.1,172.01
US,Miami,2.03,Wrist,Tribal,2,1,7,4,0.5,58.61
US,Austin,3.81,Chest,Neo Traditional,10,0,1,8,0.8,105.09
IN,Mangaluru,5.3,Shoulder,Traditional,7,1,6,1,0.5,63.99
UK,Manchester,17.63,Hand,Watercolor,6,0,1,10,1.6,245.47
UK,Edinburgh,6.19,Upper back,Traditional,5,1,6,3,0.6,57.61
IN,Mumbai,38.77,Lower back,Realism,3,0,1,3,0.8,143.78
IN,Mumbai,9.42,Lower back,Tribal,1,0,1,4,0.5,79.84
AU,Perth,5.11,Chest,Minimalist,5,0,1,2,0.6,44.93
IN,Bengaluru,15.56,Shoulder,Tribal,7,1,2,10,1.8,197.92
AU,Sydney,11.76,Neck,Tribal,2,0,1,3,0.6,93.26
UK,Edinburgh,14.71,Finger,Geometric,10,0,1,2,0.8,38.06
AU,Sydney,9.43,Rib,Tribal,5,1,2,7,0.9,117.29
IN,Pune,13.88,Hand,Blackwork,7,0,1,5,1.0,168.87
IN,Mangaluru,29.22,Neck,Minimalist,10,1,7,5,2.3,429.93
IN,Bangalore,10.34,Wrist,Neo Traditional,5,1,7,7,0.9,147.04
IN,Bengaluru,29.41,Rib,Realism,5,0,1,9,1.8,465.48
AU,Sydney,6.12,Thigh,Minimalist,9,1,5,8,1.0,81.13
UK,Manchester,28.74,Shoulder,Japanese,1,1,2,6,0.7,75.2
AU,Brisbane,10.11,Upper back,Tribal,3,0,1,10,0.8,96.73
UK,Manchester,3.01,Finger,Minimalist,2,1,4,7,0.6,34.15
AU,Sydney,2.41,Finger,Geometric,1,0,1,4,0.5,67.88
UK,Birmingham,25.95,Upper back,Tribal,3,1,8,10,1.4,102.72
UK,Manchester,1.84,Upper back,Neo Traditional,3,1,7,1,0.5,44.72
AU,Brisbane,2.36,Wrist,New School,2,1,8,5,0.5,48.88
IN,Bangalore,13.66,Back,New School,4,1,7,4,0.8,128.36
IN,Bengaluru,10.07,Thigh,Blackwork,1,1,5,7,0.6,70.2
AU,Perth,21.32,Forearm,Japanese,6,0,1,1,0.6,71.63
AU,Brisbane,12.18,Back,Blackwork,2,1,2,6,0.7,97.96
UK,Manchester,8.69,Hand,New School,8,1,2,10,1.3,180.2
IN,Pune,10.26,Ankle,Neo Traditional,5,0,1,3,0.7,40.36
UK,Edinburgh,6.57,Hand,Realism,10,0,1,2,0.6,87.45
UK,Manchester,6.84,Thigh,Blackwork,5,1,2,10,0.9,98.12
AU,Perth,20.6,Wrist,New School,10,1,2,6,2.0,167.8
US,New York,11.03,Thigh,New School,3,1,5,5,0.7,105.54
IN,Mumbai,19.98,Neck,Watercolor,7,0,1,5,1.2,353.89
IN,Bengaluru,4.01,Foot,Watercolor,8,0,1,6,0.7,139.65
IN,Mangaluru,4.93,Lower back,Minimalist,10,0,1,6,0.8,82.67
AU,Melbourne,30.72,Thigh,Geometric,9,1,6,7,2.8,401.62
IN,Bengaluru,17.2,Forearm,Watercolor,2,0,1,3,0.6,110.76
IN,Bangalore,16.56,Rib,Tribal,6,0,1,3,0.8,155.94
IN,Pune,15.9,Wrist,Blackwork,9,1,4,7,1.7,156.34
UK,Birmingham,24.69,Hand,Geometric,2,0,1,8,0.9,113.14
UK,London,34.44,Foot,Japanese,4,1,8,7,1.7,314.2
AU,Sydney,18.91,Behind ear,Traditional,2,1,2,9,0.9,94.87
AU,Sydney,19.13,Behind ear,Neo Traditional,7,1,4,2,0.8,95.82
IN,Bengaluru,13.9,Shoulder,Realism,5,0,1,4,0.8,148.48
US,Miami,4.36,Upper back,Minimalist,10,0,1,4,0.7,50.91
AU,Melbourne,12.87,Shoulder,Japanese,4,1,5,9,1.1,184.09
AU,Melbourne,8.82,Thigh,Realism,9,0,1,4,0.8,129.63
IN,Pune,9.25,Behind ear,Japanese,9,0,1,4,0.8,117.26
AU,Brisbane,22.26,Forearm,Geometric,9,1,2,5,1.7,188.73
US,Los Angeles,21.49,Thigh,Japanese,9,0,1,8,2.0,383.74
IN,Delhi,16.59,Thigh,Minimalist,4,1,7,9,1.2,104.16
UK,Birmingham,21.01,Back,Tribal,10,0,1,4,1.3,128.58
UK,Birmingham,10.47,Upper back,Realism,10,0,1,5,1.0,121.18
US,Los Angeles,23.05,Calf,Realism,3,1,8,10,1.3,339.88
IN,Delhi,3.95,Lower back,Tribal,10,1,3,5,0.7,69.62
AU,Brisbane,5.36,Wrist,Tribal,3,1,2,4,0.6,64.81
UK,Edinburgh,14.21,Chest,Japanese,9,0,1,1,0.6,84.8
AU,Melbourne,5.57,Ankle,Traditional,7,1,5,1,0.5,68.08
AU,Melbourne,22.35,Lower back,Japanese,4,0,1,1,0.6,93.29
US,Los Angeles,7.64,Behind ear,Geometric,3,0,1,10,0.7,127.07
UK,Manchester,32.17,Chest,Blackwork,1,1,7,5,0.7,64.28
IN,Pune,8.95,Lower back,Tribal,3,0,1,9,0.7,84.29
IN,Pune,71.85,Hand,Minimalist,6,0,1,10,4.8,485.68
AU,Sydney,13.26,Forearm,Japanese,6,1,5,5,1.0,148.13
US,Chicago,13.35,Calf,New School,7,0,1,6,1.1,139.55
AU,Brisbane,3.18,Wrist,Realism,9,1,5,6,0.7,84.39
US,Chicago,19.8,Thigh,Traditional,9,0,1,5,1.4,192.25
UK,Manchester,4.17,Forearm,Watercolor,8,0,1,10,0.8,87.13
UK,Edinburgh,3.07,Upper arm,Traditional,6,0,1,2,0.5,44.81
IN,Bangalore,11.93,Foot,Watercolor,10,1,3,1,0.6,71.46
UK,Manchester,18.33,Upper back,Neo Traditional,8,0,1,2,0.8,104.82
UK,London,18.24,Neck,Tribal,8,1,5,3,1.0,169.72
IN,Bangalore,21.69,Thigh,Traditional,4,0,1,7,1.1,142.36
IN,Mumbai,7.67,Neck,Traditional,8,0,1,2,0.6,96.7
AU,Sydney,20.18,Ankle,Geometric,4,0,1,10,1.3,186.55
UK,London,3.88,Forearm,Neo Traditional,9,0,1,4,0.6,91.26
US,Austin,6.57,Shoulder,Realism,5,1,5,10,0.9,92.69
AU,Perth,10.43,Back,Geometric,10,0,1,9,1.4,186.44
IN,Pune,5.47,Neck,New School,2,0,1,6,0.6,140.0
IN,Bengaluru,10.82,Calf,Geometric,2,0,1,5,0.6,87.62
AU,Perth,12.36,Lower back,Watercolor,9,0,1,10,1.6,193.46
UK,Manchester,17.29,Wrist,Realism,2,0,1,1,0.5,51.42
AU,Brisbane,7.24,Chest,Tribal,9,0,1,7,1.0,94.15
IN,Delhi,18.59,Finger,Neo Traditional,8,1,7,8,1.9,354.63
IN,Delhi,4.43,Thigh,Japanese,8,1,7,5,0.7,138.6
UK,London,92.1,Ankle,Traditional,10,0,1,3,3.3,331.46
UK,London,3.92,Back,Traditional,8,0,1,4,0.6,71.56
UK,Edinburgh,30.65,Thigh,Traditional,7,1,5,5,1.8,136.11
IN,Delhi,20.82,Ankle,Blackwork,10,0,1,2,0.9,135.32
AU,Brisbane,20.17,Rib,Realism,2,1,7,5,0.7,165.57
IN,Bangalore,22.79,Upper back,New School,2,1,8,7,0.9,95.7
AU,Perth,20.56,Chest,Neo Traditional,2,1,2,3,0.6,76.38
IN,Pune,3.63,Forearm,Minimalist,7,0,1,3,0.6,38.45
US,Los Angeles,31.08,Rib,Realism,6,0,1,7,1.8,369.39
IN,Delhi,13.45,Calf,New School,3,1,5,7,0.8,127.75
US,Miami,2.59,Upper back,Japanese,10,0,1,6,0.7,107.91
UK,Manchester,4.17,Forearm,Tribal,7,1,6,4,0.6,48.95
UK,London,16.92,Calf,Minimalist,3,0,1,4,0.7,65.48
UK,Birmingham,17.41,Upper back,Realism,4,0,1,1,0.6,75.24
UK,Manchester,10.28,Foot,Tribal,8,1,2,6,1.1,104.67
AU,Brisbane,2.51,Ankle,Minimalist,10,1,5,10,0.8,79.35
AU,Brisbane,10.67,Back,New School,9,0,1,7,1.2,157.55
US,Chicago,4.16,Finger,Tribal,9,0,1,1,0.5,69.55
US,Austin,12.87,Back,Watercolor,1,1,8,10,0.7,114.77
UK,Manchester,22.38,Ankle,Watercolor,1,1,5,4,0.6,65.55
UK,Manchester,5.9,Calf,Realism,1,0,1,1,0.5,67.41
IN,Delhi,15.66,Ankle,Realism,8,0,1,8,1.5,215.99
UK,Edinburgh,10.1,Back,New School,3,1,2,4,0.6,69.01
US,Miami,9.42,Finger,Minimalist,4,0,1,8,0.8,108.23
AU,Melbourne,8.94,Rib,New School,6,0,1,2,0.6,87.7
AU,Melbourne,12.94,Shoulder,Neo Traditional,2,1,2,7,0.7,102.32
AU,Brisbane,3.84,Chest,Blackwork,6,1,6,4,0.6,69.7
UK,Edinburgh,12.41,Finger,Tribal,7,0,1,3,0.8,96.66
US,Miami,9.96,Calf,Tribal,3,1,8,7,0.8,86.79
AU,Perth,73.97,Upper arm,Realism,7,1,8,3,2.4,377.36
IN,Bangalore,16.71,Behind ear,Neo Traditional,9,1,7,8,1.9,271.76
IN,Bangalore,8.07,Shoulder,Traditional,6,0,1,1,0.5,61.72
AU,Melbourne,40.18,Neck,Tribal,1,1,7,8,0.9,126.23
IN,Mumbai,5.16,Neck,Minimalist,9,1,6,4,0.7,83.53
AU,Sydney,35.55,Chest,Geometric,1,0,1,1,0.5,47.36
US,New York,7.22,Wrist,Neo Traditional,4,1,8,7,0.7,116.35
AU,Sydney,14.11,Calf,Blackwork,9,1,6,6,1.4,181.39
US,Austin,2.23,Foot,Traditional,7,0,1,9,0.6,63.69
UK,London,29.3,Thigh,Realism,1,1,5,3,0.6,131.35
US,Austin,4.07,Hand,Neo Traditional,1,1,4,2,0.5,87.43
UK,Birmingham,15.64,Rib,Traditional,5,1,5,8,1.3,138.97
IN,Delhi,28.9,Lower back,Minimalist,8,1,7,2,1.1,131.13
AU,Brisbane,15.71,Upper back,Blackwork,7,0,1,2,0.7,88.76
IN,Bangalore,19.85,Wrist,Neo Traditional,4,1,2,9,1.4,166.45
US,Austin,15.83,Thigh,Geometric,8,1,7,8,1.7,179.93
UK,Edinburgh,5.03,Lower back,New School,8,1,4,7,0.8,71.76
IN,Pune,9.34,Calf,Watercolor,4,0,1,2,0.6,93.0
IN,Mumbai,30.62,Chest,Tribal,4,1,6,5,1.2,161.09
IN,Mangaluru,9.68,Upper back,Japanese,6,0,1,4,0.7,118.94
UK,London,142.66,Shoulder,Geometric,6,1,8,3,3.6,418.27
IN,Delhi,66.47,Thigh,Minimalist,3,1,5,6,1.9,215.25
UK,Edinburgh,2.86,Chest,New School,8,0,1,6,0.6,54.32
IN,Delhi,8.85,Rib,Traditional,9,0,1,9,1.2,191.74
UK,Birmingham,1.54,Forearm,Blackwork,3,0,1,5,0.5,38.51
UK,Manchester,55.63,Wrist,Blackwork,8,0,1,6,3.2,329.36
UK,London,25.32,Finger,Tribal,7,0,1,10,2.3,356.44
AU,Perth,3.52,Foot,Minimalist,8,0,1,7,0.7,43.77
AU,Melbourne,31.77,Behind ear,Geometric,4,1,7,9,1.9,225.12
AU,Brisbane,16.02,Calf,New School,1,1,4,4,0.6,61.06
IN,Delhi,7.63,Thigh,Minimalist,5,1,2,4,0.7,71.8
UK,Birmingham,26.12,Wrist,Minimalist,3,0,1,7,1.0,71.58
US,Miami,13.48,Neck,Minimalist,3,1,2,8,0.9,92.28
UK,Birmingham,5.13,Wrist,Blackwork,5,1,6,4,0.6,43.47
US,Austin,19.9,Rib,Blackwork,7,1,2,8,1.8,256.52
UK,London,23.43,Rib,Minimalist,1,0,1,6,0.6,36.41
IN,Pune,20.83,Back,Realism,7,1,2,6,1.6,288.52
IN,Mangaluru,4.4,Hand,Traditional,2,1,5,7,0.6,82.19
UK,Edinburgh,5.67,Lower back,Blackwork,8,1,6,6,0.8,68.23
IN,Bangalore,8.4,Wrist,Geometric,1,1,3,2,0.5,90.84
IN,Mumbai,7.43,Upper arm,Neo Traditional,4,0,1,5,0.6,84.34
US,Miami,24.3,Shoulder,Minimalist,3,1,7,6,1.0,90.16
UK,Manchester,5.64,Wrist,Geometric,9,0,1,7,0.9,63.32
UK,London,3.79,Neck,Realism,4,1,2,3,0.6,156.53
US,Austin,17.33,Ankle,Japanese,9,1,7,2,0.9,127.77
AU,Melbourne,5.26,Thigh,Watercolor,5,0,1,10,0.8,126.58
IN,Bangalore,14.62,Upper back,Japanese,7,1,5,8,1.5,281.85
US,Los Angeles,7.0,Hand,Japanese,7,0,1,1,0.5,102.27
UK,Birmingham,16.65,Shoulder,Neo Traditional,4,1,8,3,0.7,69.17
US,Miami,10.76,Hand,Traditional,10,0,1,3,0.8,106.63
US,Chicago,11.81,Chest,Watercolor,4,0,1,1,0.5,87.58
US,New York,8.51,Thigh,Japanese,10,1,2,10,1.5,365.22
IN,Mumbai,20.72,Upper back,Tribal,4,1,3,9,1.4,180.74
UK,Birmingham,5.98,Chest,Watercolor,6,1,6,7,0.8,81.21
UK,Edinburgh,10.12,Upper back,Minimalist,6,0,1,2,0.6,42.31
AU,Sydney,18.51,Upper arm,Minimalist,1,0,1,6,0.6,61.16
IN,Bangalore,23.92,Chest,Neo Traditional,8,0,1,3,1.1,141.49
UK,London,7.14,Neck,Tribal,9,0,1,2,0.6,97.65
IN,Pune,5.32,Ankle,Blackwork,2,0,1,9,0.6,87.8
US,Chicago,19.73,Wrist,Neo Traditional,8,0,1,2,0.8,112.58
UK,Edinburgh,6.37,Lower back,Japanese,1,0,1,7,0.5,62.58
IN,Mumbai,35.53,Neck,Geometric,1,0,1,6,0.7,135.98
US,Chicago,7.36,Behind ear,Geometric,10,1,8,1,0.6,70.48
UK,Birmingham,11.69,Thigh,Watercolor,5,1,8,2,0.6,47.6
UK,Birmingham,20.13,Foot,Japanese,8,1,5,2,0.9,125.97
US,Austin,6.87,Forearm,Blackwork,6,0,1,10,0.9,124.29
IN,Mangaluru,5.02,Neck,Geometric,10,1,4,4,0.7,126.64
AU,Brisbane,10.88,Upper arm,Minimalist,8,0,1,10,1.4,125.48
UK,London,12.14,Finger,Geometric,4,0,1,1,0.5,69.84
IN,Bengaluru,7.15,Upper arm,Minimalist,8,0,1,9,1.0,103.55
US,Chicago,6.67,Ankle,Tribal,6,1,6,6,0.8,94.36
US,Austin,6.38,Behind ear,Minimalist,4,0,1,7,0.7,59.3
IN,Bengaluru,8.36,Upper arm,Tribal,6,0,1,5,0.8,115.42
AU,Melbourne,22.32,Wrist,Neo Traditional,9,0,1,3,1.1,137.16
UK,Edinburgh,49.48,Lower back,Geometric,2,0,1,4,0.9,102.87
US,Austin,19.03,Lower back,Realism,1,1,2,3,0.6,108.39
UK,Birmingham,5.42,Upper back,Japanese,9,0,1,5,0.7,88.48
IN,Pune,8.62,Upper arm,Watercolor,7,0,1,5,0.8,95.46
UK,Birmingham,36.91,Foot,Geometric,5,1,3,8,2.3,202.01
IN,Pune,5.48,Forearm,Japanese,8,1,5,8,0.9,98.76
IN,Delhi,3.84,Neck,New School,6,0,1,9,0.7,163.83
AU,Sydney,8.86,Rib,Watercolor,2,0,1,2,0.5,92.24
US,New York,19.88,Chest,Watercolor,2,1,2,8,0.9,134.45
UK,Birmingham,16.81,Upper back,New School,4,1,4,1,0.6,53.5
IN,Bangalore,15.49,Hand,Realism,4,0,1,2,0.6,130.48
AU,Melbourne,5.16,Shoulder,Minimalist,4,1,3,6,0.6,48.98
UK,London,10.21,Neck,Blackwork,4,0,1,10,0.9,133.07
US,Los Angeles,29.36,Upper arm,Japanese,6,0,1,4,1.2,211.37
US,New York,20.55,Wrist,Japanese,4,1,5,5,1.0,224.64
UK,Edinburgh,20.29,Upper arm,Minimalist,9,0,1,2,0.9,60.2
UK,Birmingham,32.97,Upper arm,Geometric,7,0,1,10,2.8,277.92
UK,Birmingham,2.37,Hand,Watercolor,10,1,5,6,0.7,79.77
UK,London,3.65,Ankle,Japanese,8,0,1,8,0.7,138.57
IN,Mangaluru,5.93,Shoulder,Tribal,9,0,1,8,0.9,89.31
UK,Birmingham,20.25,Rib,Traditional,10,1,2,10,2.9,285.29
UK,Birmingham,3.29,Upper back,Watercolor,6,1,2,9,0.7,69.86
US,New York,9.78,Foot,Minimalist,5,0,1,5,0.7,68.75
UK,Birmingham,8.78,Calf,Traditional,8,0,1,1,0.6,40.4
US,Los Angeles,60.8,Forearm,Japanese,8,0,1,9,4.9,810.05
US,Austin,16.83,Chest,Tribal,10,0,1,1,0.7,68.98
US,New York,12.04,Neck,Geometric,4,1,4,9,1.0,159.66
AU,Perth,23.79,Wrist,Blackwork,7,1,4,5,1.5,137.19
AU,Perth,3.74,Back,Blackwork,10,1,3,3,0.6,83.28
UK,Birmingham,15.62,Upper back,Japanese,10,1,3,2,0.9,85.61
IN,Bengaluru,3.26,Forearm,Japanese,1,1,3,4,0.5,96.0
US,Austin,27.71,Foot,Minimalist,8,0,1,5,1.6,127.48
AU,Melbourne,23.23,Calf,Tribal,8,1,5,7,2.1,126.67
AU,Perth,8.44,Rib,Blackwork,9,1,5,7,1.1,165.64
IN,Bangalore,4.6,Thigh,Japanese,9,0,1,6,0.7,99.89
UK,Manchester,24.68,Lower back,Tribal,8,0,1,6,1.7,172.66
IN,Pune,13.37,Foot,Neo Traditional,3,1,3,3,0.6,73.74
AU,Melbourne,49.47,Neck,Realism,5,1,4,6,2.3,486.72
AU,Sydney,23.69,Lower back,Tribal,2,1,6,4,0.7,91.7
UK,Edinburgh,26.48,Behind ear,Japanese,5,0,1,1,0.6,66.73
AU,Sydney,32.52,Lower back,Japanese,4,0,1,1,0.6,103.5
IN,Bengaluru,15.31,Back,Japanese,3,0,1,5,0.7,136.9
UK,Edinburgh,8.77,Thigh,Blackwork,7,0,1,4,0.7,75.26
UK,Edinburgh,5.16,Thigh,Geometric,7,0,1,4,0.6,57.28
US,New York,5.61,Shoulder,Traditional,2,0,1,1,0.5,75.27
US,Chicago,10.72,Shoulder,Neo Traditional,9,1,3,9,1.5,208.11
UK,Manchester,100.46,Finger,Realism,6,1,6,2,1.9,337.52
IN,Mangaluru,7.99,Rib,Blackwork,2,1,7,8,0.7,78.88
UK,Birmingham,6.74,Finger,Realism,8,0,1,6,0.8,91.49
UK,Manchester,9.29,Foot,Realism,7,1,3,8,1.1,171.65
AU,Brisbane,96.24,Wrist,Realism,5,0,1,10,5.3,630.01
AU,Sydney,8.29,Upper arm,Watercolor,3,1,5,7,0.7,91.91
AU,Perth,108.98,Upper back,Traditional,5,1,5,3,2.5,218.29
UK,Edinburgh,11.5,Forearm,Blackwork,6,1,4,4,0.8,103.66
US,Chicago,8.93,Shoulder,Watercolor,8,0,1,10,1.2,191.63
IN,Bengaluru,19.95,Ankle,Watercolor,2,0,1,2,0.6,80.22
UK,Birmingham,18.0,Finger,Realism,6,1,6,7,1.4,182.38
AU,Sydney,44.75,Foot,Watercolor,9,1,8,5,2.9,456.71
IN,Delhi,34.35,Behind ear,New School,9,0,1,8,3.0,471.62
AU,Brisbane,12.14,Upper back,Traditional,7,0,1,10,1.3,143.33
IN,Bangalore,23.28,Rib,Japanese,7,1,2,10,2.5,581.37
IN,Bengaluru,29.01,Rib,Realism,6,1,6,2,0.9,184.39
US,Los Angeles,54.08,Forearm,Geometric,5,0,1,5,1.9,347.75
IN,Pune,24.45,Lower back,Blackwork,9,1,5,9,2.9,356.22
US,Chicago,13.89,Ankle,Neo Traditional,4,1,8,1,0.6,90.62
AU,Perth,8.22,Thigh,Watercolor,9,1,7,10,1.4,108.68
IN,Mangaluru,14.69,Lower back,Blackwork,5,1,4,4,0.9,132.58
US,Austin,13.95,Shoulder,Neo Traditional,8,0,1,10,1.6,169.48
US,Los Angeles,22.3,Chest,Tribal,10,0,1,10,2.7,407.72
UK,Birmingham,13.15,Shoulder,Watercolor,9,0,1,7,1.3,170.83
US,New York,7.67,Forearm,Traditional,9,1,8,8,1.2,187.97
US,Los Angeles,7.85,Rib,Neo Traditional,8,0,1,7,0.9,181.52
US,New York,49.73,Back,Tribal,7,0,1,8,3.3,500.52
UK,London,10.35,Shoulder,Traditional,7,1,8,8,1.2,104.68
UK,Manchester,8.61,Upper arm,Realism,6,1,4,2,0.6,98.93
UK,Edinburgh,6.6,Lower back,Blackwork,2,0,1,8,0.6,57.39
AU,Brisbane,23.37,Upper arm,Blackwork,10,0,1,2,1.0,93.75
US,New York,13.82,Upper back,Tribal,7,1,3,9,1.5,231.58
UK,London,10.56,Shoulder,Tribal,3,0,1,7,0.7,76.53
IN,Delhi,31.49,Upper back,Japanese,8,1,6,2,1.1,164.38
AU,Brisbane,2.99,Lower back,Japanese,6,1,8,2,0.5,74.02
IN,Bengaluru,22.71,Wrist,Minimalist,1,0,1,10,0.7,57.52
IN,Bangalore,27.27,Upper back,Realism,8,0,1,2,0.9,167.31
US,Austin,18.42,Calf,Traditional,1,1,2,1,0.5,48.83
AU,Sydney,3.98,Shoulder,Neo Traditional,5,1,7,2,0.5,84.72
US,Miami,19.75,Hand,Neo Traditional,9,1,4,9,2.4,501.9
AU,Brisbane,20.48,Neck,New School,4,1,4,3,0.8,119.44
UK,Manchester,1.67,Upper back,Traditional,4,1,5,1,0.5,42.78
AU,Perth,13.76,Thigh,Japanese,8,1,8,3,0.9,95.71
AU,Perth,12.81,Back,Watercolor,6,1,5,10,1.4,159.31
US,Los Angeles,30.29,Thigh,Japanese,1,0,1,1,0.5,128.77
AU,Brisbane,5.11,Forearm,Japanese,3,0,1,5,0.6,89.42
UK,Manchester,6.04,Lower back,Realism,7,0,1,1,0.5,74.39
AU,Perth,2.93,Back,New School,10,1,3,2,0.6,90.92
US,Austin,7.03,Ankle,Watercolor,6,1,8,5,0.8,156.14
IN,Delhi,4.06,Lower back,Blackwork,6,1,5,4,0.6,77.77
AU,Melbourne,7.54,Neck,Traditional,2,1,2,3,0.6,98.8
US,Chicago,5.17,Neck,Geometric,6,1,3,10,0.9,131.32
UK,Edinburgh,4.35,Lower back,Japanese,5,1,2,10,0.8,107.98
IN,Bengaluru,30.55,Upper back,Neo Traditional,5,1,7,8,2.0,268.68
AU,Sydney,10.74,Back,Minimalist,1,1,4,10,0.6,60.13
IN,Bengaluru,3.02,Back,Neo Traditional,5,1,2,1,0.5,68.61
US,Austin,5.1,Calf,Japanese,10,0,1,7,0.9,175.37
UK,Birmingham,8.06,Wrist,Neo Traditional,3,1,8,6,0.7,69.08
IN,Mangaluru,40.79,Thigh,Geometric,10,1,7,9,4.9,634.28
UK,Manchester,20.3,Thigh,Geometric,3,0,1,5,0.8,97.16
UK,Manchester,9.43,Neck,Geometric,2,1,2,4,0.6,64.7
IN,Mangaluru,16.65,Chest,Japanese,6,0,1,9,1.4,198.84
IN,Mumbai,13.0,Behind ear,Blackwork,5,1,6,3,0.7,120.52
IN,Mumbai,12.76,Rib,Japanese,9,0,1,7,1.3,340.25
IN,Bengaluru,15.55,Back,Neo Traditional,4,0,1,8,1.0,182.31
AU,Melbourne,11.3,Wrist,Traditional,10,1,4,1,0.6,76.1
AU,Melbourne,6.96,Hand,Neo Traditional,4,1,4,7,0.7,102.45
UK,Manchester,31.17,Chest,New School,2,0,1,9,1.1,136.85
UK,Birmingham,2.96,Wrist,Japanese,5,1,7,1,0.5,52.46
US,Chicago,12.84,Hand,Tribal,3,0,1,6,0.7,124.97
IN,Mumbai,10.85,Forearm,Japanese,9,0,1,8,1.3,256.8
IN,Pune,6.09,Back,Blackwork,9,1,6,2,0.6,76.02
UK,Edinburgh,2.0,Thigh,Realism,10,1,5,2,0.5,70.27
IN,Delhi,33.36,Rib,New School,2,0,1,10,1.2,293.79
UK,Birmingham,6.06,Forearm,Realism,3,0,1,6,0.6,80.95
IN,Mangaluru,49.3,Neck,Neo Traditional,6,0,1,4,1.7,227.53
IN,Bengaluru,57.32,Ankle,Minimalist,3,0,1,8,1.9,191.55
AU,Brisbane,23.99,Ankle,Watercolor,10,1,6,2,1.1,129.43
US,Chicago,8.59,Thigh,Geometric,1,0,1,9,0.6,91.65
US,Los Angeles,8.96,Neck,Realism,8,0,1,9,1.1,286.43
UK,Manchester,38.62,Chest,Minimalist,4,0,1,6,1.4,101.35
UK,London,6.22,Calf,Neo Traditional,7,1,2,8,0.9,119.98
AU,Brisbane,9.86,Shoulder,Blackwork,8,1,6,9,1.4,123.26
US,Miami,87.43,Foot,Japanese,2,0,1,2,0.8,132.2
US,Los Angeles,12.08,Rib,Watercolor,4,0,1,1,0.5,113.33
IN,Delhi,7.54,Wrist,Traditional,4,0,1,4,0.6,81.64
US,Los Angeles,4.55,Neck,Traditional,7,0,1,2,0.6,108.02
UK,Manchester,40.95,Back,Watercolor,7,1,4,2,1.2,176.98
AU,Perth,8.3,Forearm,Minimalist,10,1,5,9,1.4,128.38
US,Austin,9.47,Shoulder,Traditional,2,0,1,4,0.6,54.58
US,Los Angeles,5.18,Wrist,Geometric,5,1,2,4,0.6,115.08
IN,Bengaluru,4.94,Shoulder,Geometric,2,1,6,6,0.6,76.39
UK,Edinburgh,5.1,Lower back,Watercolor,7,0,1,1,0.5,62.02
IN,Bangalore,31.72,Calf,Minimalist,8,1,3,10,3.5,389.3
UK,Birmingham,12.87,Thigh,Tribal,10,1,4,4,1.1,89.67
AU,Sydney,23.04,Finger,Blackwork,10,0,1,8,2.3,406.88
AU,Perth,3.47,Lower back,Watercolor,6,0,1,5,0.6,82.49
US,Austin,14.32,Chest,Tribal,4,0,1,9,1.0,102.42
IN,Bengaluru,9.26,Lower back,Geometric,3,1,4,5,0.7,107.96
AU,Sydney,17.1,Wrist,Geometric,3,1,3,9,1.1,107.49
US,Chicago,15.05,Forearm,Tribal,10,0,1,7,1.6,161.82
IN,Delhi,16.29,Neck,Japanese,9,1,5,4,1.2,324.33
AU,Melbourne,18.03,Neck,Blackwork,9,1,8,7,1.9,300.04
UK,London,18.33,Chest,Traditional,10,0,1,7,1.8,222.54
US,New York,11.85,Hand,Traditional,5,1,5,5,0.9,184.01
AU,Melbourne,4.89,Chest,Traditional,9,1,3,1,0.6,66.9
UK,Edinburgh,43.54,Calf,Realism,6,1,5,6,2.4,288.87
US,Chicago,18.37,Upper arm,Realism,6,1,3,10,1.8,432.77
IN,Pune,17.78,Lower back,Realism,8,0,1,9,1.8,291.38
AU,Melbourne,37.78,Forearm,Realism,5,0,1,1,0.7,98.53
UK,Edinburgh,7.52,Hand,New School,1,0,1,2,0.5,68.07
AU,Sydney,14.97,Back,Tribal,5,0,1,2,0.6,96.13
AU,Perth,15.04,Forearm,Traditional,4,1,5,1,0.6,50.37
AU,Perth,26.3,Upper back,Traditional,1,0,1,6,0.7,77.83
US,Chicago,4.71,Finger,Blackwork,5,0,1,5,0.6,95.54
IN,Mumbai,5.45,Hand,Tribal,1,0,1,5,0.5,71.09
AU,Sydney,10.11,Upper arm,Geometric,10,1,6,2,0.7,99.92
AU,Melbourne,15.4,Upper arm,New School,4,1,2,3,0.7,65.13
IN,Pune,7.25,Neck,Minimalist,3,0,1,8,0.7,77.03
IN,Bengaluru,39.56,Calf,Minimalist,4,0,1,5,1.3,143.77
IN,Bengaluru,13.53,Calf,Japanese,7,0,1,8,1.3,254.6
AU,Brisbane,29.43,Rib,Neo Traditional,3,1,3,3,0.8,139.5
AU,Perth,13.2,Calf,Japanese,5,0,1,3,0.7,104.55
IN,Delhi,15.92,Thigh,Neo Traditional,9,1,5,6,1.5,237.97
UK,London,6.19,Thigh,Minimalist,3,0,1,10,0.7,50.04
IN,Mangaluru,12.65,Upper back,Geometric,10,0,1,1,0.6,85.99
UK,Edinburgh,11.57,Shoulder,Japanese,9,0,1,8,1.3,149.22
US,Miami,12.7,Chest,Geometric,5,0,1,8,1.0,147.44
IN,Mangaluru,6.49,Upper back,Tribal,3,1,5,5,0.6,75.14
US,Chicago,22.66,Calf,Minimalist,1,1,6,10,0.8,82.73
AU,Melbourne,1.51,Calf,Japanese,2,0,1,8,0.5,78.36
UK,Edinburgh,10.74,Back,Tribal,5,0,1,2,0.6,63.21
US,Austin,23.22,Back,Realism,10,1,3,7,2.5,370.41
AU,Brisbane,20.98,Lower back,Minimalist,5,0,1,7,1.2,84.92
UK,London,9.1,Forearm,Traditional,3,1,2,6,0.7,109.52
UK,Manchester,19.94,Shoulder,Realism,4,1,5,2,0.7,100.11
US,Austin,20.15,Calf,Japanese,5,0,1,2,0.7,85.98
IN,Bangalore,33.28,Ankle,Neo Traditional,7,0,1,3,1.2,209.52
IN,Pune,6.69,Neck,Geometric,6,0,1,1,0.5,94.32
AU,Sydney,11.51,Neck,Neo Traditional,10,1,2,1,0.6,91.99
IN,Bengaluru,14.21,Neck,Japanese,10,0,1,10,1.9,466.43
AU,Brisbane,3.04,Neck,Traditional,6,1,2,9,0.7,115.43
AU,Sydney,49.94,Neck,New School,8,0,1,3,1.7,377.41
US,Los Angeles,15.06,Chest,Blackwork,6,1,7,7,1.3,180.71
IN,Delhi,32.93,Neck,Traditional,4,1,4,5,1.3,279.31
AU,Melbourne,4.74,Foot,Realism,4,0,1,5,0.6,103.97
UK,London,10.88,Behind ear,Blackwork,2,0,1,4,0.6,54.8
UK,Edinburgh,30.68,Hand,Geometric,1,1,8,6,0.7,86.64
US,Chicago,3.38,Chest,Minimalist,6,1,3,5,0.6,54.05
AU,Brisbane,22.54,Upper back,Traditional,1,1,6,1,0.5,45.66
IN,Pune,11.24,Chest,Watercolor,3,0,1,1,0.5,61.63
UK,Edinburgh,5.91,Neck,Tribal,7,0,1,6,0.7,84.1
AU,Melbourne,5.14,Ankle,Traditional,10,1,3,8,1.0,123.01
UK,Birmingham,37.1,Neck,Tribal,1,1,8,1,0.5,53.64
US,New York,15.22,Upper back,Watercolor,3,0,1,3,0.6,102.13
US,Austin,151.37,Neck,Neo Traditional,6,1,2,2,2.7,581.71
IN,Bengaluru,100.09,Chest,Japanese,3,1,2,6,2.7,471.03
IN,Pune,2.17,Foot,Realism,6,0,1,6,0.6,88.81
US,Chicago,48.93,Calf,Blackwork,5,1,6,1,0.8,112.39
UK,Manchester,9.67,Chest,Traditional,5,0,1,1,0.5,48.46
US,Miami,28.96,Upper back,Tribal,8,1,7,5,1.9,212.93
IN,Mangaluru,2.44,Hand,Blackwork,4,0,1,7,0.6,97.99
UK,Edinburgh,7.31,Chest,Minimalist,5,0,1,6,0.7,41.45
UK,Manchester,13.08,Back,New School,10,0,1,7,1.4,187.73
AU,Sydney,5.19,Calf,Traditional,3,0,1,7,0.6,59.9
US,Miami,6.46,Hand,Geometric,3,0,1,4,0.6,107.48
IN,Delhi,15.23,Thigh,Tribal,10,1,8,10,2.3,318.92
UK,Manchester,10.78,Neck,Blackwork,4,1,3,6,0.8,115.47
US,Los Angeles,14.85,Ankle,Minimalist,2,0,1,8,0.7,76.42
UK,Manchester,18.48,Behind ear,Watercolor,9,0,1,9,2.0,214.83
AU,Sydney,16.49,Upper back,Tribal,1,1,8,2,0.5,51.07
IN,Delhi,4.13,Hand,Japanese,2,0,1,8,0.6,118.88
AU,Sydney,17.29,Thigh,Japanese,5,0,1,7,1.1,159.89
UK,Birmingham,12.4,Ankle,Blackwork,8,0,1,10,1.5,112.46
UK,Edinburgh,13.99,Behind ear,Japanese,3,0,1,1,0.5,59.91
UK,Birmingham,6.21,Neck,Realism,1,1,6,8,0.6,106.47
US,Austin,37.79,Shoulder,Minimalist,5,0,1,9,2.2,247.09
UK,London,10.85,Calf,New School,7,1,4,3,0.8,121.2
AU,Brisbane,7.88,Finger,Minimalist,4,1,4,1,0.5,48.43
AU,Perth,14.73,Ankle,Geometric,8,0,1,2,0.7,62.39
AU,Brisbane,15.28,Shoulder,Blackwork,10,1,6,10,2.3,240.93
US,Chicago,8.86,Hand,New School,4,1,6,3,0.6,86.18
UK,Birmingham,9.79,Thigh,Tribal,6,0,1,5,0.8,61.12
IN,Bangalore,20.77,Lower back,Neo Traditional,8,1,4,7,1.9,216.32
IN,Mangaluru,18.67,Foot,Tribal,7,0,1,10,1.8,251.15
IN,Delhi,41.18,Calf,Minimalist,6,1,3,3,1.4,129.62
AU,Melbourne,23.43,Chest,New School,1,0,1,1,0.5,55.92
UK,Birmingham,20.09,Upper back,Blackwork,2,1,3,6,0.8,68.04
AU,Perth,11.18,Hand,Geometric,4,1,6,1,0.6,70.08
IN,Delhi,14.23,Hand,Geometric,4,0,1,2,0.6,95.51
IN,Mumbai,9.33,Ankle,Minimalist,1,1,2,10,0.6,50.98
US,Los Angeles,43.85,Hand,Blackwork,5,1,6,1,0.8,167.62
IN,Mangaluru,7.5,Foot,Tribal,4,1,2,2,0.6,68.15
AU,Perth,30.99,Chest,Blackwork,6,1,5,7,2.1,283.18
IN,Mumbai,23.77,Back,Watercolor,3,0,1,7,1.0,167.94
IN,Mumbai,18.16,Upper arm,Realism,9,1,2,7,1.9,268.6
IN,Delhi,27.53,Chest,Japanese,6,0,1,4,1.2,203.53
US,Miami,16.53,Upper arm,Traditional,7,0,1,9,1.5,207.65
IN,Mangaluru,1.62,Hand,New School,10,1,3,4,0.6,100.69
UK,Manchester,7.48,Hand,Minimalist,7,1,8,9,1.1,96.55
UK,Manchester,35.74,Forearm,Minimalist,5,1,8,3,1.1,69.91
UK,Manchester,5.32,Ankle,Tribal,4,0,1,6,0.6,59.78
UK,London,8.59,Hand,Blackwork,1,0,1,4,0.5,91.93
US,Los Angeles,5.35,Foot,Tribal,4,0,1,9,0.7,119.43
AU,Melbourne,11.9,Upper back,Tribal,9,1,2,1,0.6,68.64
US,Los Angeles,2.68,Finger,Japanese,2,1,5,4,0.5,165.11
UK,Manchester,9.18,Chest,Realism,7,1,7,3,0.7,83.03
AU,Perth,23.9,Back,Japanese,3,1,2,7,1.1,219.74
IN,Delhi,9.72,Neck,Japanese,2,1,4,10,0.7,168.17
US,Austin,9.82,Behind ear,Geometric,5,1,8,4,0.7,85.58
AU,Melbourne,3.02,Calf,Watercolor,2,0,1,1,0.5,62.93
AU,Melbourne,10.52,Ankle,Tribal,9,0,1,9,1.4,148.59
IN,Bangalore,15.68,Ankle,New School,5,0,1,7,1.0,144.62
IN,Delhi,23.06,Ankle,Geometric,6,1,2,10,2.2,240.3
UK,London,9.52,Rib,Traditional,9,1,6,10,1.5,244.33
IN,Bangalore,16.95,Ankle,Traditional,7,1,5,6,1.4,141.98
AU,Perth,5.62,Shoulder,Japanese,4,1,4,5,0.6,85.52
UK,Birmingham,4.68,Calf,New School,3,1,3,2,0.5,49.98
UK,Manchester,5.19,Behind ear,Geometric,4,0,1,10,0.7,50.65
US,Austin,10.88,Calf,Traditional,2,0,1,5,0.6,68.99
US,Los Angeles,14.68,Shoulder,Geometric,3,0,1,1,0.5,93.8
IN,Mumbai,11.2,Behind ear,New School,5,1,3,1,0.6,81.56
IN,Delhi,28.16,Foot,New School,6,0,1,10,2.2,327.94
UK,Edinburgh,4.44,Finger,Watercolor,7,0,1,2,0.6,61.58
UK,London,10.44,Upper arm,Geometric,4,0,1,3,0.6,86.32
IN,Mangaluru,5.52,Neck,Japanese,7,0,1,5,0.7,148.36
UK,London,17.29,Lower back,Geometric,2,0,1,2,0.6,89.12
US,New York,41.51,Hand,Watercolor,8,0,1,8,3.2,796.03
AU,Brisbane,18.03,Upper back,Watercolor,1,0,1,10,0.7,91.18
UK,London,9.77,Thigh,Watercolor,6,1,6,10,1.2,160.14
US,Miami,12.32,Behind ear,Traditional,4,1,3,8,1.0,136.4
UK,London,23.75,Neck,Watercolor,4,0,1,7,1.2,282.59
UK,Birmingham,11.4,Hand,Blackwork,1,0,1,4,0.5,63.71
AU,Melbourne,15.85,Chest,Tribal,3,0,1,4,0.7,44.77
US,New York,19.77,Ankle,Watercolor,8,0,1,7,1.6,315.01
IN,Pune,23.73,Behind ear,Blackwork,7,1,6,9,2.3,288.11
AU,Perth,29.28,Behind ear,Neo Traditional,5,1,8,4,1.2,146.77
IN,Mangaluru,3.6,Foot,Watercolor,10,1,3,6,0.8,109.11
US,Los Angeles,27.87,Shoulder,Geometric,7,1,8,5,1.7,194.17
IN,Mumbai,13.11,Foot,Japanese,1,1,4,8,0.6,134.91
IN,Mumbai,9.09,Thigh,Blackwork,3,0,1,10,0.8,115.18
US,Los Angeles,20.63,Foot,Watercolor,4,1,8,6,1.1,207.17
UK,Birmingham,11.78,Ankle,Tribal,10,0,1,7,1.3,104.52
US,Los Angeles,34.58,Rib,New School,2,1,5,4,0.8,154.12
AU,Perth,24.36,Calf,Tribal,8,1,3,8,2.4,223.58
AU,Sydney,25.82,Wrist,Watercolor,8,0,1,1,0.7,105.45
IN,Bangalore,19.47,Upper arm,Neo Traditional,2,1,5,10,1.0,163.88
AU,Sydney,9.41,Finger,Neo Traditional,7,1,2,5,0.9,130.29
AU,Sydney,29.49,Calf,Neo Traditional,2,0,1,4,0.7,92.71
IN,Mangaluru,7.53,Upper back,Traditional,6,0,1,3,0.6,80.39
UK,Birmingham,14.66,Upper arm,Traditional,9,0,1,3,0.9,74.69
IN,Mumbai,6.18,Rib,Japanese,7,1,8,8,0.9,165.18
AU,Brisbane,17.59,Thigh,New School,10,1,2,7,2.0,284.36
US,Austin,9.71,Neck,Japanese,2,0,1,8,0.7,111.07
US,Los Angeles,14.93,Ankle,Neo Traditional,6,1,7,1,0.6,108.13
IN,Delhi,27.98,Back,Tribal,10,0,1,1,0.8,120.97
AU,Brisbane,13.32,Ankle,Tribal,8,0,1,8,1.4,135.88
US,Chicago,11.54,Forearm,Watercolor,10,0,1,4,1.0,149.55
AU,Melbourne,4.76,Foot,Watercolor,9,1,6,10,1.0,161.04
IN,Delhi,12.37,Forearm,Realism,2,0,1,4,0.6,71.17
US,Chicago,7.34,Neck,Realism,1,0,1,10,0.6,148.92
AU,Melbourne,35.51,Neck,Realism,5,0,1,10,2.3,506.94
AU,Brisbane,20.05,Calf,Blackwork,10,1,6,6,1.9,227.15
IN,Bengaluru,31.98,Thigh,Minimalist,3,0,1,3,0.8,82.23
IN,Mangaluru,8.77,Wrist,Tribal,1,0,1,2,0.5,52.32
AU,Perth,4.62,Hand,Neo Traditional,1,1,5,3,0.5,67.96
AU,Sydney,3.69,Finger,New School,2,0,1,2,0.5,79.32
UK,Manchester,12.33,Wrist,Tribal,4,1,3,5,0.8,53.48
US,Miami,11.68,Behind ear,Neo Traditional,10,1,7,9,1.8,284.61
AU,Perth,11.07,Thigh,New School,10,0,1,9,1.5,153.92
UK,Manchester,7.88,Neck,Realism,8,1,2,10,1.3,210.32
AU,Perth,3.6,Foot,Watercolor,7,1,5,6,0.7,123.49
US,Chicago,58.15,Calf,Realism,2,1,3,4,1.1,218.51
AU,Perth,28.41,Ankle,Geometric,1,0,1,2,0.6,68.22
AU,Perth,4.2,Wrist,New School,1,0,1,9,0.5,55.72
UK,Birmingham,14.52,Upper back,Geometric,5,1,6,4,0.8,65.38
AU,Sydney,18.19,Chest,Realism,3,0,1,4,0.7,110.61
US,Los Angeles,49.75,Foot,Blackwork,5,0,1,5,1.7,333.56
UK,London,14.82,Forearm,Blackwork,1,0,1,6,0.6,94.35
US,Los Angeles,12.09,Finger,Neo Traditional,5,1,7,5,0.9,138.95
US,New York,1.46,Upper back,New School,4,1,2,2,0.5,72.47
US,Miami,11.48,Shoulder,Traditional,3,0,1,1,0.5,66.9
UK,Manchester,8.67,Ankle,Blackwork,6,0,1,2,0.6,61.54
IN,Mangaluru,41.75,Finger,Geometric,1,0,1,7,0.8,103.27
IN,Delhi,7.44,Shoulder,Blackwork,2,1,3,9,0.7,91.56
US,Austin,6.42,Wrist,New School,3,0,1,8,0.7,92.85
AU,Brisbane,58.12,Upper back,Blackwork,1,1,4,2,0.6,55.59
IN,Bangalore,9.72,Ankle,Japanese,3,0,1,8,0.7,113.36
IN,Bengaluru,9.84,Thigh,Tribal,4,0,1,5,0.7,90.64
AU,Melbourne,17.06,Back,Traditional,9,0,1,1,0.7,93.72
US,Miami,27.01,Chest,Watercolor,9,0,1,5,1.7,302.49
AU,Melbourne,3.24,Back,Realism,9,1,8,1,0.5,114.02
IN,Bengaluru,11.02,Thigh,Geometric,10,0,1,2,0.7,76.02
AU,Perth,9.7,Foot,Realism,1,1,7,8,0.6,75.77
UK,Edinburgh,8.51,Upper arm,Neo Traditional,8,0,1,7,1.0,99.17
AU,Melbourne,107.61,Calf,Realism,5,0,1,4,2.7,477.25
US,Chicago,6.13,Ankle,Watercolor,4,1,5,6,0.7,111.63
AU,Brisbane,23.57,Rib,Watercolor,7,1,7,5,1.5,257.53
AU,Brisbane,9.48,Upper back,Traditional,8,0,1,7,1.0,102.86
IN,Pune,18.16,Shoulder,Blackwork,7,1,3,10,2.0,218.2
US,Los Angeles,10.42,Wrist,Minimalist,2,1,4,10,0.8,109.3
UK,Manchester,5.77,Foot,Traditional,7,0,1,5,0.7,62.32
IN,Bengaluru,10.4,Thigh,Geometric,9,1,4,8,1.4,194.06
US,New York,12.49,Neck,Minimalist,6,0,1,9,1.2,196.71
UK,Manchester,19.83,Thigh,Minimalist,10,1,6,4,1.5,100.34
AU,Melbourne,5.44,Foot,Traditional,8,1,7,6,0.8,88.58
IN,Mangaluru,22.87,Rib,Traditional,1,1,4,9,0.7,81.74
US,Austin,10.51,Shoulder,Blackwork,1,1,5,8,0.6,92.87
UK,Birmingham,12.64,Wrist,Blackwork,10,1,4,4,1.1,94.33
US,Los Angeles,3.73,Hand,Japanese,10,1,2,8,0.9,128.71
UK,London,7.07,Wrist,Blackwork,4,0,1,10,0.8,98.89
AU,Sydney,5.33,Foot,Traditional,9,0,1,7,0.8,92.51
IN,Mangaluru,60.56,Foot,Traditional,5,1,8,8,3.4,340.8
US,Austin,2.24,Lower back,Minimalist,3,1,8,4,0.5,43.93
US,Los Angeles,15.64,Ankle,Minimalist,10,1,3,8,2.0,245.67
UK,London,16.0,Foot,Realism,10,1,7,7,1.8,424.93
UK,Edinburgh,5.99,Forearm,Realism,8,0,1,5,0.7,102.8
IN,Delhi,19.69,Finger,New School,10,1,3,2,1.0,171.5
AU,Melbourne,15.96,Upper back,Neo Traditional,7,0,1,5,1.1,150.21
IN,Bangalore,21.59,Shoulder,Realism,1,0,1,8,0.7,122.02
US,New York,15.24,Wrist,Realism,2,1,3,3,0.6,156.62
US,Austin,22.27,Thigh,Realism,8,1,6,7,2.0,358.79
US,Austin,2.36,Hand,Realism,5,1,8,4,0.6,100.64
US,Chicago,54.84,Upper back,Japanese,10,0,1,10,6.0,1032.91
IN,Bengaluru,19.05,Forearm,Geometric,4,0,1,4,0.8,102.08
US,Los Angeles,8.12,Back,Neo Traditional,8,0,1,5,0.8,169.92
UK,Edinburgh,17.76,Calf,Traditional,3,1,8,5,0.8,61.11
AU,Perth,15.39,Chest,Minimalist,5,1,3,10,1.4,115.54
UK,Manchester,12.33,Neck,Geometric,2,0,1,5,0.6,88.88
UK,Edinburgh,8.4,Rib,Japanese,4,1,7,5,0.7,126.37
IN,Delhi,27.91,Upper arm,Traditional,8,1,3,1,0.8,96.89
US,Miami,3.44,Calf,Traditional,2,1,7,2,0.5,56.86
IN,Pune,9.47,Forearm,Neo Traditional,3,1,2,1,0.5,71.38
UK,London,10.7,Behind ear,Minimalist,5,0,1,4,0.7,78.42
UK,Edinburgh,2.98,Neck,Minimalist,7,1,2,8,0.7,66.39
US,Chicago,13.93,Wrist,New School,6,1,4,5,1.0,124.31
US,New York,17.67,Upper arm,New School,3,0,1,5,0.8,142.48
IN,Pune,9.63,Back,New School,7,1,8,5,0.9,123.14
AU,Sydney,24.97,Behind ear,Neo Traditional,2,0,1,6,0.8,120.59
AU,Brisbane,8.98,Finger,Japanese,6,0,1,9,1.0,169.39
US,Chicago,26.44,Thigh,Watercolor,3,0,1,5,0.9,142.53
UK,London,8.56,Calf,Realism,8,0,1,9,1.1,204.95
IN,Bangalore,39.1,Thigh,Realism,1,0,1,6,0.7,132.19
UK,London,7.96,Wrist,Traditional,9,1,4,1,0.6,78.71
US,Miami,7.21,Finger,Minimalist,10,1,2,2,0.7,76.03
AU,Sydney,10.71,Finger,Japanese,2,0,1,5,0.6,96.88
IN,Bangalore,11.67,Upper arm,Watercolor,3,0,1,2,0.6,102.4
US,Miami,3.2,Forearm,Realism,3,1,2,2,0.5,118.22
AU,Brisbane,2.22,Ankle,Minimalist,1,0,1,5,0.5,39.79
IN,Delhi,13.42,Wrist,Realism,3,1,3,7,0.8,171.41
UK,London,18.5,Forearm,Blackwork,5,0,1,7,1.1,118.21
UK,Manchester,10.7,Behind ear,Tribal,3,1,2,4,0.7,72.64
IN,Mangaluru,9.02,Lower back,Blackwork,8,0,1,2,0.6,72.34
US,Austin,25.93,Lower back,Geometric,4,1,3,9,1.6,195.19
IN,Bangalore,1.59,Back,Japanese,1,1,6,4,0.5,98.77
IN,Bangalore,14.02,Wrist,Geometric,10,0,1,6,1.3,149.46
AU,Brisbane,16.34,Neck,Traditional,9,0,1,3,0.9,150.29
AU,Melbourne,11.06,Hand,Watercolor,3,0,1,2,0.6,112.11
US,Los Angeles,60.39,Back,Traditional,6,0,1,2,1.2,209.72
UK,London,10.94,Shoulder,Japanese,7,0,1,3,0.7,105.15
UK,Birmingham,23.62,Chest,Geometric,4,0,1,8,1.3,113.61
UK,London,6.94,Forearm,Japanese,8,0,1,6,0.8,173.52
IN,Delhi,53.43,Rib,Watercolor,7,0,1,2,1.2,295.18
US,Chicago,19.12,Thigh,Japanese,3,1,7,1,0.6,92.53
IN,Pune,60.24,Lower back,Watercolor,9,0,1,6,3.8,607.53
AU,Brisbane,7.76,Lower back,Tribal,7,1,5,3,0.7,65.17
IN,Pune,4.71,Upper arm,New School,9,0,1,10,0.9,120.34
AU,Perth,6.27,Upper back,Traditional,2,0,1,1,0.5,47.08
AU,Brisbane,10.62,Lower back,Japanese,2,0,1,4,0.6,71.12
IN,Delhi,10.34,Finger,New School,10,0,1,1,0.6,114.7
AU,Sydney,14.04,Neck,Minimalist,6,0,1,9,1.3,179.8
AU,Brisbane,6.9,Finger,Tribal,8,1,3,10,1.2,106.95
IN,Pune,20.84,Ankle,New School,6,0,1,6,1.3,181.26
AU,Melbourne,9.27,Rib,Watercolor,7,0,1,8,1.0,191.26
UK,Edinburgh,3.53,Ankle,Tribal,5,0,1,3,0.6,53.6
US,Chicago,8.63,Calf,Minimalist,2,1,7,6,0.6,74.95
US,Chicago,5.75,Behind ear,New School,8,1,2,1,0.6,74.13
US,Miami,9.45,Chest,Tribal,10,1,4,1,0.6,63.32
UK,Manchester,6.29,Neck,Minimalist,10,0,1,10,1.1,112.31
UK,London,40.66,Thigh,Minimalist,5,1,6,1,0.7,64.56
IN,Mumbai,4.67,Neck,Tribal,1,0,1,8,0.5,90.82
US,Chicago,9.02,Foot,New School,1,1,6,8,0.6,79.13
UK,Edinburgh,4.91,Calf,Realism,7,1,5,6,0.7,91.85
UK,Manchester,3.36,Thigh,Traditional,2,1,4,7,0.6,58.77
AU,Melbourne,18.82,Thigh,Blackwork,10,0,1,6,1.6,203.03
AU,Sydney,19.48,Shoulder,Realism,4,0,1,6,1.0,172.15
UK,Edinburgh,15.93,Upper arm,Tribal,6,1,5,2,0.7,76.27
US,New York,24.56,Rib,Watercolor,8,0,1,9,2.3,555.78
UK,Manchester,33.18,Calf,Realism,3,0,1,10,1.5,231.75
IN,Mumbai,9.17,Foot,Realism,8,1,7,4,0.9,245.82
AU,Melbourne,12.83,Shoulder,Neo Traditional,5,0,1,10,1.1,168.36
US,New York,33.64,Hand,Geometric,1,0,1,7,0.7,133.48
US,Austin,14.5,Hand,Minimalist,7,0,1,5,1.0,143.91
US,Austin,3.89,Lower back,Japanese,1,1,2,6,0.5,82.76
US,Miami,3.15,Wrist,Geometric,8,1,2,5,0.7,103.43
AU,Brisbane,8.15,Calf,Blackwork,10,0,1,8,1.2,114.6
US,New York,4.25,Forearm,New School,5,0,1,5,0.6,108.17
UK,Manchester,14.09,Wrist,Traditional,3,0,1,4,0.7,69.84
UK,Manchester,5.58,Lower back,Watercolor,10,1,5,3,0.7,90.96
US,Austin,30.13,Wrist,Geometric,10,0,1,2,1.1,134.44
US,New York,2.54,Lower back,Neo Traditional,9,1,8,6,0.7,136.93
AU,Melbourne,11.54,Shoulder,Watercolor,3,1,5,1,0.5,55.39
US,Los Angeles,2.28,Calf,Traditional,1,0,1,8,0.5,68.06
AU,Sydney,3.12,Shoulder,Watercolor,9,0,1,3,0.6,96.38
US,Los Angeles,10.24,Foot,Realism,4,1,3,6,0.8,160.62
UK,Birmingham,43.41,Behind ear,Minimalist,4,1,5,10,2.6,170.87
UK,Manchester,6.29,Rib,Japanese,8,0,1,6,0.8,135.66
AU,Brisbane,14.33,Thigh,New School,3,0,1,8,0.8,84.68
US,Los Angeles,20.53,Ankle,New School,1,1,8,7,0.7,138.69
AU,Sydney,5.12,Chest,Watercolor,6,0,1,4,0.6,107.46
UK,London,34.6,Neck,Japanese,1,0,1,5,0.7,167.98
US,Miami,9.0,Upper back,Minimalist,4,0,1,4,0.6,44.25
UK,Manchester,6.73,Upper arm,Minimalist,10,0,1,2,0.6,41.66
UK,London,19.56,Thigh,Minimalist,6,0,1,6,1.2,135.27
IN,Bangalore,15.87,Thigh,Minimalist,4,0,1,6,0.9,84.59
UK,London,38.98,Foot,Blackwork,8,0,1,9,3.3,392.51
UK,Manchester,5.36,Shoulder,Minimalist,3,0,1,2,0.5,43.59
AU,Sydney,3.21,Foot,Minimalist,4,0,1,10,0.6,50.62
IN,Pune,7.19,Upper back,New School,3,1,2,1,0.5,73.47
US,New York,2.7,Forearm,Traditional,5,0,1,10,0.6,69.43
US,Chicago,11.83,Upper back,Geometric,3,0,1,3,0.6,101.82
US,Los Angeles,4.96,Neck,Realism,6,1,8,2,0.6,147.25
IN,Mumbai,9.39,Forearm,Watercolor,4,1,4,5,0.7,134.4
AU,Sydney,22.64,Behind ear,New School,10,1,4,7,2.4,412.09
UK,London,4.15,Back,Geometric,5,1,4,5,0.6,73.07
AU,Sydney,4.36,Back,Watercolor,5,1,6,7,0.7,111.3
US,Chicago,11.56,Ankle,Blackwork,5,0,1,2,0.6,84.53
AU,Perth,10.85,Forearm,Traditional,3,0,1,7,0.7,66.43
US,Chicago,13.23,Wrist,Japanese,2,1,7,6,0.7,118.02
IN,Mumbai,11.05,Calf,Minimalist,1,1,6,8,0.6,67.21
UK,Edinburgh,39.21,Ankle,Geometric,9,0,1,8,3.3,319.56
UK,Edinburgh,4.84,Back,New School,1,0,1,2,0.5,46.9
IN,Bangalore,8.83,Upper arm,Neo Traditional,5,1,8,9,1.0,156.31
UK,Edinburgh,10.87,Upper arm,Minimalist,9,0,1,10,1.5,108.95
AU,Sydney,12.14,Foot,Tribal,2,0,1,3,0.6,76.66
AU,Perth,39.5,Calf,Traditional,8,0,1,10,3.7,361.64
UK,London,7.06,Upper arm,New School,4,0,1,9,0.8,135.11
US,Austin,5.15,Hand,Minimalist,8,0,1,1,0.5,55.47
US,Chicago,4.17,Hand,Watercolor,8,1,5,5,0.7,113.6
UK,Manchester,4.63,Ankle,Tribal,9,0,1,10,0.9,82.12
AU,Brisbane,13.72,Wrist,Watercolor,1,0,1,5,0.6,73.73
UK,Edinburgh,9.61,Finger,Watercolor,10,1,5,9,1.5,206.72
IN,Delhi,1.0,Forearm,Tribal,8,1,8,8,0.6,77.25
UK,Birmingham,20.56,Behind ear,Japanese,4,0,1,4,0.8,79.48
US,Chicago,17.29,Hand,Realism,3,1,8,1,0.6,167.27
US,Austin,23.8,Finger,Japanese,7,0,1,8,1.8,321.77
IN,Bangalore,13.46,Finger,Traditional,2,0,1,1,0.5,55.61
AU,Melbourne,1.69,Calf,Neo Traditional,2,0,1,2,0.5,72.4
IN,Delhi,23.53,Forearm,Realism,4,1,5,2,0.7,136.2
IN,Pune,17.51,Hand,New School,2,0,1,9,0.8,133.83
UK,London,16.36,Calf,Tribal,8,0,1,6,1.3,159.98
IN,Bangalore,10.75,Back,Blackwork,1,0,1,7,0.6,106.57
IN,Mumbai,23.52,Finger,Traditional,8,1,3,7,2.1,246.79
UK,Manchester,3.42,Lower back,Neo Traditional,8,0,1,8,0.7,78.35
IN,Mangaluru,7.76,Thigh,Realism,2,1,7,10,0.7,107.1
UK,Manchester,4.63,Chest,Realism,9,0,1,10,0.9,119.49
AU,Perth,32.63,Chest,Minimalist,5,0,1,7,1.6,132.22
UK,Manchester,4.87,Shoulder,Tribal,4,1,3,6,0.6,34.09
UK,Edinburgh,6.39,Thigh,Tribal,1,0,1,2,0.5,40.97
AU,Sydney,32.01,Shoulder,Realism,7,1,8,6,2.1,402.57
IN,Pune,3.08,Chest,Blackwork,7,1,8,4,0.6,80.12
US,New York,9.7,Upper back,Tribal,2,0,1,9,0.7,130.01
US,Miami,5.03,Chest,Neo Traditional,9,1,2,6,0.8,138.26
UK,London,8.63,Wrist,Japanese,2,1,5,7,0.6,97.19
AU,Brisbane,8.85,Finger,Geometric,4,0,1,4,0.6,77.31
AU,Sydney,6.28,Lower back,Japanese,7,1,6,2,0.6,108.39
IN,Delhi,19.56,Upper arm,Realism,4,1,6,2,0.7,140.75
US,New York,14.67,Behind ear,Geometric,4,1,2,2,0.6,87.42
IN,Delhi,25.44,Wrist,Japanese,7,1,4,5,1.6,216.06
US,Miami,4.66,Back,Japanese,7,0,1,6,0.7,158.45
UK,Manchester,16.51,Lower back,Geometric,8,0,1,3,0.9,83.05
US,Los Angeles,39.12,Rib,New School,7,1,4,5,2.1,464.24
AU,Sydney,23.65,Shoulder,New School,3,0,1,5,0.9,131.72
IN,Delhi,16.89,Behind ear,Minimalist,7,1,7,5,1.2,114.59
US,Chicago,4.67,Forearm,Neo Traditional,4,0,1,5,0.6,92.2
AU,Perth,8.47,Foot,Japanese,4,0,1,5,0.7,99.29
US,New York,13.92,Back,Japanese,4,0,1,4,0.7,128.27
US,Los Angeles,15.74,Upper arm,Minimalist,6,0,1,6,1.1,137.12
IN,Pune,3.79,Ankle,Geometric,10,0,1,5,0.7,91.35
US,Austin,7.35,Back,Blackwork,8,0,1,4,0.7,106.82
IN,Bengaluru,7.8,Lower back,Realism,5,0,1,3,0.6,137.51
UK,Birmingham,26.44,Thigh,Neo Traditional,5,0,1,9,1.7,128.5
AU,Melbourne,6.99,Foot,Geometric,3,0,1,2,0.5,67.96
AU,Perth,4.19,Foot,Minimalist,1,0,1,3,0.5,29.12
UK,Birmingham,20.55,Finger,Traditional,10,0,1,6,1.7,174.58
UK,Birmingham,13.42,Forearm,Minimalist,9,1,8,1,0.6,34.64
UK,Birmingham,2.52,Finger,Tribal,9,1,8,8,0.7,61.08
UK,Edinburgh,6.25,Upper arm,Tribal,5,0,1,9,0.8,67.92
IN,Mangaluru,28.76,Chest,Traditional,6,0,1,3,1.0,107.63
IN,Pune,14.26,Forearm,Geometric,8,0,1,3,0.8,83.31
IN,Mangaluru,12.78,Shoulder,New School,8,1,6,3,0.9,125.41
UK,London,4.38,Rib,New School,10,0,1,2,0.6,138.9
AU,Perth,7.74,Ankle,New School,7,1,2,8,1.0,150.9
IN,Delhi,3.11,Calf,Geometric,3,1,7,6,0.6,86.91
UK,Manchester,5.7,Thigh,Geometric,9,0,1,8,0.9,83.3
IN,Mumbai,83.12,Behind ear,New School,4,0,1,6,2.5,443.09
UK,Manchester,9.44,Chest,Watercolor,8,0,1,8,1.1,136.04
IN,Delhi,24.82,Foot,Japanese,1,0,1,8,0.7,139.69
AU,Sydney,16.67,Neck,Watercolor,6,1,7,10,1.7,305.82
US,Austin,46.75,Foot,Traditional,4,1,3,10,2.7,318.87
UK,Birmingham,87.96,Wrist,Minimalist,5,0,1,6,3.1,182.86
IN,Bengaluru,5.55,Calf,Tribal,4,0,1,4,0.6,61.01
US,Chicago,16.01,Forearm,Neo Traditional,8,1,7,7,1.6,219.18
US,Los Angeles,18.74,Foot,Neo Traditional,10,0,1,2,0.9,189.83
UK,Edinburgh,6.74,Calf,Minimalist,1,0,1,5,0.5,32.6
AU,Brisbane,8.53,Shoulder,Minimalist,8,1,6,10,1.3,95.18
AU,Brisbane,4.69,Foot,Realism,8,0,1,5,0.7,97.83
US,Miami,2.88,Neck,Japanese,3,0,1,3,0.5,110.78
UK,Manchester,12.28,Behind ear,Neo Traditional,4,1,8,2,0.6,71.06
US,Chicago,20.69,Lower back,New School,8,1,6,6,1.7,189.77
UK,Manchester,27.14,Finger,Minimalist,1,1,7,10,0.8,57.7
US,New York,3.64,Upper back,Blackwork,2,0,1,6,0.5,81.43
US,New York,26.73,Behind ear,Japanese,2,1,5,3,0.7,139.85
US,New York,27.13,Chest,Japanese,5,0,1,5,1.2,222.45
US,New York,23.56,Lower back,Geometric,7,1,8,6,1.7,241.96
US,New York,23.53,Shoulder,Japanese,6,0,1,3,0.9,190.18
IN,Mumbai,51.74,Finger,Geometric,4,0,1,9,2.4,418.29
IN,Mumbai,7.55,Rib,Japanese,8,0,1,10,1.1,249.74
UK,Edinburgh,26.86,Foot,Watercolor,10,0,1,8,2.6,256.58
IN,Delhi,20.84,Hand,New School,3,0,1,8,1.0,199.36
AU,Perth,13.53,Rib,Geometric,6,1,5,7,1.2,156.2
UK,London,19.98,Rib,Watercolor,10,1,8,6,1.9,500.09
AU,Melbourne,24.38,Back,Neo Traditional,10,0,1,9,2.7,442.53
US,Austin,4.87,Neck,Japanese,9,0,1,9,0.9,205.54
UK,London,48.99,Hand,Traditional,10,1,6,2,1.7,246.81
IN,Mumbai,7.05,Lower back,Tribal,8,0,1,8,1.0,110.97
AU,Melbourne,29.26,Shoulder,Watercolor,2,1,4,9,1.1,120.32
UK,Manchester,10.2,Calf,Japanese,2,0,1,8,0.7,64.48
AU,Sydney,41.25,Rib,Traditional,1,0,1,1,0.5,80.24
UK,London,28.02,Shoulder,Geometric,8,0,1,7,2.1,396.85
US,Austin,8.56,Chest,Tribal,9,1,3,1,0.6,54.95
IN,Delhi,26.85,Rib,Blackwork,4,1,5,10,1.8,339.79
US,Los Angeles,14.01,Lower back,Blackwork,1,0,1,4,0.6,121.25
IN,Bangalore,4.54,Hand,Geometric,5,0,1,4,0.6,125.02
UK,Birmingham,68.09,Upper arm,Watercolor,1,1,4,7,1.1,127.62
US,New York,5.61,Foot,New School,7,1,2,1,0.5,71.35
UK,Edinburgh,4.77,Lower back,New School,6,0,1,6,0.7,78.42
AU,Perth,1.7,Chest,Watercolor,6,1,7,10,0.6,65.86
AU,Melbourne,12.66,Upper back,Realism,5,0,1,8,1.0,163.89
UK,London,20.87,Neck,Geometric,4,0,1,7,1.1,212.58
US,Los Angeles,15.22,Hand,Minimalist,1,1,3,3,0.6,60.97
IN,Bengaluru,7.34,Neck,Geometric,2,1,3,2,0.5,120.3
AU,Melbourne,6.13,Wrist,Realism,5,0,1,6,0.7,104.11
IN,Pune,11.22,Forearm,Neo Traditional,3,0,1,6,0.7,94.9
AU,Sydney,11.46,Neck,Geometric,7,1,5,4,0.9,194.11
US,Austin,50.17,Neck,Traditional,8,1,8,1,1.0,108.75
AU,Melbourne,9.73,Ankle,Minimalist,8,0,1,6,1.0,88.0
US,Chicago,7.96,Forearm,Japanese,6,0,1,6,0.8,147.67
US,Los Angeles,45.49,Upper back,Tribal,2,1,4,7,1.3,177.14
UK,London,9.74,Ankle,Neo Traditional,5,0,1,3,0.6,84.75
IN,Mangaluru,13.46,Rib,Realism,4,1,5,1,0.6,129.97
UK,London,9.0,Behind ear,Watercolor,7,0,1,1,0.6,75.05
UK,Birmingham,22.4,Ankle,Blackwork,10,0,1,6,1.8,147.76
IN,Delhi,11.59,Foot,Geometric,10,1,8,7,1.5,196.5
US,Los Angeles,4.86,Back,Traditional,4,1,8,3,0.6,118.65
US,Miami,20.88,Wrist,Minimalist,3,1,7,10,1.3,105.58
IN,Mangaluru,16.94,Finger,Watercolor,4,1,6,3,0.7,109.43
IN,Bengaluru,3.05,Behind ear,Minimalist,1,0,1,7,0.5,46.49
US,Chicago,3.55,Calf,Blackwork,7,1,8,1,0.5,66.92
US,Austin,2.34,Shoulder,Neo Traditional,6,0,1,7,0.6,83.26
UK,Edinburgh,7.67,Rib,Japanese,7,1,3,2,0.6,128.64
UK,London,15.28,Rib,New School,5,1,8,10,1.4,258.07
US,Miami,18.65,Shoulder,Blackwork,4,1,6,8,1.2,99.76
AU,Perth,5.34,Back,Geometric,3,1,6,7,0.6,66.34
AU,Melbourne,7.09,Back,Neo Traditional,9,0,1,1,0.6,84.06
AU,Sydney,97.64,Thigh,Minimalist,4,0,1,1,0.9,100.79
AU,Melbourne,3.91,Wrist,Neo Traditional,4,0,1,8,0.6,80.37
IN,Mumbai,14.75,Calf,Japanese,9,1,7,2,0.8,179.57
IN,Bengaluru,10.75,Rib,Geometric,9,0,1,2,0.7,118.28
US,New York,14.69,Upper back,New School,7,0,1,6,1.1,260.87
IN,Bangalore,1.4,Hand,New School,4,0,1,2,0.5,82.64
AU,Perth,9.77,Ankle,Tribal,4,0,1,10,0.9,102.16
IN,Mangaluru,5.13,Finger,Watercolor,10,0,1,8,0.9,134.06
UK,Birmingham,9.88,Ankle,Tribal,9,0,1,8,1.2,103.11
US,Chicago,16.58,Ankle,Watercolor,8,1,2,6,1.5,281.95
IN,Delhi,22.61,Thigh,Blackwork,9,0,1,10,2.5,247.26
IN,Pune,37.92,Upper back,Geometric,10,0,1,3,1.6,169.46
AU,Melbourne,8.9,Wrist,Neo Traditional,6,1,2,6,0.9,135.4
UK,London,29.2,Ankle,Neo Traditional,6,1,2,5,1.6,231.06
AU,Brisbane,20.81,Ankle,Minimalist,7,1,2,4,1.2,93.44
IN,Pune,11.09,Finger,New School,4,0,1,8,0.9,123.7
US,Los Angeles,27.07,Finger,Geometric,7,0,1,2,0.9,156.35
US,New York,10.42,Neck,Geometric,8,1,3,5,1.0,217.53
US,Los Angeles,5.48,Behind ear,Neo Traditional,9,0,1,9,0.9,128.83
IN,Mumbai,6.34,Shoulder,Neo Traditional,9,0,1,3,0.7,126.64
AU,Brisbane,3.7,Shoulder,Neo Traditional,8,1,5,4,0.6,72.85
US,Chicago,7.82,Thigh,Tribal,7,0,1,10,1.0,86.65
UK,Manchester,16.23,Calf,Geometric,7,0,1,4,1.0,88.04
AU,Perth,1.8,Behind ear,Realism,5,0,1,8,0.6,111.77
AU,Perth,5.87,Thigh,Traditional,7,0,1,3,0.6,62.7
IN,Delhi,37.22,Chest,New School,6,0,1,1,0.7,116.86
US,Chicago,8.15,Upper back,Blackwork,1,1,6,2,0.5,67.48
US,Miami,30.69,Behind ear,Blackwork,6,0,1,7,1.8,230.99
UK,Edinburgh,8.6,Forearm,New School,10,1,3,6,1.1,115.59
UK,Birmingham,19.55,Ankle,Watercolor,8,0,1,10,2.1,213.28
IN,Mangaluru,9.29,Foot,Japanese,9,0,1,7,1.1,200.09
IN,Mangaluru,33.79,Behind ear,Japanese,4,1,6,10,2.1,360.81
AU,Brisbane,7.52,Finger,Watercolor,6,0,1,3,0.6,76.01
AU,Brisbane,15.05,Behind ear,Neo Traditional,5,1,6,3,0.8,76.74
IN,Bengaluru,6.63,Foot,Neo Traditional,5,1,8,9,0.9,144.8
IN,Delhi,27.15,Behind ear,Watercolor,6,1,6,4,1.3,221.25
US,New York,12.79,Foot,Neo Traditional,10,0,1,2,0.8,151.63
UK,London,13.43,Upper arm,Traditional,2,0,1,6,0.7,87.96
IN,Bangalore,3.42,Wrist,Geometric,10,0,1,2,0.6,76.16
US,Los Angeles,15.92,Back,Realism,5,1,8,1,0.6,123.63
IN,Mumbai,2.69,Lower back,Traditional,9,1,4,7,0.7,89.89
AU,Sydney,17.14,Behind ear,Tribal,4,1,6,2,0.7,106.32
UK,London,29.05,Finger,New School,7,1,8,4,1.5,253.49
AU,Perth,11.62,Neck,Watercolor,8,1,8,5,1.1,204.45
UK,Edinburgh,9.88,Rib,Blackwork,5,1,7,10,1.1,143.61
AU,Melbourne,13.41,Forearm,Watercolor,3,1,8,6,0.8,125.45
UK,Birmingham,9.21,Finger,Tribal,7,0,1,4,0.8,60.09
UK,Manchester,2.94,Chest,Watercolor,10,0,1,4,0.6,85.86
US,Los Angeles,22.07,Lower back,Geometric,6,0,1,8,1.6,219.58
US,Chicago,5.8,Shoulder,Traditional,9,1,7,1,0.6,90.14
US,New York,14.1,Behind ear,Tribal,4,1,4,2,0.6,72.26
AU,Melbourne,25.43,Lower back,Minimalist,8,1,4,4,1.5,108.3
US,Miami,4.96,Upper back,Blackwork,10,1,6,3,0.7,85.15
US,Austin,14.71,Upper back,Watercolor,6,1,5,1,0.6,81.09
AU,Brisbane,5.76,Hand,Neo Traditional,4,1,5,3,0.6,74.56
UK,Edinburgh,8.49,Back,Geometric,4,0,1,2,0.6,44.71
IN,Delhi,5.66,Shoulder,Minimalist,1,1,5,10,0.6,53.62
UK,London,7.15,Ankle,Traditional,1,0,1,10,0.6,69.29
AU,Sydney,2.35,Neck,Watercolor,4,0,1,10,0.6,132.91
AU,Melbourne,9.12,Lower back,Blackwork,2,0,1,9,0.7,84.69
UK,London,1.99,Thigh,Watercolor,4,0,1,2,0.5,78.3
UK,Manchester,9.68,Foot,Watercolor,7,0,1,5,0.8,105.23
AU,Brisbane,5.41,Shoulder,New School,2,0,1,2,0.5,64.2
UK,Manchester,24.98,Upper back,Neo Traditional,4,1,7,6,1.2,107.51
UK,Manchester,29.72,Thigh,Minimalist,8,1,4,7,2.5,162.02
AU,Sydney,2.28,Neck,Blackwork,4,1,3,2,0.5,85.2
UK,Edinburgh,13.66,Finger,Tribal,7,0,1,1,0.6,63.09
IN,Bangalore,7.63,Hand,Geometric,6,1,6,10,1.0,119.8
US,Los Angeles,11.51,Rib,Geometric,6,1,2,8,1.2,206.09
UK,Manchester,23.08,Rib,Realism,9,0,1,6,1.7,233.97
US,Chicago,28.55,Wrist,Geometric,10,1,8,1,0.8,141.7
AU,Sydney,9.32,Lower back,Blackwork,10,1,3,10,1.6,201.74
UK,Manchester,15.02,Back,Traditional,2,0,1,7,0.7,54.32
UK,Birmingham,2.46,Ankle,Traditional,8,0,1,9,0.7,46.18
UK,London,21.62,Upper arm,New School,5,1,6,3,0.9,112.89
AU,Perth,3.15,Calf,Tribal,6,1,7,6,0.6,53.39
IN,Delhi,28.26,Wrist,Minimalist,5,1,2,6,1.5,152.82
US,Los Angeles,8.69,Forearm,New School,6,1,3,1,0.6,116.6
AU,Sydney,2.16,Thigh,Realism,5,1,2,1,0.5,89.25
IN,Delhi,12.22,Lower back,Geometric,6,0,1,1,0.6,79.13
US,Los Angeles,3.45,Upper back,Geometric,3,1,7,4,0.5,77.06
US,New York,20.25,Finger,Tribal,4,1,4,10,1.5,203.45
UK,London,18.5,Lower back,Traditional,10,1,5,6,1.8,202.08
US,Los Angeles,3.75,Neck,Realism,9,0,1,3,0.6,174.57
UK,Edinburgh,5.29,Upper arm,Watercolor,10,0,1,10,1.0,127.86
US,Los Angeles,3.69,Upper back,Realism,8,1,5,3,0.6,111.81
AU,Melbourne,6.29,Upper arm,Realism,4,0,1,6,0.7,94.83
US,New York,5.22,Ankle,Japanese,9,0,1,10,1.0,219.71
UK,Manchester,57.3,Upper arm,Realism,1,0,1,4,0.7,80.14
AU,Melbourne,9.28,Thigh,Minimalist,1,1,3,2,0.5,41.74
UK,Manchester,25.34,Upper arm,New School,6,0,1,1,0.7,87.07
AU,Perth,12.78,Thigh,Tribal,8,0,1,8,1.3,94.46
UK,Edinburgh,11.94,Finger,Minimalist,2,0,1,6,0.6,47.72
UK,Birmingham,4.31,Upper back,Realism,2,0,1,9,0.6,68.06
IN,Mumbai,5.52,Ankle,Minimalist,3,0,1,3,0.5,46.55
IN,Mumbai,14.12,Thigh,Watercolor,2,0,1,8,0.7,96.68
IN,Pune,29.82,Back,Traditional,10,0,1,2,1.1,121.51
IN,Bangalore,6.87,Ankle,Realism,6,0,1,5,0.7,163.5
UK,Birmingham,13.96,Back,Geometric,5,1,8,4,0.8,70.32
US,New York,19.21,Wrist,Blackwork,8,0,1,3,1.0,166.77
UK,Birmingham,9.14,Lower back,Japanese,3,1,6,8,0.8,111.21
IN,Mangaluru,17.67,Calf,Japanese,10,1,8,9,2.4,445.64
UK,Manchester,6.12,Forearm,New School,5,0,1,10,0.8,100.95
UK,London,3.71,Back,Blackwork,6,0,1,1,0.5,73.55
AU,Sydney,16.54,Calf,Geometric,4,0,1,4,0.8,120.06
AU,Melbourne,10.85,Neck,New School,4,0,1,5,0.7,102.13
UK,London,8.91,Rib,Realism,5,1,5,4,0.7,117.55
US,Austin,9.65,Wrist,Watercolor,3,0,1,2,0.6,83.26
IN,Mangaluru,10.6,Chest,Neo Traditional,2,1,4,9,0.7,80.85
UK,London,25.95,Wrist,New School,10,0,1,10,3.1,366.44
UK,London,8.77,Chest,Traditional,3,1,5,9,0.8,98.1
AU,Perth,27.55,Calf,Japanese,8,1,6,7,2.4,355.85
US,Chicago,9.4,Rib,Geometric,1,1,4,10,0.6,104.61
IN,Pune,10.14,Upper back,Tribal,2,1,5,9,0.7,78.62
US,Los Angeles,11.4,Hand,Blackwork,8,1,2,10,1.6,286.92
US,New York,14.49,Upper arm,Realism,2,0,1,1,0.5,134.05
US,Los Angeles,12.87,Forearm,Japanese,2,0,1,5,0.6,68.02
US,Austin,5.3,Ankle,New School,5,0,1,2,0.6,68.88
AU,Melbourne,3.75,Foot,Minimalist,8,0,1,6,0.7,51.08
US,Miami,27.02,Chest,Neo Traditional,2,1,2,9,1.1,214.68
UK,London,6.52,Chest,Neo Traditional,9,0,1,1,0.6,115.06
AU,Sydney,17.63,Lower back,Minimalist,5,0,1,1,0.6,52.17
AU,Perth,8.3,Chest,Tribal,1,0,1,4,0.5,61.6
AU,Melbourne,16.43,Thigh,Realism,5,0,1,2,0.7,125.34
IN,Bangalore,10.49,Behind ear,New School,6,1,4,1,0.6,82.53
UK,Edinburgh,13.36,Upper back,Realism,9,0,1,10,1.7,232.02
US,New York,7.44,Foot,Watercolor,9,1,6,10,1.3,302.61
IN,Pune,3.39,Foot,Japanese,4,1,5,4,0.6,79.25
US,Los Angeles,3.07,Chest,Minimalist,9,0,1,2,0.6,65.0
IN,Delhi,23.59,Lower back,Geometric,3,1,3,1,0.6,85.44
AU,Brisbane,13.63,Foot,Japanese,4,1,8,5,0.8,118.54
UK,London,5.63,Calf,Geometric,5,0,1,2,0.6,86.98
UK,Manchester,13.06,Neck,Traditional,5,0,1,10,1.2,187.25
US,Chicago,2.55,Ankle,Japanese,5,1,2,2,0.5,80.96
IN,Bangalore,26.25,Forearm,Realism,2,0,1,5,0.8,126.02
US,Austin,8.0,Neck,Blackwork,10,0,1,9,1.2,215.46
IN,Mumbai,4.0,Forearm,New School,8,0,1,5,0.7,116.46
US,Miami,4.15,Hand,Geometric,8,0,1,2,0.6,89.95
IN,Delhi,27.01,Shoulder,Neo Traditional,3,0,1,2,0.7,91.95
US,Chicago,15.9,Behind ear,Traditional,6,1,7,8,1.4,173.03
AU,Perth,9.92,Behind ear,Blackwork,10,0,1,10,1.5,185.05
US,Los Angeles,19.0,Rib,Geometric,7,1,7,2,0.8,145.54
US,Austin,8.26,Ankle,Geometric,5,1,2,8,0.9,90.78
AU,Perth,25.36,Chest,Watercolor,4,0,1,9,1.4,247.37
AU,Brisbane,14.96,Upper arm,Blackwork,9,1,6,7,1.6,124.86
IN,Delhi,12.96,Wrist,Watercolor,5,1,5,9,1.2,122.22
UK,Manchester,14.23,Behind ear,Geometric,2,1,6,3,0.6,66.91
US,Miami,5.73,Rib,Traditional,3,0,1,6,0.6,96.31
IN,Delhi,21.08,Foot,Watercolor,5,0,1,2,0.7,112.32
UK,Edinburgh,8.93,Upper arm,Minimalist,9,1,8,4,0.9,47.53
UK,London,20.55,Shoulder,Japanese,2,0,1,8,0.8,130.58
UK,London,38.37,Hand,Realism,2,0,1,8,1.1,206.0
UK,Birmingham,5.51,Behind ear,Geometric,4,1,3,2,0.6,56.46
US,New York,57.8,Rib,Traditional,6,1,7,7,3.4,725.99
US,New York,10.88,Ankle,New School,3,1,6,4,0.7,174.98
UK,Manchester,3.35,Chest,Blackwork,3,1,6,9,0.6,79.24
UK,Edinburgh,6.06,Behind ear,Neo Traditional,3,1,2,10,0.7,63.72
UK,London,29.43,Forearm,New School,10,0,1,4,1.7,251.33
AU,Perth,16.57,Thigh,Blackwork,9,0,1,4,1.1,88.26
UK,Manchester,9.58,Ankle,Geometric,5,0,1,6,0.8,89.05
IN,Mangaluru,14.54,Ankle,Realism,10,0,1,4,1.1,204.45
UK,Edinburgh,36.69,Hand,Watercolor,3,1,6,3,0.9,163.37
UK,Edinburgh,6.46,Ankle,Geometric,2,1,7,1,0.5,46.15
US,Chicago,20.17,Upper arm,Geometric,7,1,3,5,1.3,156.41
US,Chicago,19.5,Shoulder,Geometric,8,1,2,10,2.4,283.23
IN,Pune,10.53,Upper arm,Blackwork,6,0,1,5,0.8,84.31
UK,Edinburgh,2.24,Finger,Minimalist,7,0,1,1,0.5,45.96
IN,Bengaluru,10.01,Ankle,Neo Traditional,4,0,1,6,0.7,80.11
AU,Perth,11.49,Upper back,New School,3,0,1,7,0.7,84.06
AU,Brisbane,12.64,Ankle,Japanese,7,0,1,8,1.2,185.0
IN,Mangaluru,18.25,Foot,Traditional,4,1,5,8,1.2,136.4
IN,Delhi,10.46,Shoulder,Blackwork,4,0,1,2,0.6,93.26
UK,Birmingham,11.51,Chest,Japanese,4,0,1,2,0.6,69.58
UK,Birmingham,15.66,Wrist,Japanese,3,1,6,4,0.7,70.46
UK,London,8.05,Behind ear,Geometric,6,0,1,1,0.5,64.37
IN,Mangaluru,10.99,Ankle,Minimalist,1,0,1,3,0.5,35.95
US,Austin,40.72,Back,New School,2,1,5,3,0.8,98.73
UK,Edinburgh,41.59,Shoulder,Japanese,3,0,1,2,0.7,59.59
US,New York,11.87,Finger,Realism,1,0,1,4,0.5,103.08
US,Miami,8.19,Wrist,Neo Traditional,1,0,1,10,0.6,82.27
UK,Edinburgh,15.81,Chest,Tribal,7,0,1,7,1.3,133.27
AU,Perth,11.45,Forearm,Neo Traditional,8,0,1,8,1.2,86.96
UK,London,10.85,Hand,Neo Traditional,5,0,1,8,0.9,152.68
AU,Brisbane,76.45,Forearm,Watercolor,10,1,4,10,9.7,1489.04
IN,Pune,21.14,Back,New School,6,0,1,4,1.0,115.17
US,Austin,32.79,Thigh,Traditional,2,0,1,3,0.7,95.23
IN,Bangalore,60.06,Forearm,Geometric,5,1,5,10,4.1,575.08
US,Austin,20.97,Neck,Realism,8,0,1,4,1.2,210.54
IN,Mangaluru,47.67,Upper arm,Minimalist,10,0,1,7,3.8,369.16
AU,Perth,20.02,Back,Realism,10,1,2,10,2.9,372.34
AU,Brisbane,116.87,Foot,Minimalist,10,0,1,7,8.7,829.62
UK,Birmingham,13.41,Upper back,Japanese,5,1,4,7,1.1,119.32
AU,Melbourne,2.36,Ankle,Geometric,9,1,4,3,0.6,81.41
AU,Brisbane,16.62,Shoulder,Neo Traditional,2,1,6,3,0.6,69.54
IN,Bangalore,2.71,Upper arm,Realism,2,0,1,7,0.5,97.12
UK,Manchester,4.62,Upper arm,Blackwork,9,1,3,1,0.5,26.55
AU,Sydney,17.17,Calf,Realism,6,0,1,1,0.6,88.23
AU,Sydney,5.01,Foot,Traditional,4,0,1,5,0.6,53.38
AU,Melbourne,10.34,Foot,Neo Traditional,6,0,1,7,0.9,135.35
AU,Melbourne,6.37,Chest,Minimalist,7,1,4,6,0.8,78.36
IN,Mangaluru,4.99,Upper arm,Japanese,4,1,2,9,0.7,107.06
US,New York,7.83,Finger,Watercolor,8,1,6,4,0.8,156.28
IN,Delhi,7.78,Upper arm,New School,10,1,5,1,0.6,85.57
IN,Bengaluru,6.38,Foot,Japanese,6,1,5,4,0.7,134.12
US,Chicago,7.85,Foot,New School,8,0,1,9,1.1,144.27
US,Chicago,14.81,Thigh,Japanese,3,1,5,1,0.6,99.33
AU,Brisbane,6.27,Forearm,Geometric,4,1,8,8,0.7,82.99
IN,Bangalore,8.93,Wrist,Tribal,5,0,1,1,0.5,67.62
AU,Melbourne,14.01,Wrist,Neo Traditional,6,1,8,4,0.9,126.31
AU,Perth,29.74,Back,Watercolor,2,1,4,2,0.6,82.95
IN,Mumbai,5.73,Chest,Japanese,1,1,6,2,0.5,81.4
IN,Delhi,35.56,Upper arm,Traditional,1,1,3,7,0.8,98.49
UK,London,3.84,Upper back,Watercolor,5,1,3,8,0.7,95.72
AU,Perth,39.09,Neck,Blackwork,7,1,5,1,0.8,131.49
UK,Birmingham,19.18,Shoulder,Japanese,1,0,1,2,0.5,61.58
US,New York,6.7,Upper back,New School,4,0,1,3,0.6,103.01
US,Chicago,6.96,Behind ear,New School,2,1,2,2,0.5,63.21
US,Miami,8.86,Forearm,Realism,1,1,6,7,0.6,131.96
AU,Perth,4.5,Neck,Minimalist,4,0,1,6,0.6,71.21
UK,London,11.9,Upper back,Geometric,9,1,5,10,1.8,256.3
US,Chicago,9.34,Rib,Watercolor,6,1,8,10,1.2,267.21
IN,Delhi,17.53,Foot,Realism,2,0,1,3,0.6,106.94
US,Los Angeles,15.87,Upper arm,Tribal,6,1,3,10,1.6,183.37
AU,Brisbane,11.4,Wrist,Japanese,2,1,7,4,0.6,61.89
AU,Sydney,42.19,Rib,Minimalist,8,1,8,2,1.3,119.9
UK,Birmingham,6.42,Hand,Minimalist,6,0,1,7,0.8,61.27
IN,Delhi,112.79,Chest,Minimalist,1,0,1,1,0.6,66.35
IN,Bangalore,16.72,Calf,New School,9,0,1,3,1.0,150.57
US,Austin,9.76,Hand,New School,7,1,4,5,0.9,141.04
AU,Brisbane,8.8,Back,Tribal,3,0,1,9,0.7,97.39
US,Los Angeles,8.92,Lower back,Watercolor,7,1,4,9,1.2,175.26
AU,Sydney,12.87,Rib,Blackwork,3,1,8,5,0.7,135.78
UK,Manchester,5.26,Finger,Watercolor,8,1,3,7,0.9,94.61
US,Los Angeles,12.23,Ankle,Watercolor,10,0,1,10,1.7,212.65
AU,Brisbane,21.55,Forearm,Minimalist,1,0,1,6,0.6,34.47
US,Miami,10.04,Ankle,Tribal,5,0,1,4,0.7,95.88
IN,Bangalore,2.18,Lower back,Traditional,8,1,6,6,0.6,76.59
UK,Birmingham,5.21,Behind ear,Watercolor,6,1,6,7,0.8,80.0
UK,Birmingham,21.22,Wrist,New School,1,0,1,6,0.6,65.71
US,New York,3.39,Behind ear,Realism,9,1,5,4,0.6,127.15
AU,Brisbane,52.7,Behind ear,Realism,7,1,4,10,4.9,781.48
UK,Birmingham,22.24,Hand,New School,5,1,4,8,1.6,168.06
IN,Pune,12.76,Upper arm,Minimalist,8,0,1,3,0.8,79.4
IN,Bengaluru,8.8,Shoulder,Blackwork,6,0,1,7,0.9,132.12
AU,Sydney,44.24,Forearm,Neo Traditional,1,0,1,5,0.7,100.55
US,Los Angeles,11.27,Rib,Minimalist,6,1,8,2,0.7,113.83
AU,Perth,7.57,Behind ear,Minimalist,10,0,1,6,1.0,74.18
US,Chicago,3.0,Thigh,Blackwork,9,0,1,7,0.7,108.05
AU,Sydney,5.13,Hand,Blackwork,2,0,1,3,0.5,90.15
IN,Pune,29.98,Wrist,Traditional,4,0,1,9,1.6,128.73
AU,Brisbane,8.24,Upper back,New School,5,0,1,2,0.6,68.44
UK,Manchester,29.5,Rib,Watercolor,1,0,1,3,0.6,56.08
UK,London,8.91,Back,Realism,9,1,2,3,0.8,163.1
AU,Melbourne,47.34,Lower back,Watercolor,10,0,1,8,4.3,500.92
UK,Manchester,18.99,Back,Realism,9,0,1,10,2.2,241.63
US,New York,3.84,Upper back,Tribal,6,0,1,2,0.5,76.12
US,New York,24.0,Shoulder,Minimalist,3,1,5,10,1.4,188.07
AU,Perth,42.81,Chest,Traditional,10,0,1,3,1.8,137.47
AU,Perth,8.27,Chest,Traditional,2,0,1,7,0.6,65.51
IN,Delhi,7.34,Calf,Japanese,3,0,1,5,0.6,98.14
IN,Mumbai,4.45,Wrist,Minimalist,4,1,4,5,0.6,67.46
UK,London,10.18,Behind ear,Traditional,5,1,4,2,0.6,83.61
AU,Melbourne,1.61,Lower back,Neo Traditional,6,1,5,10,0.6,77.16
IN,Bengaluru,14.92,Chest,Traditional,7,0,1,8,1.3,144.08
UK,London,38.69,Rib,Japanese,9,0,1,3,1.5,245.42
US,Chicago,24.77,Hand,Neo Traditional,9,1,5,10,3.2,642.84
US,Chicago,13.96,Forearm,Traditional,7,1,5,8,1.4,144.96
AU,Perth,52.96,Hand,Realism,6,0,1,5,2.1,343.19
US,Austin,16.06,Calf,New School,6,0,1,10,1.5,162.0
US,Los Angeles,34.7,Finger,Traditional,1,1,6,3,0.6,74.9
IN,Mumbai,10.0,Ankle,Geometric,5,1,8,9,1.0,200.66
AU,Sydney,6.45,Behind ear,Geometric,9,0,1,5,0.8,75.73
IN,Mangaluru,20.63,Lower back,Japanese,5,1,6,1,0.6,59.86
UK,Birmingham,7.21,Back,Japanese,3,1,3,4,0.6,76.08
AU,Perth,4.75,Forearm,Minimalist,1,0,1,1,0.5,48.88
AU,Sydney,4.1,Neck,Minimalist,9,1,8,1,0.5,89.48
US,Chicago,14.15,Forearm,Neo Traditional,10,1,3,2,0.8,111.84
IN,Pune,11.03,Shoulder,Geometric,7,1,5,8,1.2,157.91
US,Miami,9.51,Wrist,Watercolor,9,0,1,7,1.1,187.41
US,Los Angeles,7.55,Foot,Neo Traditional,8,1,8,5,0.9,165.18
UK,Edinburgh,8.14,Forearm,New School,5,0,1,8,0.8,71.07
US,Miami,16.39,Calf,Watercolor,4,0,1,9,1.1,146.08
AU,Brisbane,9.17,Thigh,Minimalist,4,1,2,8,0.9,63.01
AU,Perth,5.46,Rib,New School,3,0,1,10,0.7,114.04
UK,Edinburgh,10.44,Finger,Japanese,4,0,1,1,0.5,54.15
US,New York,14.59,Back,New School,7,0,1,8,1.3,309.43
AU,Melbourne,29.21,Foot,New School,8,0,1,1,0.7,103.93
UK,Manchester,2.46,Neck,Neo Traditional,2,0,1,4,0.5,58.58
AU,Sydney,8.58,Hand,Neo Traditional,4,1,3,6,0.7,100.86
US,Miami,5.0,Calf,New School,5,1,5,5,0.6,92.9
US,Chicago,14.07,Foot,Minimalist,1,0,1,6,0.6,45.99
US,Miami,4.92,Back,Watercolor,6,1,5,2,0.6,82.17
US,Miami,25.99,Forearm,Traditional,4,0,1,7,1.2,81.63
AU,Melbourne,3.74,Thigh,Japanese,4,1,2,6,0.6,87.81
AU,Melbourne,11.48,Lower back,Watercolor,1,1,8,8,0.6,79.07
AU,Melbourne,8.37,Behind ear,Watercolor,6,1,7,6,0.9,132.4
IN,Mumbai,20.58,Upper arm,Realism,6,1,6,4,1.1,278.89
UK,Manchester,15.93,Hand,Blackwork,9,0,1,6,1.4,207.51
US,Los Angeles,37.85,Foot,Realism,5,1,6,10,2.8,694.5
IN,Mumbai,22.86,Neck,Realism,3,0,1,9,1.1,304.29
IN,Mangaluru,8.69,Upper arm,Realism,7,0,1,4,0.7,114.87
IN,Mumbai,25.1,Upper back,Blackwork,3,0,1,2,0.7,95.08
US,Chicago,9.12,Upper back,Japanese,1,0,1,2,0.5,86.25
US,Chicago,2.58,Wrist,Blackwork,10,0,1,5,0.6,75.88
UK,Manchester,8.39,Upper arm,Traditional,7,1,2,4,0.8,59.4
AU,Brisbane,12.84,Forearm,Traditional,5,1,4,8,1.1,90.19
US,Miami,15.26,Finger,Minimalist,9,1,7,10,2.1,223.76
IN,Delhi,2.64,Back,Geometric,3,1,5,8,0.6,113.56
UK,Edinburgh,4.79,Calf,Watercolor,1,1,4,10,0.6,87.76
AU,Sydney,36.32,Foot,Realism,3,0,1,3,0.8,139.42
AU,Melbourne,33.02,Finger,Minimalist,1,0,1,8,0.8,93.72
UK,London,27.02,Upper arm,New School,6,1,2,7,1.9,270.26
UK,Birmingham,7.02,Ankle,Tribal,2,0,1,4,0.6,38.99
US,Austin,7.37,Finger,Tribal,9,1,5,7,1.1,102.56
IN,Mangaluru,4.95,Wrist,Neo Traditional,3,0,1,3,0.5,69.18
AU,Sydney,26.79,Ankle,New School,8,1,2,1,0.8,118.29
AU,Perth,30.7,Lower back,Geometric,7,0,1,3,1.1,114.31
IN,Bangalore,24.5,Behind ear,Tribal,3,1,3,3,0.8,103.82
IN,Delhi,29.71,Ankle,New School,6,1,3,6,1.8,311.74
US,Chicago,22.32,Thigh,Traditional,5,1,8,2,0.8,70.21
AU,Brisbane,32.63,Upper arm,Japanese,10,1,5,4,2.1,260.27
IN,Bangalore,12.94,Shoulder,Neo Traditional,7,1,3,7,1.3,141.54
UK,Manchester,9.42,Forearm,Geometric,8,0,1,7,1.0,103.78
IN,Bangalore,55.01,Chest,Traditional,7,1,7,10,5.1,569.95
IN,Bengaluru,11.56,Forearm,Geometric,8,0,1,3,0.8,127.64
UK,London,5.19,Shoulder,Realism,6,1,8,10,0.9,137.38
AU,Sydney,32.78,Forearm,Watercolor,10,1,8,4,2.1,307.06
IN,Bengaluru,5.79,Rib,Japanese,7,0,1,3,0.6,149.84
UK,Manchester,8.44,Forearm,Japanese,6,1,3,7,0.9,110.15
IN,Bangalore,28.68,Shoulder,Watercolor,8,0,1,10,2.8,524.17
US,Los Angeles,25.73,Upper back,Blackwork,3,1,8,7,1.1,173.57
IN,Mumbai,29.24,Forearm,Watercolor,2,1,8,2,0.6,122.98
US,New York,8.47,Thigh,Realism,1,1,3,7,0.6,139.05
UK,Birmingham,24.11,Hand,Blackwork,7,1,2,6,1.7,193.65
AU,Brisbane,7.36,Upper arm,Blackwork,1,0,1,3,0.5,43.65
AU,Melbourne,14.14,Back,Blackwork,3,0,1,1,0.5,50.39
IN,Bengaluru,5.45,Calf,Traditional,2,0,1,2,0.5,59.97
US,New York,67.24,Forearm,Japanese,8,1,7,8,5.7,1136.57
UK,Birmingham,23.95,Forearm,Tribal,9,0,1,5,1.6,133.76
US,Chicago,27.92,Calf,Watercolor,8,0,1,7,2.1,456.42
UK,Edinburgh,7.22,Upper arm,Minimalist,4,1,2,4,0.6,44.67
US,Miami,31.24,Finger,Geometric,3,0,1,1,0.6,111.09
UK,Birmingham,2.95,Upper back,Minimalist,6,1,4,7,0.6,31.32
UK,Birmingham,6.48,Thigh,Watercolor,6,0,1,7,0.8,70.0
IN,Pune,7.9,Shoulder,Traditional,8,0,1,10,1.1,114.11
AU,Perth,27.09,Forearm,Traditional,10,1,6,4,1.8,209.82
AU,Sydney,7.65,Shoulder,Minimalist,4,1,7,2,0.6,70.0
AU,Perth,3.08,Hand,Traditional,3,0,1,8,0.6,67.78
AU,Brisbane,7.32,Back,Tribal,2,0,1,5,0.6,73.15
IN,Bangalore,16.53,Calf,Tribal,4,0,1,10,1.2,173.99
US,Austin,11.52,Neck,Blackwork,3,1,8,5,0.7,104.4
UK,Birmingham,16.97,Thigh,Traditional,8,0,1,5,1.2,100.45
UK,Birmingham,23.21,Forearm,Realism,2,1,3,3,0.7,84.55
AU,Brisbane,4.64,Hand,Watercolor,9,1,3,6,0.8,143.36
IN,Mumbai,13.56,Rib,Minimalist,7,1,3,5,1.1,167.57
US,Los Angeles,15.08,Back,Tribal,9,0,1,7,1.5,221.15
IN,Bangalore,18.29,Chest,Realism,9,0,1,3,1.0,215.83
US,Miami,12.91,Upper arm,Japanese,3,0,1,8,0.8,181.07
IN,Delhi,14.27,Forearm,Minimalist,7,1,6,4,1.0,99.44
IN,Delhi,4.11,Forearm,Watercolor,1,0,1,2,0.5,92.42
US,Austin,13.73,Ankle,Blackwork,5,0,1,2,0.6,88.56
UK,London,6.07,Finger,Neo Traditional,9,1,4,4,0.8,158.84
AU,Brisbane,5.12,Upper back,Realism,5,0,1,3,0.6,117.18
AU,Brisbane,6.26,Upper back,Japanese,5,0,1,6,0.7,98.32
UK,Manchester,24.73,Foot,Watercolor,9,0,1,10,2.7,403.87
UK,Edinburgh,10.04,Calf,Neo Traditional,3,0,1,6,0.7,64.92
US,Chicago,6.12,Rib,Blackwork,2,0,1,6,0.6,104.47
UK,London,2.36,Rib,Realism,9,0,1,2,0.5,106.39
IN,Delhi,9.95,Wrist,Minimalist,2,0,1,9,0.7,56.34
UK,Manchester,14.37,Foot,Watercolor,4,0,1,10,1.1,128.9
UK,London,5.01,Calf,Minimalist,10,0,1,8,0.9,64.61
AU,Sydney,12.29,Calf,Geometric,1,0,1,6,0.6,63.73
AU,Sydney,14.65,Chest,Minimalist,5,1,3,4,0.9,81.58
IN,Bangalore,10.35,Shoulder,Geometric,2,1,6,6,0.6,79.55
AU,Perth,7.8,Upper back,Realism,2,1,6,5,0.6,86.79
US,New York,16.3,Thigh,Tribal,5,1,6,6,1.1,190.14
UK,London,21.82,Ankle,Geometric,8,0,1,10,2.2,339.99
AU,Melbourne,27.09,Behind ear,New School,3,1,4,2,0.7,130.4
US,New York,10.04,Behind ear,Watercolor,5,0,1,1,0.6,98.18
AU,Melbourne,9.76,Forearm,Traditional,4,0,1,7,0.8,86.86
UK,Birmingham,10.73,Back,Tribal,5,0,1,9,1.0,78.54
UK,London,8.47,Hand,Realism,8,1,4,5,0.9,209.68
AU,Brisbane,16.51,Lower back,Watercolor,8,0,1,2,0.8,111.78
US,Austin,14.12,Calf,Geometric,5,0,1,9,1.1,125.78
US,Los Angeles,9.47,Forearm,Watercolor,7,0,1,2,0.6,134.26
UK,London,8.07,Hand,Watercolor,8,0,1,1,0.6,112.77
UK,Manchester,9.57,Rib,Blackwork,3,1,8,1,0.5,70.86
UK,London,19.68,Wrist,Neo Traditional,6,0,1,9,1.6,236.63
US,Los Angeles,10.66,Behind ear,Realism,4,1,4,2,0.6,114.65
US,Austin,7.95,Hand,Japanese,8,0,1,5,0.8,138.3
US,New York,5.8,Calf,Geometric,6,0,1,9,0.8,153.91
AU,Perth,2.13,Rib,Neo Traditional,3,1,6,6,0.5,76.56
US,Miami,28.45,Wrist,Watercolor,5,0,1,7,1.5,268.31
US,Los Angeles,16.45,Shoulder,Japanese,1,0,1,1,0.5,83.96
AU,Brisbane,4.02,Ankle,Geometric,5,0,1,9,0.7,83.01
UK,Manchester,14.65,Chest,Traditional,7,1,3,6,1.2,115.57
IN,Mumbai,15.74,Ankle,Japanese,4,0,1,6,0.9,115.48
UK,London,14.88,Lower back,Realism,1,1,5,2,0.5,73.09
US,Miami,19.51,Upper arm,Neo Traditional,10,1,6,10,2.8,429.66
IN,Pune,11.8,Ankle,Blackwork,7,0,1,6,1.0,70.22
AU,Melbourne,5.61,Ankle,Watercolor,8,0,1,10,0.9,82.98
AU,Brisbane,19.06,Calf,Traditional,8,1,6,2,0.9,108.18
IN,Bangalore,35.14,Finger,Traditional,9,1,5,8,3.5,395.52
AU,Melbourne,2.61,Finger,Geometric,4,0,1,6,0.6,63.8
UK,Edinburgh,6.41,Calf,Traditional,8,1,7,1,0.6,37.72
AU,Melbourne,9.03,Rib,Tribal,6,0,1,7,0.9,117.26
UK,Edinburgh,37.75,Back,Japanese,1,0,1,3,0.6,76.31
US,Chicago,6.35,Back,New School,4,0,1,8,0.7,113.88
AU,Melbourne,14.6,Thigh,Minimalist,3,1,4,8,0.9,92.9
UK,London,9.33,Behind ear,Minimalist,1,0,1,8,0.6,55.44
AU,Sydney,9.18,Foot,Watercolor,1,0,1,7,0.6,88.36
IN,Bengaluru,14.82,Shoulder,Geometric,8,1,4,8,1.6,292.23
UK,Manchester,12.11,Thigh,Tribal,4,0,1,4,0.7,59.16
IN,Pune,9.43,Upper back,Neo Traditional,8,0,1,3,0.7,94.33
IN,Mangaluru,4.54,Wrist,Tribal,3,0,1,2,0.5,44.59
IN,Delhi,2.31,Upper arm,Tribal,9,0,1,8,0.7,89.05
US,Chicago,4.24,Behind ear,Blackwork,6,1,2,7,0.7,107.46
IN,Bengaluru,2.93,Hand,Neo Traditional,7,1,8,7,0.7,137.89
AU,Brisbane,45.7,Neck,Neo Traditional,1,1,5,8,0.9,132.74
IN,Bengaluru,24.79,Thigh,Tribal,6,1,3,8,1.9,224.46
AU,Brisbane,11.58,Neck,New School,5,1,5,9,1.1,233.12
AU,Sydney,38.92,Foot,Tribal,8,1,3,5,2.4,240.89
US,Los Angeles,1.75,Thigh,New School,10,1,2,9,0.7,162.46
US,Miami,7.3,Thigh,Geometric,7,1,6,6,0.9,138.23
US,Chicago,4.74,Upper back,Japanese,1,0,1,4,0.5,79.72
IN,Bangalore,4.72,Ankle,Japanese,2,1,8,10,0.6,128.71
AU,Melbourne,7.94,Chest,Tribal,10,0,1,2,0.7,80.98
AU,Brisbane,9.06,Back,Tribal,7,1,8,10,1.3,147.31
US,Chicago,13.06,Upper back,Japanese,8,0,1,10,1.5,243.76
IN,Mumbai,7.93,Hand,Minimalist,6,0,1,4,0.7,95.66
UK,Manchester,10.97,Foot,Realism,3,1,8,3,0.6,84.68
IN,Bangalore,29.16,Lower back,Traditional,5,1,6,8,1.9,222.62
AU,Melbourne,5.81,Rib,Tribal,7,0,1,2,0.6,71.74
US,New York,53.68,Chest,Blackwork,9,1,3,6,4.0,818.59
UK,London,35.84,Shoulder,Neo Traditional,9,1,2,4,2.0,237.02
IN,Bangalore,3.04,Upper back,Tribal,3,1,8,6,0.6,71.73
IN,Bengaluru,7.6,Upper back,Japanese,8,1,4,10,1.2,203.73
IN,Bengaluru,5.03,Neck,Traditional,1,0,1,2,0.5,87.77
AU,Melbourne,8.48,Upper back,Traditional,10,1,8,2,0.7,90.4
IN,Bengaluru,15.56,Back,Tribal,4,1,5,9,1.2,158.54
AU,Melbourne,22.53,Foot,Japanese,2,1,5,5,0.8,121.62
UK,Manchester,4.9,Rib,Traditional,7,0,1,5,0.7,82.95
IN,Mumbai,9.21,Upper arm,Neo Traditional,1,0,1,9,0.6,108.73
AU,Sydney,33.86,Forearm,Neo Traditional,10,1,7,4,2.1,312.15
US,New York,10.66,Forearm,Watercolor,5,1,8,7,0.9,149.93
UK,Manchester,3.36,Shoulder,New School,8,0,1,1,0.5,66.04
IN,Pune,8.94,Lower back,Realism,4,1,2,6,0.8,139.05
IN,Delhi,14.63,Chest,Tribal,10,1,6,9,2.1,249.56
US,Austin,2.92,Upper back,Traditional,1,0,1,9,0.5,54.85
US,Los Angeles,12.96,Ankle,Geometric,6,1,4,5,1.0,141.98
UK,Edinburgh,12.25,Upper back,Traditional,2,0,1,4,0.6,56.17
AU,Melbourne,40.76,Calf,Watercolor,9,1,6,9,4.5,350.64
IN,Bengaluru,30.5,Lower back,Tribal,2,0,1,3,0.7,85.61
UK,Manchester,3.8,Rib,Tribal,1,0,1,6,0.5,75.25
UK,London,12.78,Finger,Neo Traditional,5,1,7,9,1.2,218.38
UK,Birmingham,2.23,Wrist,Watercolor,4,0,1,7,0.6,55.94
AU,Perth,14.03,Shoulder,Minimalist,5,1,2,9,1.3,82.12
AU,Perth,9.04,Shoulder,Traditional,7,1,2,9,1.2,96.55
UK,Edinburgh,17.47,Neck,Realism,2,0,1,8,0.8,121.28
UK,Edinburgh,2.98,Upper arm,Realism,5,0,1,6,0.6,84.95
AU,Sydney,15.84,Back,Japanese,2,0,1,8,0.8,62.9
IN,Bengaluru,23.06,Wrist,Minimalist,8,0,1,2,0.9,85.96
US,Austin,12.35,Foot,New School,9,1,8,5,1.2,149.72
AU,Perth,6.79,Lower back,Neo Traditional,4,1,8,10,0.8,73.38
IN,Delhi,58.06,Back,Tribal,8,0,1,9,4.7,645.96
UK,Manchester,10.24,Upper back,Minimalist,2,0,1,5,0.6,50.97
US,Miami,9.55,Finger,New School,4,0,1,10,0.9,170.51
IN,Mangaluru,17.35,Back,Watercolor,3,0,1,8,0.9,182.52
IN,Pune,31.8,Upper arm,Japanese,7,0,1,5,1.6,281.4
IN,Delhi,19.75,Calf,Traditional,5,1,3,3,0.9,121.62
AU,Melbourne,3.23,Shoulder,Realism,9,0,1,3,0.6,119.8
IN,Pune,5.61,Neck,New School,8,0,1,6,0.8,169.03
UK,London,71.96,Neck,Neo Traditional,5,0,1,7,3.0,607.81
IN,Mumbai,30.34,Thigh,Watercolor,3,0,1,8,1.2,216.6
US,Los Angeles,5.45,Ankle,Watercolor,10,1,7,2,0.6,112.5
US,Miami,6.13,Finger,Japanese,7,0,1,7,0.8,172.78
AU,Brisbane,9.14,Ankle,Realism,9,1,7,7,1.2,143.44
IN,Pune,18.61,Upper arm,Neo Traditional,4,1,4,4,0.9,135.82
US,Los Angeles,14.28,Shoulder,Neo Traditional,8,0,1,1,0.6,107.76
AU,Brisbane,8.17,Shoulder,Realism,4,1,4,4,0.7,112.25
AU,Brisbane,1.73,Forearm,Geometric,10,0,1,7,0.6,55.37
AU,Melbourne,14.69,Thigh,Blackwork,8,1,4,1,0.6,76.99
UK,London,5.44,Neck,Traditional,8,0,1,6,0.8,101.37
US,Chicago,7.11,Upper back,Japanese,6,0,1,4,0.7,114.7
US,New York,18.7,Neck,Realism,2,0,1,2,0.6,157.99
US,Los Angeles,17.03,Finger,Realism,5,0,1,4,0.8,100.7
UK,Edinburgh,17.21,Ankle,Blackwork,7,1,5,2,0.8,74.96
US,Miami,6.94,Behind ear,Blackwork,1,0,1,4,0.5,73.73
US,Los Angeles,13.14,Foot,Blackwork,8,1,3,6,1.3,252.1
US,Miami,27.23,Upper back,Watercolor,5,1,7,10,2.1,478.34
AU,Sydney,5.19,Rib,Neo Traditional,6,1,7,9,0.8,143.38
AU,Brisbane,10.24,Wrist,Tribal,6,1,3,3,0.7,77.4
US,Miami,8.76,Shoulder,Japanese,4,1,4,3,0.6,116.65
UK,London,77.62,Behind ear,Geometric,7,1,3,4,3.1,421.92
UK,London,11.47,Back,Traditional,5,0,1,5,0.8,97.32
US,Miami,9.07,Shoulder,Neo Traditional,3,0,1,6,0.7,113.21
IN,Pune,3.52,Ankle,New School,8,1,6,8,0.8,122.97
AU,Brisbane,35.1,Neck,Traditional,7,0,1,3,1.2,152.56
US,Los Angeles,5.84,Foot,Minimalist,5,1,5,4,0.6,49.66
IN,Bangalore,12.18,Foot,Blackwork,8,1,4,10,1.7,232.13
AU,Perth,15.44,Finger,Realism,5,1,8,6,1.1,202.1
UK,Edinburgh,8.69,Calf,Japanese,6,0,1,5,0.8,85.38
IN,Bangalore,27.19,Upper arm,Traditional,4,1,3,1,0.6,108.57
IN,Bangalore,9.47,Wrist,Blackwork,5,0,1,8,0.9,128.25
US,Miami,24.83,Ankle,New School,1,1,6,3,0.6,91.85
UK,Edinburgh,3.72,Rib,Realism,1,0,1,6,0.5,91.61
IN,Delhi,5.09,Ankle,Tribal,6,1,3,4,0.6,70.47
US,Chicago,6.88,Rib,Traditional,3,0,1,6,0.6,81.97
IN,Bangalore,3.84,Chest,Watercolor,1,0,1,3,0.5,80.51
AU,Perth,29.37,Lower back,Japanese,1,1,3,8,0.8,109.31
US,Chicago,54.61,Finger,Minimalist,7,1,6,1,1.0,107.26
AU,Brisbane,4.98,Finger,Japanese,1,1,3,2,0.5,86.81
IN,Bangalore,9.63,Hand,New School,8,0,1,1,0.6,109.92
IN,Bengaluru,27.84,Hand,Realism,10,1,6,5,2.2,392.96
US,Austin,17.72,Wrist,Geometric,3,0,1,4,0.7,86.63
IN,Bangalore,20.23,Rib,New School,6,0,1,8,1.5,301.45
IN,Pune,28.85,Hand,Traditional,10,0,1,3,1.4,146.61
UK,Manchester,20.06,Upper arm,Geometric,7,1,6,2,0.8,96.46
AU,Melbourne,2.41,Neck,Tribal,7,1,2,6,0.6,80.33
UK,Manchester,15.95,Chest,Traditional,5,1,3,3,0.8,75.18
US,Los Angeles,11.51,Chest,Blackwork,2,0,1,4,0.6,106.09
AU,Brisbane,16.89,Finger,Minimalist,2,1,3,1,0.5,37.93
IN,Bengaluru,29.08,Foot,Neo Traditional,2,1,5,8,1.1,117.79
UK,Manchester,5.45,Upper arm,Tribal,1,0,1,7,0.5,46.17
US,Chicago,9.34,Hand,Geometric,7,1,8,10,1.3,208.4
IN,Pune,7.56,Shoulder,Watercolor,8,0,1,2,0.6,81.88
US,New York,10.54,Back,Neo Traditional,9,0,1,8,1.3,229.81
UK,London,5.87,Lower back,Blackwork,4,1,8,2,0.6,75.89
AU,Brisbane,5.28,Behind ear,Geometric,3,1,3,2,0.5,55.7
IN,Mangaluru,58.18,Thigh,Blackwork,7,0,1,3,1.7,254.52
AU,Sydney,14.53,Lower back,Realism,5,1,7,8,1.2,191.6
IN,Mangaluru,2.6,Finger,Tribal,5,1,7,7,0.6,74.27
IN,Pune,11.87,Ankle,Tribal,7,0,1,9,1.2,116.82
US,Los Angeles,16.73,Calf,Traditional,10,0,1,3,1.0,131.01
IN,Delhi,5.13,Lower back,Japanese,7,0,1,4,0.6,104.92
UK,London,2.78,Wrist,Tribal,6,1,5,2,0.5,77.88
IN,Delhi,1.16,Hand,Japanese,2,0,1,6,0.5,81.54
US,New York,10.81,Finger,Tribal,5,1,7,10,1.1,202.33
AU,Perth,9.38,Forearm,Traditional,5,1,7,10,1.1,97.42
UK,Birmingham,12.34,Ankle,Geometric,1,0,1,4,0.5,40.42
UK,London,8.22,Neck,Blackwork,7,1,2,1,0.6,147.09
AU,Brisbane,4.46,Lower back,Traditional,8,1,3,2,0.6,51.84
IN,Mumbai,5.73,Back,Tribal,2,1,2,2,0.5,63.0
UK,Manchester,5.24,Hand,Japanese,6,1,4,2,0.6,98.37
UK,Edinburgh,7.08,Thigh,Watercolor,9,0,1,10,1.1,122.0
UK,Manchester,61.2,Behind ear,Watercolor,1,0,1,1,0.6,69.09
US,Los Angeles,3.72,Forearm,Watercolor,6,1,5,8,0.7,139.15
US,Los Angeles,6.07,Lower back,Traditional,2,0,1,3,0.5,82.58
US,Los Angeles,16.17,Lower back,New School,6,1,5,3,0.8,107.93
AU,Sydney,6.26,Chest,Japanese,7,1,4,10,1.0,189.99
US,Austin,5.61,Foot,Watercolor,5,1,6,7,0.7,118.13
IN,Bangalore,18.49,Wrist,Traditional,10,0,1,9,2.2,246.61
IN,Bengaluru,17.5,Calf,Tribal,1,0,1,3,0.6,67.66
US,Los Angeles,5.63,Wrist,Geometric,9,1,8,9,1.0,135.24
AU,Melbourne,13.77,Wrist,Traditional,4,0,1,7,0.9,111.06
IN,Bengaluru,67.07,Back,Traditional,4,0,1,2,1.0,149.48
IN,Pune,4.21,Shoulder,Geometric,4,0,1,9,0.7,77.03
US,Austin,20.37,Upper back,Watercolor,3,0,1,9,1.1,174.3
IN,Mumbai,30.39,Calf,Traditional,10,1,8,5,2.3,311.1
AU,Brisbane,7.74,Rib,Realism,10,1,7,4,0.9,189.31
AU,Brisbane,21.86,Hand,Japanese,9,0,1,9,2.3,353.02
UK,Birmingham,27.76,Upper arm,Japanese,3,1,7,7,1.2,124.89
UK,Edinburgh,17.48,Back,Blackwork,5,0,1,4,0.8,70.09
IN,Mangaluru,5.69,Shoulder,Watercolor,10,0,1,3,0.7,102.39
IN,Mangaluru,31.18,Upper arm,Geometric,5,1,5,5,1.4,126.08
AU,Brisbane,12.34,Hand,Minimalist,1,0,1,7,0.6,58.57
UK,Edinburgh,18.38,Wrist,Tribal,10,1,6,1,0.7,56.81
US,Los Angeles,5.47,Chest,Watercolor,3,0,1,6,0.6,102.72
US,New York,3.03,Chest,Minimalist,5,1,6,2,0.5,67.07
US,Los Angeles,4.9,Calf,Minimalist,2,1,8,9,0.6,81.47
US,New York,5.28,Rib,Traditional,5,1,4,4,0.6,120.24
US,Los Angeles,4.94,Back,Neo Traditional,9,0,1,9,0.9,227.41
IN,Bengaluru,17.2,Calf,Watercolor,3,1,7,6,0.9,119.05
US,Austin,34.62,Chest,Watercolor,9,0,1,8,3.0,383.1
UK,Edinburgh,1.58,Ankle,New School,4,0,1,7,0.5,49.75
UK,Edinburgh,7.81,Upper back,Watercolor,2,0,1,1,0.5,49.69
IN,Bangalore,46.39,Back,Watercolor,1,0,1,5,0.7,128.29
AU,Melbourne,15.81,Ankle,Neo Traditional,9,1,6,8,1.9,267.96
AU,Melbourne,27.5,Lower back,Traditional,4,0,1,1,0.6,60.3
UK,Birmingham,5.08,Finger,New School,4,1,8,4,0.6,74.77
US,Chicago,10.65,Behind ear,Minimalist,9,1,6,4,1.0,99.45
IN,Mumbai,7.68,Hand,Blackwork,9,0,1,4,0.8,112.49
UK,London,14.01,Calf,Geometric,2,1,8,10,0.8,94.25
IN,Mumbai,16.08,Thigh,Tribal,3,1,5,9,1.0,126.28
IN,Mangaluru,22.37,Upper back,Japanese,9,1,7,7,2.2,309.64
UK,Manchester,4.95,Thigh,Japanese,4,0,1,3,0.6,90.12
IN,Delhi,15.41,Rib,Blackwork,7,1,4,6,1.3,177.82
UK,Manchester,6.97,Calf,Geometric,1,0,1,5,0.5,48.26
US,Austin,46.58,Shoulder,Japanese,2,1,6,6,1.2,204.93
US,Los Angeles,2.6,Back,Traditional,7,1,6,8,0.7,93.09
UK,Manchester,10.68,Finger,Realism,4,0,1,10,0.9,129.56
IN,Pune,22.93,Lower back,Traditional,7,0,1,7,1.6,180.25
IN,Bangalore,3.72,Ankle,Tribal,2,1,3,1,0.5,64.99
AU,Melbourne,14.66,Foot,Watercolor,10,1,7,8,1.9,243.73
UK,London,35.73,Foot,Japanese,1,0,1,7,0.8,122.27
IN,Bengaluru,14.77,Hand,Geometric,7,0,1,8,1.3,286.18
IN,Mumbai,22.32,Lower back,Tribal,1,0,1,8,0.7,118.62
UK,London,7.86,Upper arm,New School,6,0,1,5,0.7,112.26
UK,London,17.65,Shoulder,Watercolor,5,0,1,9,1.3,167.28
US,Los Angeles,3.98,Shoulder,Neo Traditional,2,1,6,3,0.5,60.43
US,Chicago,21.27,Back,Japanese,1,1,6,9,0.7,109.64
AU,Perth,20.5,Finger,Traditional,6,0,1,1,0.6,81.43
US,Miami,6.64,Thigh,New School,8,0,1,5,0.8,101.01
AU,Brisbane,16.54,Finger,Watercolor,5,0,1,8,1.2,227.59
US,Austin,2.63,Upper back,Geometric,9,1,5,3,0.6,61.39
AU,Melbourne,27.11,Thigh,Minimalist,1,1,8,2,0.6,63.52
AU,Perth,8.97,Finger,Japanese,7,1,8,1,0.6,97.43
US,Miami,29.95,Foot,Watercolor,6,0,1,6,1.6,242.1
IN,Bengaluru,16.34,Upper back,Realism,5,0,1,8,1.2,275.75
AU,Melbourne,9.66,Upper back,Realism,4,0,1,6,0.7,100.58
UK,London,2.08,Finger,Realism,2,0,1,6,0.5,95.1
IN,Delhi,5.31,Hand,Minimalist,7,0,1,4,0.6,78.41
US,Chicago,5.07,Neck,Minimalist,8,0,1,4,0.7,99.56
US,Austin,8.74,Rib,Watercolor,1,1,6,1,0.5,102.78
IN,Mangaluru,12.78,Behind ear,Realism,9,0,1,5,1.1,196.53
UK,London,7.01,Forearm,Traditional,3,0,1,8,0.7,82.92
AU,Perth,11.52,Foot,Traditional,6,0,1,4,0.8,90.4
US,New York,14.86,Forearm,Neo Traditional,3,0,1,10,0.9,159.71
UK,Birmingham,12.15,Lower back,Minimalist,10,1,3,6,1.4,92.6
US,New York,7.12,Thigh,Traditional,10,1,8,4,0.8,109.54
UK,Birmingham,27.2,Wrist,Minimalist,8,0,1,7,2.0,142.56
US,Chicago,34.81,Upper back,Japanese,7,0,1,5,1.7,217.81
US,New York,7.19,Rib,Japanese,6,1,3,1,0.6,168.07
AU,Perth,14.31,Wrist,Tribal,9,0,1,2,0.8,74.98
UK,Edinburgh,10.28,Lower back,Tribal,7,1,5,9,1.3,101.14
US,Miami,7.93,Thigh,Realism,2,1,3,8,0.7,106.95
AU,Perth,12.04,Chest,Tribal,9,1,6,9,1.7,218.35
IN,Mumbai,20.65,Forearm,Realism,8,0,1,5,1.3,312.95
UK,Manchester,25.99,Lower back,Tribal,9,0,1,6,1.9,162.69
US,Miami,19.04,Behind ear,Tribal,10,1,3,1,0.7,81.82
AU,Sydney,17.55,Behind ear,Blackwork,1,1,7,7,0.6,84.06
US,Austin,4.11,Neck,Blackwork,8,1,2,8,0.8,133.65
US,Austin,15.62,Calf,Geometric,9,0,1,1,0.6,74.99
US,Miami,7.3,Behind ear,Realism,2,1,3,9,0.7,83.93
US,Miami,19.37,Back,Blackwork,5,1,5,2,0.7,115.08
US,Austin,13.0,Behind ear,Realism,5,1,6,2,0.7,117.46
AU,Melbourne,14.77,Finger,Neo Traditional,6,1,3,6,1.1,200.07
US,Los Angeles,14.89,Ankle,Japanese,9,1,7,4,1.1,194.16
AU,Perth,9.99,Upper back,Geometric,6,1,6,4,0.8,81.55
US,Los Angeles,23.39,Thigh,Blackwork,8,0,1,6,1.6,249.75
IN,Mangaluru,27.19,Behind ear,Geometric,4,0,1,7,1.3,136.57
IN,Bangalore,23.4,Wrist,Geometric,9,1,7,6,2.0,319.64
AU,Sydney,11.8,Rib,New School,1,0,1,3,0.5,110.26
US,Austin,11.14,Hand,Blackwork,1,0,1,4,0.5,79.95
AU,Perth,23.25,Finger,Realism,5,1,6,6,1.3,233.01
AU,Perth,4.08,Forearm,Minimalist,9,0,1,6,0.7,55.25
AU,Brisbane,5.6,Neck,New School,3,1,7,9,0.7,120.51
IN,Pune,9.75,Hand,Realism,8,0,1,5,0.9,173.17
IN,Mumbai,58.57,Foot,Blackwork,8,0,1,1,1.0,131.13
IN,Pune,11.78,Behind ear,Neo Traditional,2,0,1,10,0.7,75.38
AU,Sydney,10.42,Ankle,New School,10,0,1,9,1.4,219.9
IN,Bangalore,1.02,Thigh,Traditional,4,0,1,1,0.5,64.23
AU,Sydney,12.35,Thigh,Watercolor,2,0,1,3,0.6,90.23
US,Los Angeles,4.53,Ankle,Watercolor,9,1,2,1,0.5,117.06
AU,Perth,55.28,Finger,Minimalist,10,0,1,3,2.2,215.82
US,Miami,13.07,Upper back,New School,2,1,4,8,0.8,122.71
US,Los Angeles,6.88,Forearm,Minimalist,9,0,1,7,0.9,106.82
US,Chicago,23.9,Neck,New School,6,0,1,2,0.8,206.84
AU,Brisbane,17.53,Chest,Minimalist,5,1,5,7,1.2,68.27
UK,London,31.03,Back,Blackwork,2,1,2,3,0.7,97.9
US,New York,9.79,Lower back,Traditional,4,1,7,10,1.0,188.73
AU,Perth,10.62,Chest,Geometric,9,1,7,6,1.2,112.26
UK,London,9.09,Calf,Japanese,4,1,2,6,0.8,132.96
IN,Mangaluru,9.36,Lower back,Blackwork,7,1,5,4,0.8,82.87
AU,Sydney,9.55,Behind ear,Blackwork,1,0,1,3,0.5,69.87
US,Miami,18.02,Neck,Watercolor,3,1,7,5,0.8,187.09
US,New York,22.31,Chest,Tribal,2,1,4,9,1.0,133.68
US,New York,14.39,Wrist,New School,1,1,4,8,0.6,107.27
IN,Delhi,7.26,Upper arm,Japanese,8,1,4,8,1.1,180.78
IN,Pune,40.39,Ankle,Neo Traditional,4,0,1,2,0.8,86.29
IN,Mumbai,7.02,Ankle,Watercolor,10,0,1,3,0.7,161.53
US,Chicago,3.71,Calf,Geometric,1,1,8,9,0.5,49.63
AU,Melbourne,22.2,Thigh,Japanese,2,0,1,10,0.9,101.65
UK,Manchester,26.49,Chest,Geometric,3,0,1,6,1.0,88.9
IN,Delhi,11.95,Lower back,New School,3,1,8,8,0.8,124.29
US,Chicago,23.47,Neck,New School,6,1,5,9,2.0,312.12
IN,Mangaluru,6.94,Finger,Neo Traditional,8,1,6,6,0.9,153.04
UK,Edinburgh,21.03,Thigh,Watercolor,8,0,1,2,0.8,68.94
UK,Manchester,24.36,Thigh,Traditional,9,1,8,5,1.8,193.44
US,Los Angeles,7.05,Finger,Neo Traditional,1,1,3,10,0.6,104.87
US,Los Angeles,2.63,Upper arm,Traditional,3,0,1,6,0.5,53.29
AU,Melbourne,32.55,Upper back,Realism,5,0,1,4,1.2,258.62
AU,Melbourne,7.0,Back,Blackwork,2,1,3,10,0.7,109.18
AU,Brisbane,5.52,Wrist,Geometric,9,1,6,9,1.0,121.41
IN,Bengaluru,25.31,Thigh,Minimalist,3,1,3,8,1.2,103.99
UK,Birmingham,4.54,Upper back,Neo Traditional,8,0,1,7,0.8,72.54
IN,Mumbai,13.4,Ankle,Realism,5,1,5,6,1.0,128.92
IN,Mangaluru,10.83,Shoulder,Blackwork,10,0,1,4,0.9,120.28
US,Chicago,27.69,Upper arm,Minimalist,5,0,1,9,1.7,191.98
IN,Bangalore,11.7,Shoulder,New School,4,1,5,9,1.0,136.12
IN,Bangalore,14.86,Neck,Tribal,9,1,7,3,1.0,175.2
UK,Birmingham,26.8,Back,New School,7,1,8,6,1.9,197.14
IN,Mumbai,23.38,Rib,Realism,1,1,6,4,0.6,148.12
IN,Bengaluru,10.06,Rib,Tribal,5,1,4,5,0.8,123.18
UK,London,6.25,Thigh,Tribal,10,1,6,10,1.2,142.01
US,Los Angeles,15.6,Lower back,Realism,8,0,1,7,1.4,284.62
AU,Sydney,20.67,Shoulder,Tribal,7,0,1,6,1.4,169.55
UK,Edinburgh,12.37,Upper arm,Minimalist,2,1,6,10,0.8,62.21
UK,London,7.06,Calf,Watercolor,9,1,6,7,1.0,190.8
AU,Melbourne,7.41,Forearm,New School,3,1,3,1,0.5,75.79
IN,Bengaluru,13.53,Shoulder,Neo Traditional,9,0,1,4,1.0,171.05
US,Austin,14.09,Finger,Japanese,3,1,8,8,0.9,161.93
UK,Birmingham,24.53,Wrist,Blackwork,3,0,1,1,0.6,50.36
US,Miami,12.02,Chest,Neo Traditional,10,1,7,9,1.8,218.04
AU,Melbourne,3.56,Finger,New School,2,1,5,7,0.6,113.56
US,Austin,14.98,Rib,Japanese,9,0,1,6,1.3,248.99
AU,Sydney,8.72,Finger,Tribal,2,0,1,4,0.6,73.89
AU,Melbourne,15.34,Hand,Japanese,2,1,4,6,0.7,136.69
IN,Mumbai,15.6,Forearm,Traditional,6,0,1,7,1.2,168.9
US,Miami,10.21,Thigh,Blackwork,6,0,1,8,1.0,123.97
US,Miami,3.34,Wrist,Neo Traditional,4,0,1,4,0.6,91.66
US,New York,8.61,Foot,Minimalist,8,1,4,7,1.1,95.76
UK,Birmingham,15.4,Ankle,New School,1,1,6,7,0.6,69.29
AU,Brisbane,21.34,Rib,Watercolor,8,1,8,7,1.9,323.78
AU,Brisbane,91.54,Calf,Minimalist,1,0,1,2,0.7,66.79
US,Miami,3.66,Upper arm,Watercolor,4,0,1,2,0.5,71.6
US,Austin,22.63,Rib,Minimalist,8,0,1,3,1.0,106.5
UK,Birmingham,10.75,Behind ear,Minimalist,8,0,1,1,0.6,42.05
AU,Sydney,6.53,Rib,Traditional,2,1,8,7,0.6,92.87
IN,Bangalore,4.53,Thigh,Realism,6,1,8,10,0.8,144.81
UK,Edinburgh,6.34,Neck,Watercolor,4,1,6,10,0.8,94.09
US,New York,33.92,Upper back,Tribal,4,0,1,1,0.6,70.31
UK,Birmingham,8.21,Foot,Minimalist,1,0,1,4,0.5,37.96
US,Miami,6.57,Wrist,Geometric,2,1,8,1,0.5,72.47
US,Chicago,31.14,Thigh,Geometric,5,0,1,5,1.3,171.62
US,Miami,6.94,Upper back,Realism,2,1,5,8,0.6,83.16
US,Chicago,5.51,Thigh,Watercolor,10,1,5,10,1.2,178.09
UK,Manchester,37.35,Calf,Realism,4,1,7,10,2.3,237.58
US,Austin,4.13,Forearm,Neo Traditional,1,0,1,2,0.5,72.66
UK,Edinburgh,10.14,Forearm,Realism,6,0,1,3,0.7,94.72
UK,London,11.69,Forearm,Tribal,8,0,1,4,0.9,100.93
AU,Brisbane,15.92,Back,Neo Traditional,3,1,2,4,0.7,94.76
UK,Edinburgh,33.85,Upper arm,Geometric,5,0,1,9,2.0,129.9
IN,Mangaluru,8.82,Chest,Minimalist,4,0,1,10,0.9,92.62
US,Chicago,29.32,Thigh,Traditional,2,0,1,3,0.7,58.87
IN,Delhi,24.19,Rib,Tribal,5,1,2,3,0.9,168.44
IN,Bengaluru,8.64,Behind ear,Blackwork,6,0,1,6,0.8,98.27
AU,Perth,22.36,Back,Blackwork,5,0,1,7,1.3,129.75
UK,Birmingham,10.02,Behind ear,Geometric,1,1,6,9,0.6,51.05
UK,Manchester,7.71,Calf,Tribal,2,0,1,5,0.6,66.05
US,Chicago,40.98,Thigh,Japanese,1,0,1,2,0.6,95.93
IN,Bengaluru,39.41,Finger,Blackwork,2,0,1,4,0.8,105.26
US,Chicago,8.84,Ankle,Japanese,7,0,1,10,1.1,182.1
AU,Melbourne,11.18,Calf,Neo Traditional,4,0,1,6,0.8,121.65
US,Austin,9.09,Finger,Tribal,6,1,7,1,0.6,68.82
US,Los Angeles,16.61,Behind ear,Tribal,6,1,5,7,1.3,241.65
UK,Edinburgh,30.24,Forearm,Watercolor,3,1,8,9,1.5,150.0
AU,Perth,17.11,Forearm,Neo Traditional,10,0,1,10,2.2,257.55
IN,Delhi,12.38,Behind ear,Realism,3,1,8,9,0.9,163.4
IN,Bangalore,16.78,Shoulder,Japanese,1,0,1,3,0.6,107.51
US,New York,10.81,Rib,Neo Traditional,6,0,1,10,1.1,198.75
IN,Mangaluru,8.34,Finger,Japanese,9,1,2,10,1.4,241.18
IN,Mumbai,9.05,Upper arm,Tribal,1,0,1,9,0.6,58.12
UK,Edinburgh,57.02,Lower back,Traditional,10,1,3,8,6.0,519.86
AU,Perth,35.51,Lower back,Japanese,2,0,1,2,0.6,79.98
US,Chicago,27.9,Hand,New School,3,1,2,5,1.0,194.95
UK,Birmingham,11.09,Lower back,Traditional,4,1,6,1,0.6,42.84
US,Austin,3.51,Neck,Japanese,7,1,7,2,0.6,111.5
US,Miami,14.34,Upper back,Watercolor,4,1,6,5,0.8,103.26
AU,Brisbane,36.14,Thigh,Neo Traditional,3,0,1,4,0.9,85.01
UK,Birmingham,7.59,Rib,Watercolor,2,1,2,1,0.5,78.86
AU,Brisbane,8.56,Lower back,Traditional,8,1,8,10,1.3,150.76
US,New York,11.53,Ankle,New School,9,0,1,9,1.4,270.67
UK,Birmingham,19.68,Lower back,Geometric,7,0,1,6,1.3,117.44
AU,Melbourne,5.12,Neck,Blackwork,2,1,6,2,0.5,74.78
UK,Manchester,9.41,Lower back,Japanese,8,1,8,6,1.0,138.55
AU,Perth,24.23,Forearm,New School,4,0,1,9,1.4,161.78
UK,London,6.7,Forearm,Geometric,2,0,1,6,0.6,73.95
IN,Delhi,17.87,Behind ear,Japanese,10,0,1,8,1.9,336.2
UK,Manchester,2.5,Ankle,Watercolor,3,1,4,9,0.6,73.55
UK,London,1.7,Hand,Realism,4,0,1,3,0.5,105.73
UK,London,16.73,Upper arm,Neo Traditional,8,1,5,7,1.6,263.62
UK,London,9.35,Hand,New School,10,0,1,3,0.8,96.18
US,New York,9.33,Neck,Geometric,7,1,2,3,0.7,134.65
UK,Manchester,10.52,Hand,Neo Traditional,7,0,1,9,1.2,163.6
US,New York,20.21,Neck,Geometric,1,1,2,6,0.6,128.0
UK,Manchester,10.7,Hand,Minimalist,4,1,2,8,0.9,78.78
AU,Melbourne,9.84,Ankle,New School,10,1,3,2,0.7,102.55
UK,Manchester,17.32,Calf,Realism,1,1,8,8,0.7,78.71
IN,Delhi,11.75,Upper back,New School,10,0,1,7,1.3,205.3
IN,Bengaluru,10.01,Lower back,Watercolor,3,1,2,2,0.6,80.14
US,Miami,12.36,Upper arm,Traditional,10,0,1,8,1.5,179.61
IN,Pune,18.4,Behind ear,Japanese,2,0,1,3,0.6,88.3
AU,Melbourne,6.46,Upper arm,Blackwork,3,0,1,5,0.6,76.3
UK,Edinburgh,11.66,Rib,Watercolor,8,0,1,9,1.3,190.56
UK,London,75.13,Upper arm,Geometric,10,1,8,10,9.5,1430.88
UK,Edinburgh,17.73,Foot,Watercolor,6,0,1,10,1.6,213.32
IN,Delhi,14.07,Foot,Minimalist,5,0,1,5,0.9,107.59
US,Chicago,6.11,Rib,Blackwork,9,1,2,6,0.9,137.98
US,New York,22.01,Neck,Tribal,10,0,1,1,0.7,156.47
IN,Mangaluru,13.81,Forearm,Traditional,4,1,3,10,1.2,133.71
AU,Sydney,3.03,Lower back,Traditional,9,1,3,4,0.6,66.0
UK,London,4.87,Chest,Tribal,8,1,6,10,1.0,140.2
US,Miami,30.82,Neck,Realism,9,1,5,5,2.2,667.64
UK,Manchester,14.19,Chest,Traditional,1,1,4,1,0.5,45.83
IN,Bengaluru,27.06,Foot,Realism,7,1,2,2,1.0,135.15
UK,London,10.77,Neck,Traditional,4,1,4,9,1.0,176.03
IN,Delhi,29.31,Foot,Traditional,6,0,1,8,1.9,314.07
UK,Birmingham,13.25,Finger,Watercolor,4,0,1,6,0.8,85.07
IN,Delhi,9.07,Shoulder,Japanese,1,0,1,9,0.6,118.46
UK,Birmingham,7.44,Upper back,Tribal,1,1,8,2,0.5,40.14
US,Los Angeles,10.56,Forearm,Geometric,3,1,4,2,0.6,70.07
AU,Perth,3.36,Upper back,Japanese,4,0,1,6,0.6,96.26
UK,Manchester,6.29,Foot,Neo Traditional,10,1,2,4,0.8,77.97
UK,Manchester,46.81,Neck,Japanese,10,0,1,2,1.4,229.08
AU,Brisbane,3.42,Forearm,Watercolor,5,1,4,5,0.6,86.95
IN,Mangaluru,2.0,Calf,Realism,4,1,2,1,0.5,106.11
UK,London,8.56,Chest,Geometric,10,0,1,6,1.0,148.86
IN,Mangaluru,41.28,Shoulder,Watercolor,2,1,6,1,0.6,80.37
AU,Brisbane,4.71,Foot,New School,9,1,6,3,0.7,68.79
AU,Perth,27.85,Back,Tribal,4,1,5,1,0.6,51.25
US,New York,3.76,Behind ear,Minimalist,3,1,4,5,0.6,90.98
AU,Brisbane,8.23,Forearm,Minimalist,9,0,1,3,0.7,64.07
AU,Sydney,32.65,Chest,Geometric,2,0,1,10,1.2,167.15
AU,Brisbane,13.88,Back,Realism,8,1,4,8,1.6,203.81
US,New York,15.07,Ankle,Geometric,7,0,1,5,1.0,177.47
AU,Melbourne,51.31,Lower back,Neo Traditional,6,0,1,1,0.8,121.84
IN,Mangaluru,6.8,Hand,Minimalist,2,1,4,10,0.7,81.38
AU,Sydney,24.39,Behind ear,Watercolor,1,0,1,4,0.6,101.62
UK,Edinburgh,15.26,Thigh,New School,9,1,3,2,0.8,82.18
UK,London,30.22,Upper back,Realism,4,0,1,7,1.3,197.08
UK,Edinburgh,31.81,Back,Traditional,3,1,4,7,1.3,98.85
US,Los Angeles,6.52,Lower back,Traditional,7,0,1,10,1.0,130.33
US,New York,51.9,Behind ear,Japanese,3,0,1,1,0.7,120.67
IN,Bengaluru,70.33,Ankle,Blackwork,8,0,1,5,3.3,453.75
US,Miami,12.13,Forearm,Traditional,3,0,1,4,0.6,65.68
US,Chicago,7.72,Chest,Japanese,4,0,1,9,0.8,145.46
US,Miami,11.98,Shoulder,Japanese,6,0,1,7,1.0,170.04
UK,Manchester,29.27,Neck,Tribal,5,1,7,6,1.6,192.39
AU,Sydney,22.54,Ankle,Traditional,5,1,4,9,1.7,202.02
US,Miami,3.38,Foot,Blackwork,2,1,5,5,0.5,74.12
UK,London,5.14,Upper arm,Traditional,1,1,7,8,0.5,56.2
UK,Manchester,6.52,Foot,Realism,1,0,1,7,0.5,78.32
UK,Edinburgh,5.36,Shoulder,Realism,2,0,1,1,0.5,67.69
IN,Mumbai,12.37,Calf,New School,4,1,6,10,1.1,190.91
UK,Birmingham,2.87,Back,Traditional,6,0,1,6,0.6,60.73
IN,Bengaluru,4.2,Forearm,Realism,1,1,3,2,0.5,81.91
IN,Delhi,11.78,Hand,Japanese,1,1,2,2,0.5,100.84
AU,Brisbane,4.7,Ankle,Geometric,1,1,4,5,0.5,51.23
IN,Pune,5.1,Foot,Blackwork,1,0,1,10,0.6,53.25
US,New York,9.69,Upper arm,Minimalist,5,0,1,9,0.9,106.85
IN,Bengaluru,20.47,Forearm,Watercolor,2,0,1,10,0.9,145.41
UK,Manchester,20.39,Wrist,Minimalist,8,1,6,10,2.5,240.08
IN,Mumbai,16.5,Back,Japanese,4,0,1,9,1.1,281.67
US,Miami,30.44,Calf,Minimalist,10,0,1,6,2.3,279.32
AU,Brisbane,4.91,Thigh,Watercolor,5,1,3,6,0.7,95.57
IN,Bengaluru,10.54,Lower back,Japanese,6,1,3,4,0.8,155.45
UK,Birmingham,22.16,Rib,Traditional,3,0,1,8,1.0,97.75
IN,Mumbai,4.11,Upper back,Geometric,1,0,1,6,0.5,64.53
UK,Birmingham,8.47,Chest,Minimalist,10,0,1,10,1.3,75.42
AU,Sydney,3.4,Upper back,Neo Traditional,2,1,6,5,0.5,84.52
US,Chicago,16.5,Ankle,Realism,4,0,1,9,1.1,201.72
US,Austin,1.49,Upper back,Tribal,6,0,1,4,0.5,54.85
IN,Pune,4.9,Foot,Traditional,1,0,1,9,0.5,59.35
US,Los Angeles,27.66,Wrist,Minimalist,9,0,1,8,2.5,238.22
AU,Sydney,21.49,Forearm,Realism,6,0,1,7,1.4,247.72
UK,Manchester,8.42,Foot,Realism,10,1,2,10,1.5,191.94
UK,London,9.06,Hand,Minimalist,6,1,2,4,0.8,103.19
AU,Perth,10.49,Foot,Neo Traditional,6,0,1,1,0.6,80.18
IN,Bangalore,6.35,Ankle,Traditional,3,1,7,3,0.6,83.14
UK,Manchester,18.54,Rib,Japanese,7,0,1,8,1.5,208.58
IN,Pune,4.37,Forearm,Realism,3,0,1,7,0.6,93.04
IN,Delhi,3.12,Forearm,Neo Traditional,8,1,7,6,0.7,112.05
UK,Birmingham,8.41,Neck,Watercolor,3,1,3,1,0.5,77.77
IN,Mangaluru,6.43,Foot,Realism,10,1,5,6,1.0,124.51
UK,Manchester,32.77,Thigh,Realism,4,0,1,4,1.0,121.22
AU,Melbourne,41.86,Ankle,Blackwork,2,0,1,4,0.8,77.49
AU,Perth,3.71,Ankle,Neo Traditional,7,1,3,5,0.7,83.47
UK,Birmingham,18.26,Shoulder,Geometric,8,1,5,9,2.1,188.44
AU,Brisbane,10.82,Finger,Blackwork,3,1,8,5,0.7,72.7
US,Los Angeles,9.05,Upper arm,Tribal,7,1,2,2,0.7,87.87
US,Austin,37.71,Chest,Minimalist,5,1,6,5,1.6,137.92
AU,Brisbane,7.2,Back,Watercolor,4,0,1,2,0.6,68.24
IN,Bangalore,6.81,Lower back,New School,1,0,1,6,0.5,75.46
IN,Bengaluru,62.52,Foot,Japanese,3,0,1,7,1.8,265.73
US,Los Angeles,4.87,Shoulder,Neo Traditional,8,1,8,8,0.9,214.7
IN,Mangaluru,7.62,Calf,Watercolor,7,1,4,8,1.0,155.58
UK,London,18.68,Ankle,New School,7,1,7,6,1.4,215.42
US,New York,54.07,Chest,Geometric,3,1,8,10,2.4,358.62
UK,London,21.36,Behind ear,Watercolor,8,1,3,3,1.1,206.05
US,Austin,9.53,Wrist,New School,10,0,1,7,1.2,131.09
IN,Bengaluru,39.49,Finger,Minimalist,7,0,1,6,2.2,184.48
US,Miami,3.63,Behind ear,New School,8,1,6,6,0.7,94.08
US,Austin,31.67,Ankle,New School,7,0,1,5,1.6,214.1
IN,Mumbai,15.16,Chest,Traditional,7,0,1,9,1.5,139.08
US,Los Angeles,16.69,Calf,New School,7,0,1,5,1.1,164.0
IN,Mumbai,9.26,Upper back,Tribal,8,0,1,9,1.2,163.95
US,Austin,12.21,Upper arm,New School,2,1,2,3,0.6,77.54
UK,Edinburgh,17.87,Back,Realism,8,1,2,6,1.5,195.16
US,Los Angeles,5.51,Upper back,Traditional,10,0,1,6,0.8,102.78
US,Miami,7.92,Rib,Minimalist,5,0,1,9,0.9,105.0
US,New York,13.1,Hand,Traditional,6,0,1,7,1.1,160.64
UK,Birmingham,27.55,Neck,Realism,1,0,1,2,0.6,108.88
US,Austin,10.03,Chest,Geometric,9,1,8,7,1.3,163.23
AU,Sydney,11.02,Chest,Japanese,4,0,1,5,0.7,107.4
IN,Bengaluru,15.58,Upper arm,Minimalist,3,1,2,4,0.7,91.39
IN,Bengaluru,5.28,Rib,Minimalist,1,1,8,7,0.5,74.09
IN,Mumbai,8.42,Chest,Realism,10,0,1,9,1.3,202.94
AU,Brisbane,13.31,Wrist,Neo Traditional,6,0,1,8,1.1,102.72
US,New York,3.48,Neck,Watercolor,4,1,6,3,0.6,167.52
US,Austin,2.77,Back,Blackwork,9,0,1,10,0.7,104.61
UK,Edinburgh,4.8,Chest,Japanese,5,0,1,7,0.7,96.91
AU,Sydney,24.48,Behind ear,Realism,8,1,8,6,1.9,325.13
UK,Manchester,16.59,Lower back,Geometric,6,1,4,4,1.0,83.25
AU,Perth,8.62,Chest,Minimalist,2,0,1,1,0.5,28.92
AU,Brisbane,10.99,Wrist,Traditional,4,1,5,4,0.7,68.91
US,New York,8.49,Upper back,New School,4,0,1,7,0.7,132.91
IN,Bangalore,17.18,Rib,Minimalist,7,0,1,5,1.1,156.5
US,Los Angeles,78.47,Hand,New School,9,0,1,6,4.7,882.72
UK,Manchester,10.78,Ankle,Watercolor,5,0,1,1,0.6,73.61
US,Austin,19.84,Upper arm,Japanese,2,1,6,8,0.9,135.6
IN,Pune,114.51,Hand,Japanese,4,1,2,9,5.4,1017.9
AU,Perth,8.19,Calf,Realism,3,1,6,10,0.8,119.13
US,Los Angeles,16.65,Calf,Watercolor,8,0,1,8,1.6,339.16
IN,Mumbai,16.66,Chest,Japanese,2,1,8,10,0.9,141.19
UK,Edinburgh,5.9,Shoulder,Traditional,1,1,2,2,0.5,52.62
UK,Manchester,4.43,Calf,Traditional,6,1,8,2,0.6,67.74
UK,Birmingham,10.84,Lower back,Realism,7,0,1,1,0.6,71.47
UK,Birmingham,15.74,Finger,Minimalist,7,0,1,2,0.7,49.53
UK,London,10.45,Forearm,New School,4,0,1,1,0.5,63.78
AU,Sydney,5.62,Forearm,Neo Traditional,10,0,1,3,0.7,115.2
US,Los Angeles,20.56,Chest,Neo Traditional,9,0,1,8,2.0,392.9
AU,Perth,64.12,Calf,Minimalist,1,1,7,9,1.2,91.77
IN,Pune,43.09,Wrist,Tribal,1,1,3,10,1.0,112.44
IN,Mangaluru,8.62,Shoulder,Realism,2,0,1,4,0.6,140.17
IN,Mumbai,18.5,Chest,New School,3,1,5,7,1.0,154.44
IN,Delhi,7.51,Neck,Minimalist,6,1,8,4,0.7,74.4
US,Chicago,37.98,Neck,Tribal,5,1,4,6,1.9,248.25
US,Los Angeles,13.92,Shoulder,Blackwork,4,1,4,6,0.9,168.97
US,Los Angeles,145.08,Wrist,Geometric,2,1,8,2,1.2,185.59
AU,Sydney,25.33,Thigh,Neo Traditional,4,1,3,6,1.2,169.44
AU,Sydney,13.52,Rib,Watercolor,10,0,1,9,1.7,260.3
AU,Sydney,14.46,Back,New School,6,1,5,3,0.8,128.44
IN,Bangalore,11.06,Foot,Blackwork,7,1,3,8,1.2,129.1
US,Chicago,24.99,Shoulder,Blackwork,3,0,1,9,1.2,154.51
US,Austin,46.0,Lower back,Traditional,8,1,2,5,2.7,290.46
IN,Pune,37.35,Hand,Blackwork,2,0,1,2,0.6,84.39
AU,Sydney,22.51,Lower back,Realism,3,1,4,2,0.7,155.6
IN,Delhi,20.64,Behind ear,Traditional,9,0,1,10,2.4,255.31
AU,Brisbane,17.79,Shoulder,New School,9,1,7,3,1.1,128.93
AU,Melbourne,6.63,Ankle,Traditional,2,0,1,6,0.6,63.68
UK,Birmingham,34.3,Hand,Japanese,3,1,3,1,0.6,61.66
AU,Melbourne,13.2,Behind ear,New School,4,0,1,8,0.9,126.17
AU,Perth,5.48,Foot,New School,7,0,1,10,0.9,127.01
US,Austin,8.74,Ankle,Tribal,2,0,1,9,0.7,74.59
AU,Sydney,101.88,Lower back,Neo Traditional,1,0,1,1,0.6,86.89
AU,Perth,10.72,Foot,Watercolor,9,1,6,1,0.6,102.44
UK,Manchester,14.32,Behind ear,Japanese,6,1,6,4,0.9,89.71
US,Austin,19.84,Forearm,New School,5,1,6,9,1.6,220.09
UK,Manchester,5.07,Upper arm,Neo Traditional,6,1,8,3,0.6,79.84
UK,Birmingham,8.05,Forearm,Neo Traditional,5,0,1,8,0.8,83.25
UK,Edinburgh,12.48,Lower back,Geometric,5,1,7,8,1.1,89.71
US,Chicago,15.58,Rib,Japanese,4,1,8,10,1.2,245.37
US,Chicago,8.86,Lower back,Neo Traditional,6,1,5,4,0.8,116.54
US,Austin,17.48,Behind ear,Geometric,5,1,5,9,1.4,135.13
IN,Bangalore,15.37,Hand,Watercolor,7,1,8,8,1.5,302.57
US,Miami,12.98,Forearm,Tribal,1,1,3,3,0.5,69.13
UK,Edinburgh,8.91,Lower back,Japanese,1,0,1,9,0.6,53.99
AU,Melbourne,7.88,Upper back,Traditional,7,0,1,9,1.0,121.38
UK,Manchester,4.99,Neck,Realism,2,0,1,2,0.5,79.84
US,Austin,40.28,Calf,Blackwork,10,1,6,7,3.9,375.69
US,Austin,20.43,Chest,Japanese,7,0,1,7,1.5,192.6
US,Chicago,12.88,Upper back,Geometric,4,1,2,9,1.1,170.79
IN,Bangalore,3.75,Ankle,Geometric,7,0,1,7,0.7,89.9
US,Chicago,17.04,Upper back,Realism,1,1,6,3,0.6,132.24
US,Los Angeles,5.73,Upper back,Watercolor,7,0,1,10,0.9,139.51
UK,Edinburgh,6.28,Forearm,Realism,5,1,3,10,0.9,105.34
AU,Brisbane,3.65,Neck,Realism,4,0,1,8,0.6,147.51
AU,Sydney,10.45,Shoulder,Blackwork,6,1,8,5,0.9,105.4
US,Los Angeles,8.7,Shoulder,Japanese,8,0,1,2,0.6,130.17
AU,Sydney,28.25,Thigh,Traditional,5,0,1,8,1.6,184.82
IN,Mangaluru,17.53,Lower back,Tribal,10,0,1,2,0.9,105.21
AU,Perth,15.28,Upper back,New School,6,1,5,3,0.8,100.92
UK,London,5.6,Rib,Watercolor,7,1,8,2,0.6,130.19
AU,Perth,7.92,Wrist,Minimalist,8,0,1,10,1.1,108.44
UK,London,10.56,Ankle,Neo Traditional,3,1,2,6,0.7,99.36
UK,Birmingham,3.65,Thigh,Realism,4,0,1,6,0.6,82.71
UK,Manchester,3.38,Rib,Watercolor,2,1,3,5,0.5,71.05
US,Los Angeles,5.55,Chest,Japanese,6,0,1,4,0.6,123.58
IN,Bengaluru,20.22,Upper arm,New School,10,1,2,9,2.7,395.33
UK,Edinburgh,19.55,Foot,Blackwork,9,1,7,5,1.6,186.07
IN,Delhi,33.27,Rib,Watercolor,4,1,4,5,1.3,294.13
UK,Edinburgh,14.36,Hand,Geometric,1,1,2,2,0.5,73.94
AU,Sydney,8.64,Behind ear,Minimalist,7,1,4,5,0.9,78.09
US,Austin,36.75,Neck,Neo Traditional,7,1,8,3,1.4,280.43
US,Los Angeles,27.23,Upper arm,Minimalist,8,0,1,6,1.8,216.63
US,Miami,34.41,Upper back,Geometric,3,0,1,5,1.0,166.86
UK,Manchester,173.13,Shoulder,Neo Traditional,9,1,8,7,13.6,1596.54
UK,London,4.25,Hand,New School,10,0,1,4,0.7,100.72
UK,Manchester,16.99,Upper back,Neo Traditional,9,0,1,5,1.3,134.55
UK,Manchester,19.43,Upper back,Traditional,1,0,1,7,0.6,50.21
UK,Birmingham,17.12,Shoulder,Traditional,10,0,1,7,1.7,155.84
IN,Bengaluru,4.98,Thigh,Neo Traditional,7,0,1,2,0.6,80.43
US,Miami,3.01,Wrist,Neo Traditional,7,1,4,7,0.7,116.57
US,Los Angeles,12.98,Ankle,Geometric,10,1,7,5,1.3,193.47
UK,Manchester,7.79,Wrist,Tribal,9,0,1,3,0.7,69.9
IN,Delhi,77.4,Ankle,Watercolor,6,1,3,4,2.7,447.34
US,Miami,19.15,Forearm,Neo Traditional,6,0,1,6,1.2,182.6
US,Los Angeles,9.68,Hand,New School,4,0,1,6,0.7,101.58
UK,London,7.2,Rib,Neo Traditional,5,1,4,4,0.7,151.49
UK,London,4.74,Chest,Watercolor,8,0,1,10,0.9,148.99
AU,Perth,8.11,Lower back,Realism,1,1,5,6,0.6,100.66
IN,Mangaluru,15.0,Calf,New School,6,0,1,10,1.4,146.22
US,New York,4.34,Ankle,Watercolor,6,1,7,5,0.7,167.64
US,Miami,20.59,Lower back,Blackwork,1,1,6,1,0.5,56.25
US,Miami,12.72,Back,Watercolor,2,1,5,9,0.8,155.02
US,Los Angeles,8.24,Chest,Blackwork,9,1,3,2,0.7,155.17
AU,Melbourne,9.01,Foot,New School,10,1,4,8,1.4,182.87
UK,Edinburgh,8.12,Hand,Japanese,1,0,1,9,0.6,89.54
UK,London,12.47,Foot,Realism,9,1,8,6,1.3,227.47
UK,London,8.81,Forearm,Geometric,4,0,1,7,0.7,105.85
IN,Bangalore,3.52,Back,New School,4,0,1,5,0.6,112.55
UK,Manchester,13.87,Chest,Realism,5,1,7,1,0.6,94.75
UK,Birmingham,65.91,Calf,Traditional,10,1,2,4,3.7,268.26
IN,Delhi,20.64,Back,Realism,1,0,1,5,0.6,133.77
IN,Delhi,13.62,Upper arm,Minimalist,1,1,5,2,0.5,49.81
AU,Melbourne,6.29,Hand,Blackwork,10,0,1,2,0.6,95.28
IN,Bengaluru,8.71,Hand,Watercolor,4,0,1,7,0.7,120.47
US,Miami,23.66,Wrist,New School,3,1,7,4,0.8,131.21
US,Miami,22.5,Upper back,Traditional,4,1,8,10,1.6,207.49
AU,Perth,5.17,Upper arm,Japanese,9,1,7,3,0.7,124.92
AU,Melbourne,6.62,Lower back,Tribal,10,0,1,3,0.7,73.49
AU,Brisbane,15.95,Chest,Neo Traditional,6,0,1,4,0.9,98.73
UK,Birmingham,11.48,Rib,Minimalist,2,1,5,3,0.6,60.58
IN,Mumbai,8.6,Behind ear,Neo Traditional,4,1,7,4,0.7,97.06
UK,Manchester,19.5,Thigh,Japanese,8,1,3,7,1.8,244.07
AU,Melbourne,13.02,Forearm,Minimalist,9,1,5,10,1.9,178.87
AU,Melbourne,20.29,Upper back,Neo Traditional,6,1,3,3,0.9,131.86
IN,Bengaluru,10.81,Calf,Realism,5,1,3,3,0.7,110.74
UK,Manchester,7.35,Upper back,Neo Traditional,6,0,1,6,0.8,67.93
US,Miami,2.96,Upper back,Neo Traditional,3,1,3,2,0.5,79.02
IN,Pune,6.07,Upper back,Minimalist,6,1,3,7,0.8,80.95
IN,Delhi,11.04,Forearm,Realism,10,0,1,3,0.8,132.05
UK,Manchester,13.21,Hand,Realism,8,1,6,10,1.8,300.87
UK,London,15.05,Forearm,Geometric,3,1,5,3,0.7,75.24
UK,Edinburgh,14.91,Upper arm,Watercolor,10,1,5,1,0.7,98.23
US,Chicago,11.22,Thigh,Traditional,6,1,5,2,0.7,89.47
UK,Manchester,2.95,Shoulder,Blackwork,2,1,7,9,0.6,51.95
US,New York,7.67,Wrist,Geometric,6,0,1,6,0.8,174.27
US,New York,10.51,Wrist,Tribal,9,1,8,6,1.2,191.13
UK,Manchester,6.03,Back,Watercolor,8,1,8,5,0.8,82.52
AU,Sydney,11.24,Shoulder,Geometric,5,0,1,10,1.1,136.97
AU,Sydney,10.09,Upper arm,Japanese,10,0,1,4,0.9,126.48
UK,Edinburgh,13.25,Neck,Traditional,2,1,5,2,0.6,72.32
IN,Pune,2.8,Chest,Japanese,3,0,1,6,0.6,71.13
AU,Perth,49.99,Back,Japanese,5,1,3,1,0.8,175.08
IN,Mumbai,21.68,Forearm,Geometric,1,1,3,7,0.7,110.41
AU,Melbourne,6.34,Lower back,New School,2,1,2,10,0.7,101.4
AU,Perth,10.73,Back,Tribal,3,0,1,7,0.7,88.27
UK,Manchester,12.57,Foot,Realism,2,0,1,8,0.7,85.62
IN,Bangalore,36.36,Shoulder,Japanese,2,1,3,5,0.9,162.92
UK,London,32.8,Ankle,Neo Traditional,1,1,8,1,0.5,67.6
IN,Mumbai,21.32,Lower back,Blackwork,7,0,1,6,1.4,240.42
AU,Perth,36.88,Ankle,Minimalist,2,1,5,10,1.4,102.89
AU,Sydney,12.87,Foot,Tribal,9,1,6,7,1.5,153.98
IN,Delhi,88.97,Upper arm,New School,3,1,8,7,2.7,408.31
US,Austin,19.77,Thigh,Neo Traditional,2,0,1,7,0.8,114.0
AU,Sydney,16.27,Shoulder,Blackwork,7,0,1,6,1.2,126.12
UK,Birmingham,38.5,Upper back,Traditional,3,0,1,9,1.5,126.02
IN,Mangaluru,23.46,Wrist,Blackwork,4,1,4,4,1.0,140.26
IN,Mumbai,7.34,Neck,Watercolor,7,0,1,3,0.7,205.18
IN,Bangalore,17.35,Foot,Neo Traditional,4,0,1,8,1.1,119.27
AU,Brisbane,16.41,Rib,Geometric,4,0,1,1,0.6,68.32
UK,Birmingham,4.28,Finger,Minimalist,7,1,7,9,0.8,50.3
UK,Edinburgh,7.78,Back,Japanese,8,0,1,9,1.1,120.05
IN,Bengaluru,34.05,Rib,Watercolor,4,0,1,6,1.3,252.04
AU,Brisbane,1.85,Shoulder,Traditional,7,0,1,8,0.6,47.09
IN,Delhi,4.07,Behind ear,Neo Traditional,2,1,5,4,0.5,80.85
IN,Delhi,63.04,Shoulder,Japanese,4,1,3,7,2.6,527.02
IN,Mangaluru,16.61,Forearm,Traditional,1,0,1,2,0.5,67.37
AU,Sydney,1.47,Hand,Japanese,10,0,1,10,0.6,102.12
IN,Pune,10.22,Foot,Realism,6,1,3,10,1.2,185.28
AU,Brisbane,49.66,Hand,Tribal,7,1,2,2,1.3,190.26
AU,Perth,50.73,Shoulder,Minimalist,9,1,8,2,1.6,128.13
IN,Pune,24.0,Hand,Japanese,3,1,3,10,1.4,254.3
AU,Melbourne,15.39,Ankle,Minimalist,8,0,1,7,1.4,113.45
IN,Bengaluru,3.14,Finger,Realism,8,1,8,2,0.6,129.0
US,New York,4.03,Back,Blackwork,7,1,7,5,0.7,126.28
UK,London,6.35,Forearm,Minimalist,9,1,4,5,0.8,69.41
US,Austin,26.98,Ankle,Traditional,1,1,3,2,0.6,72.51
IN,Pune,58.84,Foot,Traditional,4,1,2,9,3.0,281.12
UK,Manchester,9.76,Rib,New School,10,1,6,7,1.3,253.65
UK,Manchester,25.13,Forearm,Japanese,3,1,7,1,0.6,88.13
AU,Melbourne,27.79,Forearm,Japanese,5,1,7,1,0.7,104.53
US,Miami,2.46,Back,Watercolor,1,0,1,3,0.5,83.85
AU,Perth,7.26,Neck,Geometric,1,1,8,10,0.6,83.0
US,Miami,4.0,Forearm,Minimalist,6,1,6,6,0.7,79.6
AU,Brisbane,6.02,Lower back,Minimalist,7,1,7,6,0.8,59.53
US,Austin,13.46,Neck,Tribal,2,1,3,7,0.7,98.32
IN,Bengaluru,6.58,Upper back,Minimalist,2,1,5,7,0.6,65.52
US,Chicago,6.94,Thigh,Traditional,9,1,6,2,0.6,80.02
UK,Manchester,15.27,Chest,Blackwork,5,0,1,6,1.0,102.27
IN,Bengaluru,10.43,Foot,Realism,8,1,7,8,1.3,200.75
AU,Sydney,17.69,Foot,Japanese,7,0,1,2,0.7,91.06
UK,London,21.3,Shoulder,Japanese,3,0,1,9,1.1,215.76
US,Austin,11.5,Lower back,Geometric,8,0,1,5,1.0,103.01
US,Miami,3.88,Upper back,Blackwork,7,0,1,9,0.7,70.99
UK,Edinburgh,9.43,Thigh,Tribal,5,0,1,7,0.8,59.65
AU,Sydney,5.82,Rib,Traditional,2,1,8,3,0.5,80.25
IN,Mangaluru,5.91,Hand,Watercolor,6,1,6,2,0.6,124.99
IN,Delhi,16.48,Forearm,Tribal,10,0,1,1,0.7,83.89
US,Los Angeles,8.7,Thigh,New School,4,0,1,6,0.7,119.19
US,Chicago,46.82,Calf,Geometric,3,1,5,8,1.8,184.6
US,Austin,62.55,Upper back,Realism,8,1,8,2,1.7,273.89
AU,Melbourne,1.96,Forearm,Neo Traditional,2,1,6,4,0.5,40.3
UK,Birmingham,2.08,Wrist,Minimalist,8,1,7,7,0.6,30.69
UK,London,13.66,Back,Realism,8,1,7,10,1.8,291.91
US,Austin,15.49,Neck,Minimalist,5,0,1,9,1.2,103.95
AU,Perth,7.3,Hand,Tribal,10,0,1,3,0.7,81.16
IN,Bengaluru,19.42,Behind ear,Geometric,4,0,1,4,0.8,86.96
US,Austin,6.18,Hand,Geometric,5,0,1,6,0.7,123.97
US,Chicago,10.64,Forearm,Tribal,9,1,8,3,0.8,94.2
US,New York,11.86,Neck,Traditional,5,0,1,4,0.7,144.47
AU,Brisbane,31.52,Upper arm,Blackwork,3,0,1,1,0.6,57.44
UK,London,12.21,Behind ear,Minimalist,2,0,1,1,0.5,55.77
US,Austin,34.86,Upper back,Japanese,9,0,1,8,3.0,440.96
UK,Edinburgh,6.68,Upper back,New School,8,1,8,7,0.9,92.1
IN,Mumbai,31.7,Forearm,Blackwork,1,0,1,2,0.6,81.68
IN,Mangaluru,15.76,Upper back,Blackwork,1,1,2,2,0.5,83.93
US,Austin,15.97,Forearm,Japanese,9,0,1,7,1.5,244.13
AU,Sydney,42.17,Upper back,Blackwork,8,1,5,9,4.1,668.02
UK,London,4.06,Upper arm,Minimalist,4,0,1,5,0.6,64.1
US,Los Angeles,22.12,Chest,Blackwork,2,0,1,10,0.9,140.07
UK,Edinburgh,10.94,Lower back,New School,7,1,4,10,1.4,139.71
UK,Birmingham,19.8,Ankle,Watercolor,5,1,4,2,0.7,63.93
AU,Sydney,21.01,Shoulder,Watercolor,1,0,1,1,0.5,86.64
IN,Bengaluru,15.49,Back,New School,6,0,1,6,1.1,119.17
IN,Delhi,25.34,Foot,Geometric,1,0,1,1,0.5,74.75
US,Los Angeles,4.82,Wrist,Blackwork,2,1,3,6,0.6,72.26
US,Los Angeles,5.92,Hand,Geometric,5,1,5,4,0.6,75.04
US,Los Angeles,13.83,Ankle,Blackwork,4,0,1,1,0.6,110.01
UK,Birmingham,22.32,Wrist,Japanese,8,1,3,3,1.1,131.16
IN,Mumbai,20.89,Calf,Neo Traditional,9,0,1,3,1.1,215.49
AU,Brisbane,20.76,Behind ear,Realism,3,1,8,8,1.1,179.86
IN,Bangalore,12.45,Forearm,Tribal,4,1,8,3,0.7,88.55
IN,Mangaluru,39.15,Back,Realism,10,1,8,10,5.2,947.7
AU,Perth,3.67,Wrist,Minimalist,2,1,4,9,0.6,50.33
AU,Perth,17.47,Back,Tribal,5,0,1,6,1.0,120.06
UK,Edinburgh,22.45,Upper arm,Japanese,9,1,8,6,2.0,319.3
AU,Perth,9.06,Finger,Geometric,10,0,1,9,1.3,168.61
UK,Birmingham,30.18,Finger,Geometric,10,1,8,4,1.9,192.64
UK,Manchester,7.0,Upper arm,New School,9,0,1,8,1.0,123.17
AU,Melbourne,12.38,Upper back,Japanese,10,0,1,9,1.6,203.16
US,Austin,6.96,Foot,Japanese,7,0,1,3,0.6,89.92
AU,Perth,10.97,Upper back,Tribal,1,1,5,9,0.6,55.56
UK,Manchester,37.76,Lower back,Neo Traditional,3,1,8,6,1.3,119.54
AU,Perth,6.69,Neck,Blackwork,4,0,1,2,0.6,81.78
IN,Pune,13.12,Forearm,New School,10,0,1,5,1.2,141.46
UK,Birmingham,12.09,Behind ear,Watercolor,9,0,1,7,1.3,140.97
IN,Mangaluru,25.08,Wrist,Realism,6,1,3,9,2.1,376.53
UK,London,7.13,Back,Watercolor,2,1,2,3,0.6,135.58
US,New York,35.08,Shoulder,New School,6,1,2,5,1.8,321.71
AU,Perth,2.21,Back,Geometric,5,0,1,2,0.5,62.69
IN,Bengaluru,26.74,Wrist,Traditional,6,1,7,2,0.9,95.12
US,Los Angeles,16.99,Finger,Realism,9,0,1,6,1.4,250.58
UK,Edinburgh,12.0,Thigh,Watercolor,8,1,3,6,1.2,155.13
US,Miami,6.09,Foot,Neo Traditional,4,1,4,1,0.5,75.77
UK,Manchester,39.41,Finger,Traditional,4,1,6,9,2.2,307.58
UK,London,35.97,Behind ear,Watercolor,5,0,1,1,0.7,112.26
IN,Delhi,9.65,Forearm,Geometric,5,1,5,3,0.7,108.28
AU,Sydney,11.48,Hand,Minimalist,3,1,3,10,0.9,78.42
US,Chicago,3.22,Ankle,Minimalist,2,0,1,2,0.5,46.72
US,New York,13.12,Neck,Neo Traditional,8,0,1,10,1.5,486.67
US,Austin,14.23,Foot,Japanese,6,0,1,10,1.4,223.28
AU,Brisbane,8.32,Neck,Watercolor,8,1,8,10,1.3,307.54
US,Chicago,9.83,Wrist,New School,7,1,4,5,0.9,112.61
US,Los Angeles,16.81,Thigh,Tribal,8,0,1,5,1.2,166.22
UK,Edinburgh,17.14,Thigh,Japanese,9,0,1,3,1.0,111.1
US,New York,2.85,Neck,Blackwork,4,1,3,4,0.6,145.1
UK,London,4.34,Neck,Neo Traditional,8,0,1,10,0.8,132.96
UK,Edinburgh,9.54,Shoulder,Geometric,5,0,1,7,0.8,93.67
US,Los Angeles,31.37,Thigh,Geometric,1,0,1,1,0.5,77.55
UK,Edinburgh,6.75,Lower back,Tribal,10,1,2,9,1.2,103.19
UK,Birmingham,6.37,Upper back,New School,6,1,4,8,0.9,111.05
AU,Brisbane,2.51,Forearm,New School,4,1,5,6,0.6,65.09
US,Austin,20.94,Foot,Watercolor,1,0,1,9,0.7,114.98
IN,Mumbai,7.57,Forearm,Blackwork,5,1,4,5,0.7,96.63
US,Miami,5.1,Shoulder,Blackwork,5,0,1,1,0.5,55.4
IN,Mumbai,3.09,Neck,Tribal,9,0,1,4,0.6,90.45
IN,Mumbai,29.79,Hand,Neo Traditional,4,1,3,10,1.9,391.28
IN,Mumbai,38.74,Shoulder,Minimalist,8,1,6,6,2.7,302.05
US,Chicago,10.39,Calf,Minimalist,5,0,1,9,1.0,100.94
US,Chicago,62.84,Rib,New School,4,1,7,5,2.0,313.37
AU,Brisbane,35.8,Wrist,Geometric,6,0,1,9,2.4,270.93
AU,Sydney,2.86,Neck,Blackwork,9,0,1,1,0.5,102.32
US,Chicago,33.43,Forearm,Geometric,8,0,1,8,2.6,355.97
US,Chicago,4.25,Thigh,New School,7,0,1,6,0.7,110.97
IN,Mumbai,40.66,Wrist,Geometric,6,0,1,3,1.2,156.44
UK,London,11.74,Forearm,Tribal,5,1,5,2,0.6,67.42
UK,London,16.14,Wrist,Minimalist,10,1,8,2,0.9,65.34
AU,Brisbane,6.07,Forearm,Blackwork,10,0,1,1,0.6,58.04
UK,Edinburgh,3.85,Thigh,Watercolor,10,1,2,1,0.5,55.45
AU,Brisbane,27.79,Foot,Geometric,1,0,1,8,0.7,82.77
UK,Manchester,11.51,Thigh,Japanese,1,0,1,1,0.5,65.0
UK,London,27.66,Lower back,Geometric,9,1,4,1,0.8,111.53
IN,Mumbai,66.02,Behind ear,Minimalist,4,0,1,2,1.0,109.23
AU,Perth,24.28,Upper arm,Minimalist,3,1,2,6,1.0,71.39
UK,London,4.11,Chest,Geometric,7,0,1,8,0.7,71.95
IN,Delhi,4.07,Shoulder,Realism,9,0,1,6,0.7,123.44
UK,Edinburgh,7.2,Ankle,Realism,2,0,1,2,0.5,59.78
IN,Mangaluru,13.54,Hand,Minimalist,9,1,6,8,1.7,170.96
US,Chicago,15.56,Upper back,Japanese,4,0,1,10,1.1,209.64
UK,London,6.75,Chest,Geometric,4,1,2,8,0.8,141.68
IN,Pune,12.26,Upper back,Watercolor,9,0,1,6,1.2,164.93
IN,Delhi,20.95,Neck,Traditional,10,1,5,3,1.3,227.23
IN,Bangalore,20.96,Hand,New School,5,1,7,3,0.9,168.23
US,Miami,47.6,Back,Tribal,7,0,1,9,3.5,399.63
AU,Sydney,5.68,Finger,Japanese,6,0,1,3,0.6,107.2
IN,Bengaluru,10.44,Wrist,Geometric,4,1,5,5,0.8,86.4
AU,Perth,17.24,Foot,Watercolor,8,1,3,6,1.5,177.68
UK,Birmingham,67.68,Ankle,Traditional,10,1,3,6,5.4,415.37
US,Los Angeles,12.84,Ankle,Realism,7,1,2,9,1.5,319.69
UK,Birmingham,36.14,Neck,Minimalist,8,1,2,7,2.9,220.09
UK,Edinburgh,13.28,Behind ear,Japanese,6,0,1,2,0.7,94.72
IN,Mumbai,23.35,Ankle,Tribal,3,0,1,6,0.9,124.64
AU,Perth,40.19,Wrist,Japanese,8,0,1,6,2.4,372.19
IN,Mumbai,22.45,Back,Minimalist,6,0,1,9,1.7,197.63
AU,Brisbane,52.92,Forearm,Geometric,10,0,1,5,3.1,252.59
US,Los Angeles,21.72,Upper arm,Geometric,6,0,1,4,1.0,158.36
UK,London,7.83,Wrist,Traditional,4,0,1,8,0.8,78.25
IN,Delhi,57.52,Forearm,Geometric,3,1,4,9,2.4,362.34
UK,Manchester,7.77,Rib,Neo Traditional,7,1,7,1,0.6,88.24
IN,Delhi,17.22,Chest,Geometric,10,0,1,10,2.2,325.79
AU,Sydney,8.27,Upper arm,Geometric,3,1,2,1,0.5,64.62
UK,Edinburgh,29.86,Calf,Blackwork,4,1,7,8,1.6,171.96
IN,Bangalore,8.24,Hand,Geometric,1,0,1,10,0.6,102.11
US,Chicago,32.2,Finger,Minimalist,7,1,7,3,1.3,176.42
IN,Bangalore,6.44,Wrist,Minimalist,1,0,1,1,0.5,37.11
US,Miami,24.58,Forearm,Minimalist,1,0,1,4,0.6,50.73
AU,Brisbane,10.5,Calf,Minimalist,9,0,1,9,1.4,100.76
IN,Bangalore,6.5,Thigh,Japanese,5,1,3,2,0.6,121.4
UK,Birmingham,6.03,Back,Realism,1,1,6,1,0.5,58.94
AU,Sydney,1.0,Thigh,Japanese,7,1,2,9,0.6,85.91
UK,Edinburgh,9.33,Chest,Japanese,3,0,1,3,0.6,66.54
IN,Mangaluru,17.55,Foot,Traditional,3,1,2,5,0.8,80.2
IN,Pune,4.66,Back,Japanese,9,1,2,1,0.6,94.13
UK,Manchester,6.87,Calf,Realism,8,1,6,8,1.0,143.18
IN,Mumbai,14.69,Shoulder,Neo Traditional,9,0,1,4,1.0,144.67
US,New York,10.82,Rib,Tribal,5,0,1,1,0.6,147.01
AU,Perth,48.14,Chest,Neo Traditional,7,1,2,7,3.3,412.1
IN,Mangaluru,23.08,Rib,Geometric,2,0,1,8,0.9,167.01
IN,Delhi,10.51,Upper back,New School,3,1,2,9,0.8,118.63
UK,Manchester,10.41,Thigh,New School,10,1,6,5,1.1,125.14
IN,Mumbai,13.53,Ankle,New School,8,1,3,3,0.9,159.09
US,Chicago,8.64,Rib,Geometric,1,0,1,5,0.5,86.23
IN,Bengaluru,26.98,Rib,Realism,6,0,1,9,2.0,486.41
AU,Perth,3.01,Finger,Japanese,3,0,1,10,0.6,88.98
AU,Brisbane,12.93,Ankle,Realism,3,0,1,7,0.8,121.96
UK,Birmingham,15.23,Neck,New School,4,1,5,8,1.1,174.24
US,Chicago,5.28,Rib,Traditional,4,0,1,6,0.6,105.5
UK,Edinburgh,30.43,Neck,Realism,8,1,3,10,3.4,623.17
US,New York,19.55,Upper back,Watercolor,3,0,1,5,0.8,141.99
IN,Pune,17.58,Neck,Tribal,6,0,1,4,0.9,149.61
UK,Manchester,17.89,Neck,Tribal,7,0,1,8,1.5,197.56
UK,Edinburgh,16.51,Finger,New School,6,0,1,3,0.8,81.27
UK,Manchester,2.79,Thigh,Tribal,10,0,1,5,0.6,40.24
AU,Perth,40.71,Ankle,Geometric,5,0,1,4,1.3,152.43
IN,Delhi,15.95,Rib,Blackwork,5,0,1,2,0.7,143.73
UK,Manchester,13.83,Thigh,Watercolor,2,0,1,5,0.6,64.56
UK,Manchester,58.72,Upper back,Traditional,6,0,1,4,1.9,158.46
IN,Bengaluru,23.54,Forearm,Realism,1,1,6,4,0.6,108.48
UK,Manchester,7.76,Upper back,Minimalist,5,1,4,5,0.7,59.36
UK,Manchester,5.34,Finger,Blackwork,4,0,1,9,0.7,76.82
UK,London,7.96,Neck,Neo Traditional,5,1,8,8,0.9,182.47
US,Chicago,13.66,Hand,Neo Traditional,4,0,1,2,0.6,91.91
AU,Sydney,6.1,Rib,Neo Traditional,8,1,6,1,0.6,114.0
US,Los Angeles,4.82,Wrist,Realism,2,0,1,3,0.5,100.59
US,Austin,36.59,Finger,Tribal,7,0,1,6,2.0,235.61
UK,Manchester,14.83,Foot,Watercolor,8,0,1,8,1.4,166.68
AU,Perth,3.37,Rib,Blackwork,4,0,1,9,0.6,101.42
UK,London,17.45,Foot,Minimalist,5,0,1,2,0.7,54.75
AU,Perth,36.37,Finger,Blackwork,3,0,1,1,0.6,76.27
AU,Sydney,4.89,Lower back,Minimalist,9,1,2,2,0.6,54.4
UK,Edinburgh,6.57,Upper arm,Neo Traditional,5,1,3,5,0.7,70.26
IN,Delhi,81.71,Finger,Realism,9,0,1,8,6.4,1289.95
AU,Brisbane,5.47,Upper arm,Watercolor,3,1,4,8,0.7,105.82
US,Austin,10.76,Neck,Neo Traditional,8,0,1,6,1.0,210.21
AU,Perth,7.05,Foot,Watercolor,1,1,6,1,0.5,46.73
US,Austin,16.32,Upper back,Traditional,6,0,1,6,1.1,133.52
UK,Edinburgh,23.63,Lower back,Minimalist,7,1,7,5,1.5,119.31
AU,Brisbane,29.7,Foot,Realism,7,1,6,4,1.5,269.31
AU,Brisbane,11.28,Thigh,Geometric,3,1,7,8,0.8,91.91
UK,London,51.32,Behind ear,Tribal,6,1,7,6,2.7,293.07
IN,Mangaluru,18.37,Shoulder,New School,7,1,2,6,1.4,207.46
IN,Bangalore,10.9,Forearm,New School,5,0,1,1,0.6,80.59
UK,Edinburgh,14.97,Foot,New School,7,0,1,5,1.0,85.52
UK,Manchester,38.87,Wrist,Geometric,1,1,5,1,0.5,40.25
US,Los Angeles,17.24,Chest,Watercolor,9,0,1,7,1.6,225.34
US,Chicago,22.47,Finger,Minimalist,3,1,3,10,1.3,161.09
IN,Mumbai,15.09,Forearm,Realism,10,0,1,6,1.4,315.04
AU,Perth,21.76,Upper back,Watercolor,3,0,1,4,0.8,75.01
IN,Pune,4.57,Finger,Watercolor,2,0,1,4,0.5,68.22
IN,Pune,13.23,Rib,Minimalist,9,1,2,3,0.9,88.62
UK,Manchester,27.67,Lower back,Blackwork,6,1,2,7,1.9,140.62
IN,Bengaluru,15.44,Finger,Realism,1,1,6,3,0.6,111.48
US,Austin,26.27,Shoulder,Tribal,5,1,6,5,1.3,153.64
IN,Pune,11.67,Finger,Blackwork,2,1,5,7,0.7,71.29
US,Chicago,8.82,Behind ear,Japanese,6,1,6,4,0.8,115.31
IN,Mangaluru,6.15,Ankle,Tribal,4,0,1,3,0.6,80.08
US,Miami,5.54,Rib,Watercolor,1,0,1,2,0.5,117.62
AU,Sydney,23.87,Upper arm,Minimalist,9,0,1,7,2.0,140.04
UK,Edinburgh,19.39,Shoulder,Japanese,8,1,3,7,1.8,246.62
US,New York,19.36,Foot,Neo Traditional,7,1,4,1,0.7,124.72
AU,Perth,7.91,Hand,Neo Traditional,2,1,7,6,0.6,95.75
AU,Brisbane,8.57,Thigh,Neo Traditional,9,1,4,5,1.0,104.4
US,Los Angeles,13.84,Hand,Blackwork,8,1,4,9,1.7,315.07
US,New York,11.13,Upper arm,Japanese,8,1,4,4,0.9,151.96
AU,Melbourne,9.51,Finger,Traditional,6,1,2,5,0.8,90.4
AU,Perth,6.91,Calf,New School,3,1,2,9,0.7,91.75
UK,Manchester,5.17,Hand,New School,2,1,2,7,0.6,85.19
AU,Brisbane,6.99,Forearm,Watercolor,2,0,1,6,0.6,77.42
UK,Edinburgh,10.48,Foot,Traditional,3,0,1,6,0.7,54.15
IN,Pune,5.13,Upper arm,Realism,8,1,2,8,0.9,144.4
UK,Edinburgh,17.76,Lower back,Traditional,7,1,8,1,0.6,60.62
IN,Delhi,21.96,Lower back,Minimalist,6,1,2,4,1.1,130.34
UK,London,13.64,Thigh,Traditional,9,0,1,2,0.7,82.42
US,Miami,50.4,Hand,Realism,6,0,1,4,1.7,368.95
IN,Bengaluru,5.96,Forearm,Geometric,1,1,7,5,0.5,53.76
US,Miami,10.41,Neck,Geometric,8,1,8,1,0.6,95.46
AU,Melbourne,6.14,Hand,Neo Traditional,6,0,1,3,0.6,100.2
IN,Mumbai,27.66,Lower back,Neo Traditional,1,1,6,8,0.8,141.18
IN,Mangaluru,23.65,Forearm,New School,2,1,2,4,0.7,72.32
AU,Melbourne,29.25,Calf,Japanese,3,1,4,1,0.6,73.14
US,Miami,7.75,Thigh,Blackwork,1,0,1,7,0.6,97.15
IN,Bengaluru,8.15,Forearm,Neo Traditional,6,0,1,8,0.9,108.02
UK,Edinburgh,36.38,Forearm,Watercolor,9,1,4,8,3.6,403.17
UK,London,17.24,Wrist,Realism,9,1,6,6,1.6,314.45
UK,Birmingham,5.88,Behind ear,New School,10,0,1,3,0.7,57.97
AU,Melbourne,13.98,Finger,Watercolor,3,0,1,9,0.9,126.73
UK,London,3.86,Rib,Blackwork,9,1,4,9,0.9,185.2
AU,Perth,4.87,Calf,Geometric,9,1,2,7,0.9,79.75
IN,Mumbai,35.45,Behind ear,Japanese,10,1,7,4,2.2,467.31
UK,Manchester,2.63,Forearm,Minimalist,10,0,1,10,0.8,54.12
IN,Bengaluru,13.57,Behind ear,Japanese,7,1,2,4,1.0,217.97
AU,Melbourne,2.0,Wrist,Tribal,6,0,1,4,0.5,59.16
AU,Sydney,6.72,Calf,Minimalist,5,1,7,5,0.7,70.59
IN,Delhi,10.13,Rib,Japanese,6,1,4,3,0.7,121.73
UK,London,6.09,Rib,Tribal,4,0,1,10,0.7,91.29
AU,Perth,2.54,Upper back,Geometric,3,0,1,1,0.5,63.27
US,Chicago,7.46,Shoulder,Minimalist,4,0,1,3,0.6,58.66
AU,Melbourne,5.6,Finger,Watercolor,4,1,8,2,0.6,72.34
IN,Bangalore,11.45,Finger,Japanese,6,0,1,6,0.9,174.07
AU,Melbourne,20.77,Wrist,Watercolor,10,1,7,6,2.0,250.03
UK,Manchester,24.92,Neck,Realism,3,1,6,5,0.9,173.05
US,Los Angeles,3.87,Upper back,Tribal,9,1,7,5,0.7,76.77
US,New York,35.06,Foot,Neo Traditional,2,1,8,6,1.0,136.42
AU,Sydney,7.12,Hand,Blackwork,2,1,6,9,0.7,117.22
IN,Bengaluru,20.81,Hand,Realism,7,1,5,5,1.4,297.48
AU,Brisbane,20.78,Thigh,Tribal,2,0,1,6,0.7,66.09
US,Austin,12.97,Lower back,Blackwork,7,0,1,8,1.2,137.14
IN,Mangaluru,10.28,Shoulder,Neo Traditional,7,1,6,8,1.2,170.33
US,Miami,8.84,Finger,Neo Traditional,10,1,3,10,1.6,332.18
AU,Melbourne,14.85,Behind ear,New School,8,1,5,3,0.9,111.38
UK,London,31.13,Back,Traditional,2,1,5,9,1.2,147.09
US,Los Angeles,9.79,Wrist,Geometric,9,1,7,9,1.5,201.91
US,Los Angeles,32.39,Chest,Geometric,6,0,1,9,2.2,341.96
IN,Bengaluru,24.53,Shoulder,Minimalist,9,0,1,6,1.8,174.0
UK,Edinburgh,36.27,Chest,Minimalist,4,0,1,1,0.6,33.1
US,Austin,54.14,Forearm,Japanese,10,1,7,5,3.7,544.79
US,New York,7.56,Upper arm,Blackwork,8,0,1,8,1.0,187.91
UK,Edinburgh,27.44,Back,Geometric,2,0,1,4,0.7,73.16
AU,Melbourne,14.9,Wrist,New School,7,1,7,5,1.1,189.45
IN,Mangaluru,5.31,Rib,Traditional,4,0,1,7,0.6,108.62
IN,Mumbai,9.11,Foot,Blackwork,1,1,5,4,0.5,78.17
AU,Melbourne,6.09,Lower back,Neo Traditional,4,1,7,5,0.6,78.73
AU,Sydney,25.57,Neck,Blackwork,4,0,1,4,0.9,160.02
US,Los Angeles,38.61,Lower back,Realism,6,1,4,8,2.7,496.62
IN,Bengaluru,6.96,Upper arm,Neo Traditional,1,1,7,1,0.5,60.85
US,Chicago,8.37,Back,Realism,4,1,6,1,0.5,69.18
UK,Birmingham,20.13,Hand,New School,5,0,1,10,1.5,165.26
IN,Bangalore,9.67,Behind ear,Minimalist,5,0,1,4,0.7,58.05
US,New York,17.25,Finger,Realism,3,1,5,8,1.0,233.19
US,New York,5.63,Back,Tribal,7,1,8,1,0.5,68.37
US,Los Angeles,84.33,Ankle,Minimalist,2,1,2,1,0.7,78.03
IN,Bengaluru,14.07,Ankle,Minimalist,6,0,1,8,1.2,127.02
US,Miami,9.77,Rib,Blackwork,3,1,6,9,0.8,130.59
US,Los Angeles,8.68,Wrist,New School,6,1,4,3,0.7,121.79
AU,Brisbane,13.38,Hand,Japanese,2,1,6,9,0.8,150.1
IN,Mumbai,17.5,Wrist,Japanese,3,1,4,7,0.9,172.34
US,New York,12.57,Foot,Tribal,7,0,1,4,0.9,167.26
IN,Pune,21.84,Lower back,Blackwork,7,0,1,1,0.7,95.36
US,Chicago,15.84,Neck,Neo Traditional,6,1,7,5,1.1,253.39
UK,Manchester,100.77,Rib,Tribal,9,0,1,2,2.3,265.58
AU,Melbourne,31.08,Upper arm,Watercolor,7,0,1,4,1.4,165.57
IN,Mangaluru,18.45,Calf,New School,2,0,1,8,0.8,120.18
UK,Manchester,25.81,Upper back,New School,5,0,1,3,0.9,112.44
AU,Brisbane,7.2,Shoulder,Minimalist,7,1,7,3,0.7,44.7
IN,Mangaluru,7.41,Wrist,Geometric,2,1,8,3,0.6,72.25
AU,Sydney,6.87,Rib,Tribal,10,1,4,7,1.1,156.16
AU,Perth,46.5,Hand,Japanese,1,0,1,5,0.7,128.5
US,Chicago,10.09,Calf,Minimalist,7,1,7,1,0.6,57.41
US,Austin,23.28,Hand,Geometric,2,0,1,5,0.7,102.54
AU,Sydney,37.05,Rib,Traditional,5,1,2,5,1.6,225.57
UK,Manchester,24.52,Shoulder,Minimalist,10,0,1,6,2.0,140.55
AU,Sydney,18.39,Finger,Realism,7,0,1,9,1.7,262.57
IN,Bangalore,10.28,Neck,Japanese,6,0,1,10,1.1,254.78
IN,Mangaluru,9.98,Lower back,Blackwork,10,1,4,3,0.9,121.81
US,Los Angeles,66.03,Back,Minimalist,10,1,4,10,8.4,1165.68
UK,Manchester,16.24,Forearm,Watercolor,8,1,8,10,2.1,255.21
IN,Bengaluru,15.74,Forearm,Geometric,2,1,7,8,0.8,111.83
UK,London,4.84,Lower back,Japanese,1,1,5,6,0.5,84.3
AU,Sydney,27.36,Ankle,Japanese,3,1,5,5,1.0,186.41
US,New York,28.72,Back,Neo Traditional,3,1,3,7,1.2,251.54
IN,Delhi,21.28,Upper arm,Watercolor,1,0,1,1,0.5,51.15
UK,Manchester,30.89,Hand,Geometric,1,0,1,6,0.7,79.52
US,Los Angeles,15.76,Rib,Japanese,7,0,1,5,1.1,260.73
AU,Perth,22.88,Calf,Geometric,7,0,1,3,1.0,104.96
US,Austin,15.72,Rib,Geometric,7,0,1,1,0.6,86.51
IN,Delhi,15.35,Finger,New School,3,1,2,3,0.7,116.94
IN,Bangalore,13.92,Forearm,Geometric,7,0,1,1,0.6,105.78
UK,Manchester,3.53,Calf,Realism,1,1,4,1,0.5,69.2
AU,Brisbane,55.8,Foot,New School,5,0,1,1,0.8,86.89
AU,Sydney,11.04,Chest,Minimalist,7,1,3,9,1.3,112.73
AU,Melbourne,10.72,Ankle,Tribal,5,0,1,1,0.6,59.75
IN,Bengaluru,15.5,Ankle,Geometric,5,1,4,10,1.4,241.72
UK,Manchester,31.44,Neck,Blackwork,8,1,8,8,2.9,349.16
IN,Mumbai,12.37,Finger,Geometric,7,0,1,4,0.8,99.44
US,Los Angeles,5.76,Thigh,Traditional,1,0,1,4,0.5,91.95
IN,Bangalore,11.1,Shoulder,Tribal,6,1,8,7,1.1,155.84
IN,Bengaluru,10.64,Hand,Minimalist,4,1,5,4,0.7,101.89
UK,Manchester,18.37,Wrist,Geometric,8,0,1,1,0.6,52.32
IN,Pune,13.5,Wrist,Tribal,4,0,1,9,1.0,112.57
IN,Bangalore,7.08,Hand,Japanese,3,0,1,9,0.7,130.13
IN,Bengaluru,8.78,Neck,New School,6,0,1,3,0.7,111.92
UK,Birmingham,14.79,Shoulder,Realism,9,1,7,6,1.5,188.74
AU,Perth,33.55,Thigh,Tribal,1,0,1,7,0.7,58.68
UK,London,19.88,Finger,Traditional,4,1,4,8,1.3,187.61
UK,Edinburgh,29.18,Neck,Japanese,4,1,2,2,0.8,134.97
UK,London,4.03,Behind ear,Neo Traditional,9,0,1,10,0.9,127.23
US,New York,34.57,Neck,Tribal,8,0,1,1,0.8,162.4
IN,Delhi,7.65,Shoulder,Neo Traditional,4,0,1,2,0.6,83.02
US,Chicago,6.09,Wrist,Japanese,4,1,6,8,0.7,119.2
AU,Melbourne,7.51,Chest,Traditional,10,1,8,8,1.2,114.74
US,Miami,8.25,Rib,Realism,10,0,1,8,1.2,287.51
AU,Brisbane,15.73,Foot,New School,8,0,1,6,1.3,175.85
IN,Pune,17.28,Upper arm,Japanese,7,0,1,4,1.0,148.81
UK,Edinburgh,10.44,Lower back,Tribal,4,0,1,6,0.8,80.76
IN,Bangalore,14.86,Upper back,Tribal,1,0,1,8,0.6,72.53
AU,Sydney,1.02,Upper arm,Watercolor,4,0,1,7,0.5,79.92
US,Los Angeles,40.4,Behind ear,Japanese,10,1,7,1,1.0,221.3
IN,Bengaluru,15.82,Forearm,Neo Traditional,4,0,1,3,0.7,117.21
UK,Birmingham,5.85,Chest,Realism,6,1,8,1,0.5,70.97
UK,London,24.61,Ankle,Japanese,7,1,2,10,2.6,375.62
US,Chicago,58.35,Shoulder,New School,2,1,7,3,0.9,146.09
UK,London,25.17,Chest,Japanese,4,1,3,4,1.0,171.43
UK,Manchester,25.7,Back,Watercolor,7,0,1,1,0.7,75.9
IN,Mumbai,18.78,Upper arm,Neo Traditional,5,0,1,3,0.8,99.86
UK,Manchester,3.25,Upper back,Traditional,2,1,5,6,0.5,40.56
UK,London,5.83,Chest,Geometric,2,0,1,4,0.5,76.53
US,New York,8.92,Lower back,New School,2,1,3,1,0.5,89.31
UK,London,11.59,Lower back,Tribal,9,0,1,3,0.8,118.39
IN,Delhi,43.52,Behind ear,Japanese,6,0,1,2,1.0,200.5
UK,Manchester,17.71,Wrist,Geometric,7,1,4,2,0.8,61.49
AU,Brisbane,20.62,Thigh,Watercolor,2,0,1,5,0.7,80.64
IN,Delhi,13.01,Behind ear,Japanese,10,1,8,6,1.4,243.64
IN,Mangaluru,9.15,Rib,Japanese,9,0,1,10,1.3,193.06
UK,Birmingham,2.77,Behind ear,Japanese,4,1,3,2,0.5,59.3
IN,Delhi,5.67,Upper arm,Geometric,7,1,3,3,0.6,83.87
AU,Perth,23.55,Neck,Tribal,1,1,7,9,0.8,110.59
IN,Delhi,19.55,Neck,Tribal,6,1,5,7,1.5,238.5
US,Chicago,85.52,Upper back,Japanese,6,1,4,6,4.2,564.3
IN,Mangaluru,11.38,Shoulder,New School,10,1,8,7,1.5,264.97
AU,Melbourne,14.37,Calf,Tribal,7,0,1,10,1.5,161.95
AU,Perth,14.26,Finger,Realism,6,1,5,7,1.2,182.32
IN,Delhi,39.21,Wrist,Japanese,2,1,3,7,1.2,224.36
IN,Pune,14.63,Hand,Japanese,7,1,7,8,1.5,315.02
IN,Bengaluru,1.72,Wrist,Neo Traditional,2,0,1,1,0.5,79.25
AU,Melbourne,23.04,Thigh,Tribal,2,0,1,3,0.6,73.95
IN,Delhi,11.64,Ankle,Blackwork,6,0,1,9,1.1,138.19
IN,Mumbai,23.29,Thigh,Blackwork,9,0,1,4,1.3,190.54
UK,Edinburgh,36.51,Foot,Tribal,7,0,1,2,1.0,105.53
IN,Bangalore,15.63,Lower back,New School,6,1,6,2,0.7,113.78
IN,Mangaluru,10.75,Foot,Tribal,8,0,1,10,1.4,180.88
AU,Sydney,28.33,Ankle,Minimalist,8,0,1,8,2.3,204.49
IN,Mangaluru,5.03,Neck,Geometric,6,0,1,5,0.7,132.77
US,Austin,3.88,Chest,Neo Traditional,3,0,1,8,0.6,112.75
US,New York,23.29,Ankle,Minimalist,3,0,1,9,1.1,110.15
AU,Sydney,6.37,Forearm,Tribal,8,0,1,3,0.7,71.41
AU,Melbourne,64.34,Neck,Watercolor,7,1,2,2,1.6,314.48
AU,Melbourne,40.13,Forearm,Realism,9,1,6,2,1.4,187.24
AU,Perth,6.12,Forearm,Minimalist,5,0,1,2,0.6,47.23
AU,Brisbane,19.56,Lower back,Realism,6,0,1,5,1.1,186.54
US,Chicago,32.76,Ankle,Tribal,8,1,8,1,0.8,89.34
AU,Perth,13.32,Upper back,Neo Traditional,8,1,8,4,1.0,115.59
UK,Manchester,6.38,Ankle,New School,5,1,8,1,0.5,56.0
AU,Melbourne,7.03,Lower back,Geometric,5,0,1,2,0.6,69.16
AU,Melbourne,8.62,Finger,Traditional,2,0,1,5,0.6,55.76
AU,Brisbane,12.24,Behind ear,Realism,5,0,1,3,0.7,98.52
UK,Edinburgh,23.92,Ankle,New School,4,1,2,6,1.2,103.43
AU,Perth,8.84,Forearm,Japanese,4,0,1,4,0.6,110.18
UK,Birmingham,6.66,Wrist,Geometric,1,0,1,8,0.6,63.37
US,New York,5.49,Ankle,Realism,3,0,1,4,0.6,159.75
IN,Mangaluru,47.46,Forearm,Realism,5,1,8,1,0.8,208.41
UK,Birmingham,8.81,Upper arm,Realism,5,0,1,6,0.8,77.09
UK,Manchester,25.74,Hand,New School,2,0,1,4,0.7,74.87
AU,Perth,44.8,Neck,Tribal,3,1,6,10,2.1,311.32
US,Chicago,15.1,Upper arm,Geometric,5,1,2,8,1.2,141.9
US,New York,5.65,Foot,Blackwork,7,0,1,2,0.6,95.66
US,New York,7.45,Hand,Minimalist,1,0,1,10,0.6,89.97
US,Austin,18.2,Forearm,New School,1,0,1,3,0.6,77.8
US,New York,1.91,Finger,Watercolor,5,0,1,4,0.5,94.36
UK,Edinburgh,20.73,Foot,Realism,3,1,6,1,0.6,88.4
US,New York,9.07,Upper arm,Tribal,5,1,3,4,0.7,97.43
US,Los Angeles,28.48,Hand,Minimalist,3,1,4,4,0.9,98.56
IN,Delhi,9.07,Upper arm,Tribal,9,1,3,4,0.9,135.83
US,Austin,2.89,Upper arm,Blackwork,2,0,1,6,0.5,57.41
AU,Sydney,12.54,Lower back,Minimalist,7,1,2,8,1.3,124.2
US,Chicago,14.11,Neck,Realism,5,0,1,2,0.6,180.17
AU,Sydney,24.29,Lower back,Watercolor,6,0,1,8,1.7,291.68
IN,Mumbai,10.19,Back,New School,2,1,7,1,0.5,90.68
US,Los Angeles,18.2,Behind ear,Minimalist,9,0,1,1,0.7,87.52
IN,Mumbai,9.28,Chest,Watercolor,10,1,8,3,0.8,116.37
IN,Bangalore,21.05,Back,Blackwork,2,0,1,5,0.7,84.42
UK,Edinburgh,12.45,Neck,Minimalist,5,1,5,10,1.2,130.74
AU,Brisbane,19.71,Foot,Tribal,2,0,1,7,0.8,101.32
UK,London,7.53,Upper arm,Blackwork,4,1,6,5,0.7,80.11
US,Austin,52.18,Chest,Geometric,1,1,3,7,0.9,112.04
UK,Manchester,5.78,Chest,Neo Traditional,2,1,2,8,0.6,57.39
US,Los Angeles,7.2,Shoulder,Neo Traditional,1,0,1,1,0.5,110.45
IN,Mumbai,14.62,Foot,Geometric,3,1,7,9,1.0,140.04
UK,Edinburgh,11.62,Shoulder,Japanese,9,1,8,1,0.6,71.25
IN,Bangalore,20.86,Upper back,Neo Traditional,10,0,1,7,2.0,333.19
AU,Brisbane,9.9,Shoulder,Traditional,5,0,1,4,0.7,53.06
IN,Bangalore,13.0,Neck,Realism,8,1,6,7,1.4,353.93
IN,Mangaluru,7.93,Behind ear,Neo Traditional,6,1,5,2,0.6,91.62
IN,Mangaluru,37.95,Wrist,Traditional,2,0,1,5,0.9,111.97
IN,Mumbai,4.28,Thigh,Japanese,8,1,4,3,0.6,116.93
AU,Melbourne,3.07,Calf,Neo Traditional,6,1,3,5,0.6,81.39
UK,Edinburgh,17.81,Shoulder,Blackwork,4,0,1,3,0.7,47.73
AU,Perth,40.7,Back,Neo Traditional,5,1,4,7,2.2,269.87
US,Chicago,12.93,Ankle,Traditional,3,1,2,6,0.8,86.58
US,New York,22.27,Finger,New School,6,0,1,10,1.8,425.87
UK,London,5.07,Ankle,Minimalist,9,1,8,8,0.9,86.68
UK,Birmingham,34.62,Upper arm,Minimalist,2,1,8,9,1.2,59.84
US,New York,12.3,Forearm,Japanese,4,1,6,2,0.6,102.12
US,Chicago,38.96,Chest,Blackwork,1,0,1,10,0.9,128.79
UK,London,9.56,Neck,Japanese,5,0,1,3,0.6,161.39
UK,London,20.25,Chest,Neo Traditional,7,0,1,9,1.8,212.75
UK,Manchester,13.62,Back,Minimalist,5,0,1,5,0.8,65.55
UK,Manchester,28.95,Back,New School,8,0,1,7,2.1,189.55
IN,Pune,7.94,Thigh,Watercolor,9,0,1,7,1.0,170.42
IN,Mangaluru,13.42,Finger,Traditional,9,0,1,4,1.0,118.46
IN,Mumbai,54.95,Upper arm,Minimalist,8,1,5,7,4.2,483.78
US,Los Angeles,31.75,Calf,Realism,9,0,1,6,2.2,510.18
UK,Birmingham,5.22,Forearm,Neo Traditional,5,0,1,5,0.6,38.75
IN,Pune,2.98,Back,Watercolor,4,0,1,6,0.6,78.26
US,Austin,9.06,Finger,Realism,8,1,5,1,0.6,102.49
US,Miami,20.25,Rib,Minimalist,7,0,1,6,1.4,208.02
US,Los Angeles,5.18,Forearm,Realism,7,0,1,5,0.7,137.27
IN,Mumbai,14.57,Finger,Neo Traditional,10,0,1,9,1.8,283.13
IN,Mumbai,17.87,Thigh,Watercolor,8,0,1,1,0.6,113.37
IN,Bangalore,16.31,Neck,Minimalist,7,1,8,4,1.0,172.95
AU,Brisbane,31.76,Back,Minimalist,5,0,1,1,0.7,64.2
UK,London,7.18,Behind ear,Minimalist,10,0,1,8,1.1,87.53
US,Austin,14.48,Wrist,Neo Traditional,4,1,6,3,0.7,108.24
US,Los Angeles,6.47,Rib,Minimalist,1,0,1,8,0.6,88.48
UK,London,25.55,Wrist,Geometric,4,1,4,7,1.4,152.22
UK,Edinburgh,35.8,Forearm,Neo Traditional,1,1,6,8,0.8,84.69
IN,Bangalore,10.39,Neck,Neo Traditional,3,1,7,8,0.8,139.42
US,Miami,19.56,Hand,Watercolor,7,0,1,5,1.2,245.63
AU,Perth,4.94,Upper arm,New School,2,1,3,10,0.6,77.31
AU,Sydney,31.73,Ankle,Realism,9,0,1,5,1.9,314.53
AU,Brisbane,7.5,Foot,Blackwork,7,0,1,7,0.9,94.17
UK,Edinburgh,27.02,Hand,Neo Traditional,4,1,2,2,0.8,104.66
US,Austin,3.42,Thigh,Watercolor,9,1,5,5,0.7,91.21
US,Los Angeles,8.0,Foot,Minimalist,4,0,1,1,0.5,52.47
IN,Mangaluru,26.32,Upper arm,Watercolor,2,1,3,2,0.6,102.66
US,Miami,20.94,Hand,Tribal,6,1,7,8,1.7,216.18
AU,Melbourne,32.65,Ankle,New School,4,1,4,2,0.8,107.23
AU,Perth,16.89,Upper back,Neo Traditional,2,0,1,1,0.5,33.24
IN,Bengaluru,25.96,Upper back,Tribal,9,0,1,8,2.4,291.02
IN,Delhi,15.28,Lower back,New School,8,0,1,1,0.6,76.13
US,Chicago,35.86,Shoulder,Blackwork,9,0,1,2,1.1,155.02
IN,Mumbai,35.77,Thigh,Neo Traditional,10,0,1,10,4.1,460.29
AU,Sydney,47.46,Thigh,Minimalist,1,1,4,3,0.7,71.06
AU,Brisbane,6.97,Forearm,Japanese,3,0,1,10,0.7,90.45
AU,Perth,8.85,Forearm,Watercolor,4,1,3,2,0.6,84.36
IN,Pune,159.62,Upper arm,Tribal,3,0,1,5,2.9,263.29
UK,Manchester,16.42,Thigh,Geometric,10,1,4,3,1.1,98.55
UK,Manchester,11.96,Shoulder,Neo Traditional,10,0,1,4,1.0,102.49
AU,Melbourne,17.65,Upper arm,New School,1,0,1,10,0.7,93.16
UK,Edinburgh,25.05,Ankle,Watercolor,5,0,1,10,1.8,195.76
AU,Melbourne,7.32,Chest,Blackwork,9,1,3,8,1.1,107.46
UK,Manchester,8.4,Forearm,New School,4,0,1,8,0.8,77.37
AU,Perth,20.58,Upper back,Realism,2,1,7,9,0.9,121.62
UK,Manchester,19.34,Ankle,Japanese,3,0,1,10,1.1,156.42
AU,Sydney,3.55,Ankle,Tribal,1,0,1,9,0.5,61.89
IN,Mumbai,9.85,Lower back,Realism,10,0,1,10,1.5,269.45
UK,London,22.65,Finger,Minimalist,4,1,2,10,1.6,207.26
UK,Manchester,19.82,Upper arm,Japanese,3,0,1,10,1.1,128.52
US,New York,32.22,Wrist,Tribal,1,0,1,2,0.6,69.56
IN,Mangaluru,9.31,Wrist,Blackwork,9,1,2,5,1.0,123.66
US,New York,9.0,Upper arm,Traditional,3,0,1,2,0.6,101.67
IN,Pune,8.74,Chest,Japanese,5,0,1,8,0.8,110.5
UK,Birmingham,6.11,Ankle,New School,8,1,2,5,0.8,57.71
IN,Bangalore,51.95,Finger,Traditional,4,1,6,10,3.0,350.11
UK,Manchester,18.39,Forearm,New School,8,1,7,1,0.7,71.69
UK,Manchester,2.16,Wrist,Realism,7,1,7,10,0.7,86.75
AU,Perth,16.62,Shoulder,New School,1,1,5,4,0.6,89.95
IN,Pune,6.35,Finger,Tribal,9,1,2,6,0.9,92.53
US,Miami,20.79,Finger,Neo Traditional,3,0,1,9,1.1,144.72
US,New York,6.42,Rib,Blackwork,4,1,5,8,0.7,188.74
AU,Brisbane,16.37,Upper arm,Neo Traditional,1,0,1,5,0.6,96.59
AU,Perth,38.24,Shoulder,Watercolor,4,0,1,2,0.8,106.9
UK,London,1.17,Thigh,Blackwork,7,0,1,3,0.5,85.53
AU,Sydney,5.71,Upper arm,Watercolor,8,0,1,3,0.6,88.84
UK,London,7.98,Chest,Japanese,7,1,7,10,1.2,197.14
AU,Sydney,8.92,Ankle,Blackwork,10,1,3,3,0.8,80.02
IN,Delhi,22.01,Back,Watercolor,3,0,1,6,0.9,156.68
AU,Sydney,13.12,Calf,Geometric,2,0,1,1,0.5,62.77
US,Los Angeles,7.82,Ankle,Minimalist,2,1,7,4,0.6,56.98
IN,Pune,51.16,Wrist,Blackwork,6,0,1,8,3.0,339.85
US,Chicago,9.36,Back,Geometric,4,1,3,1,0.5,76.98
US,New York,27.13,Forearm,Tribal,4,1,8,10,1.8,223.4
IN,Delhi,9.12,Back,Tribal,9,0,1,10,1.3,170.18
UK,Manchester,11.41,Hand,Japanese,6,1,6,9,1.2,225.7
AU,Perth,9.39,Lower back,Watercolor,8,1,8,4,0.9,128.96
IN,Mumbai,4.89,Neck,Minimalist,5,0,1,2,0.5,60.64
AU,Perth,9.77,Thigh,Geometric,8,0,1,9,1.2,125.14
IN,Delhi,13.26,Behind ear,Watercolor,5,0,1,2,0.6,96.25
US,New York,10.75,Hand,Traditional,7,1,8,8,1.2,169.26
IN,Delhi,22.78,Foot,Japanese,4,1,3,4,0.9,149.1
AU,Perth,18.06,Wrist,Neo Traditional,6,0,1,6,1.2,107.57
UK,Edinburgh,6.87,Upper back,New School,2,1,4,10,0.7,79.88
UK,Manchester,25.37,Neck,Neo Traditional,9,1,4,4,1.6,213.42
AU,Perth,13.61,Foot,New School,8,1,6,6,1.3,189.95
IN,Mangaluru,8.13,Foot,Watercolor,8,0,1,5,0.8,127.43
IN,Mangaluru,31.78,Finger,Neo Traditional,7,0,1,6,1.8,316.41
US,Chicago,1.54,Foot,Watercolor,10,1,2,2,0.5,80.51
AU,Melbourne,3.97,Foot,Neo Traditional,2,1,6,8,0.6,72.1
IN,Mumbai,3.54,Back,Traditional,3,1,8,1,0.5,104.69
UK,Edinburgh,10.39,Foot,Blackwork,4,0,1,8,0.8,87.48
UK,Birmingham,49.28,Forearm,Geometric,3,1,6,10,2.3,184.0
UK,Birmingham,14.5,Hand,Watercolor,6,0,1,7,1.1,104.25
UK,London,29.44,Finger,Japanese,8,1,2,7,2.5,451.21
UK,Manchester,11.63,Lower back,New School,6,1,5,9,1.3,168.68
US,Chicago,3.78,Calf,Blackwork,6,1,8,2,0.6,85.24
UK,Birmingham,16.61,Chest,Minimalist,6,1,7,5,1.1,79.07
US,Austin,4.3,Forearm,Tribal,9,0,1,5,0.7,81.94
UK,London,16.23,Finger,Blackwork,4,0,1,1,0.6,111.74
UK,Manchester,18.13,Rib,Watercolor,6,0,1,2,0.7,118.3
IN,Bangalore,11.61,Shoulder,Japanese,3,1,5,8,0.8,134.51
AU,Sydney,7.48,Ankle,Tribal,4,1,7,1,0.5,57.03
UK,Manchester,11.22,Behind ear,Japanese,9,0,1,8,1.3,147.69
US,New York,19.78,Shoulder,Watercolor,8,0,1,3,1.0,151.84
US,New York,28.66,Behind ear,New School,6,1,3,5,1.5,219.73
AU,Brisbane,4.68,Lower back,Tribal,7,0,1,7,0.7,65.1
AU,Perth,13.18,Ankle,Traditional,6,0,1,2,0.7,61.11
AU,Perth,15.03,Shoulder,Tribal,4,1,2,7,1.0,98.66
IN,Bengaluru,11.92,Hand,Geometric,2,1,5,5,0.6,51.79
UK,London,57.47,Calf,Japanese,6,1,6,3,1.7,270.41
US,New York,8.87,Lower back,Watercolor,10,1,6,9,1.5,329.54
IN,Mumbai,7.99,Lower back,Neo Traditional,8,0,1,7,0.9,129.24
US,New York,1.0,Chest,Neo Traditional,9,1,5,6,0.6,105.55
US,Austin,3.1,Calf,Minimalist,5,0,1,7,0.6,57.77
US,Los Angeles,93.7,Behind ear,Minimalist,9,0,1,7,6.4,677.8
IN,Bangalore,9.27,Shoulder,Traditional,5,1,2,8,0.9,92.22
IN,Delhi,4.01,Shoulder,Neo Traditional,5,1,5,9,0.7,85.88
IN,Mumbai,4.05,Lower back,Neo Traditional,3,0,1,5,0.6,90.1
US,Chicago,2.75,Behind ear,Tribal,9,1,4,5,0.6,62.63
AU,Brisbane,5.59,Calf,Minimalist,7,0,1,6,0.7,44.35
UK,London,3.15,Forearm,Realism,2,1,6,7,0.6,107.11
IN,Pune,9.87,Finger,Blackwork,10,0,1,7,1.2,165.62
AU,Perth,9.05,Hand,Traditional,2,0,1,2,0.5,62.66
US,Los Angeles,16.84,Rib,Realism,10,1,6,3,1.1,191.63
UK,Edinburgh,14.65,Chest,Japanese,3,0,1,1,0.5,54.44
US,Chicago,14.78,Behind ear,Japanese,4,1,8,8,1.1,148.15
AU,Sydney,14.82,Shoulder,Geometric,1,1,8,10,0.7,101.76
AU,Perth,13.07,Calf,Geometric,2,0,1,3,0.6,53.42
UK,Manchester,35.72,Foot,Realism,5,1,8,3,1.1,160.98
US,Chicago,4.75,Forearm,Neo Traditional,5,0,1,9,0.7,107.8
IN,Delhi,12.65,Hand,Neo Traditional,9,0,1,5,1.1,244.87
IN,Pune,19.79,Thigh,Blackwork,6,0,1,9,1.6,219.69
IN,Delhi,14.44,Calf,Tribal,5,0,1,10,1.2,137.92
UK,Birmingham,6.49,Upper back,Japanese,6,1,7,2,0.6,70.95
UK,London,30.38,Rib,Blackwork,1,1,6,8,0.8,126.42
US,New York,12.35,Thigh,Minimalist,6,1,5,4,0.9,119.73
AU,Perth,18.25,Lower back,Traditional,4,0,1,7,1.0,101.76
US,Los Angeles,7.87,Behind ear,Neo Traditional,4,0,1,5,0.7,131.34
UK,Edinburgh,6.63,Upper back,Blackwork,7,1,5,8,0.9,66.5
UK,Birmingham,7.7,Thigh,Realism,1,1,8,5,0.5,70.23
US,Los Angeles,17.2,Thigh,Watercolor,2,1,4,1,0.5,101.52
AU,Sydney,6.05,Wrist,Traditional,7,1,8,7,0.9,80.4
UK,London,8.71,Neck,Watercolor,9,0,1,5,0.9,186.28
AU,Melbourne,26.83,Upper back,Blackwork,10,1,5,7,2.8,378.18
AU,Sydney,22.38,Chest,Minimalist,1,1,3,5,0.6,64.61
IN,Delhi,3.78,Neck,Minimalist,9,1,3,6,0.7,64.93
US,Miami,8.08,Upper arm,Traditional,8,1,2,2,0.7,76.82
UK,London,11.01,Upper arm,Watercolor,5,1,3,9,1.1,219.28
UK,Birmingham,23.23,Finger,Blackwork,3,0,1,1,0.6,58.11
US,Chicago,4.98,Neck,Blackwork,2,1,2,7,0.6,95.7
AU,Sydney,13.56,Neck,Realism,4,1,4,2,0.6,139.1
AU,Brisbane,6.1,Ankle,Japanese,5,1,5,5,0.7,110.43
IN,Mumbai,5.25,Ankle,Minimalist,3,0,1,2,0.5,47.75
UK,Birmingham,23.04,Hand,Traditional,8,0,1,10,2.3,241.58
IN,Delhi,3.28,Upper back,New School,3,0,1,8,0.6,74.83
AU,Brisbane,10.08,Lower back,Blackwork,3,0,1,1,0.5,51.16
UK,Manchester,12.36,Shoulder,Geometric,2,0,1,4,0.6,50.21
IN,Delhi,17.24,Forearm,Blackwork,9,0,1,10,2.1,237.4
IN,Bengaluru,43.76,Finger,Blackwork,4,0,1,9,2.1,235.27
AU,Sydney,32.06,Chest,Neo Traditional,5,1,8,7,1.8,238.73
US,New York,22.99,Thigh,Traditional,10,0,1,6,1.9,247.7
US,New York,23.66,Ankle,Watercolor,1,1,2,6,0.7,116.6
US,Miami,16.2,Upper arm,Watercolor,3,1,4,4,0.7,110.12
UK,Birmingham,40.45,Rib,Neo Traditional,4,1,8,7,1.9,203.46
UK,Manchester,8.15,Thigh,New School,7,0,1,3,0.7,78.04
IN,Pune,6.71,Shoulder,Geometric,10,0,1,1,0.6,73.25
US,Chicago,16.99,Ankle,Blackwork,9,0,1,8,1.7,268.16
IN,Pune,8.04,Wrist,Minimalist,6,1,7,6,0.8,69.26
AU,Brisbane,3.17,Wrist,Watercolor,8,0,1,5,0.6,81.61
UK,London,10.23,Neck,Watercolor,2,1,5,3,0.6,144.14
IN,Delhi,28.81,Behind ear,Watercolor,1,1,5,3,0.6,98.44
IN,Bangalore,10.84,Upper back,Blackwork,1,0,1,10,0.6,78.18
IN,Mumbai,45.22,Upper arm,Traditional,4,0,1,2,0.9,123.68
US,Miami,21.97,Ankle,Traditional,4,0,1,4,0.9,103.16
IN,Bengaluru,7.16,Ankle,Traditional,8,1,2,1,0.6,82.23
US,Miami,8.0,Thigh,New School,7,0,1,1,0.6,93.19
UK,Edinburgh,11.35,Chest,Japanese,6,0,1,4,0.8,95.55
US,Los Angeles,6.4,Wrist,Neo Traditional,7,1,8,6,0.8,146.21
UK,Edinburgh,42.28,Lower back,Traditional,6,0,1,3,1.3,115.88
US,New York,5.58,Upper arm,Geometric,10,0,1,2,0.6,110.25
UK,London,4.93,Rib,Minimalist,9,0,1,7,0.8,80.53
US,Chicago,3.86,Upper arm,Watercolor,7,0,1,2,0.6,101.34
IN,Bengaluru,31.63,Hand,Realism,3,1,6,6,1.2,218.89
UK,London,9.55,Wrist,Traditional,7,1,7,6,1.0,116.08
UK,Edinburgh,15.9,Foot,Japanese,9,0,1,9,1.8,202.62
UK,Edinburgh,3.74,Ankle,Watercolor,6,0,1,4,0.6,73.22
US,Los Angeles,20.36,Back,Japanese,2,0,1,6,0.7,133.72
IN,Mangaluru,9.56,Finger,Blackwork,2,1,8,9,0.7,94.44
AU,Sydney,5.51,Calf,Tribal,9,0,1,4,0.7,74.45
US,New York,33.71,Calf,Minimalist,10,0,1,1,0.8,107.55
UK,London,7.97,Foot,Blackwork,4,0,1,8,0.8,99.22
AU,Brisbane,20.02,Back,Realism,2,0,1,8,0.8,112.97
IN,Delhi,33.44,Foot,Geometric,5,0,1,1,0.7,81.48
AU,Perth,13.72,Calf,Traditional,2,0,1,6,0.7,59.45
AU,Perth,26.83,Foot,Blackwork,10,0,1,7,2.4,286.04
AU,Perth,7.43,Ankle,Watercolor,9,0,1,6,0.9,104.51
AU,Melbourne,17.25,Foot,Minimalist,7,1,2,7,1.5,131.41
US,Austin,9.29,Upper back,Blackwork,2,1,3,7,0.7,58.62
UK,Manchester,26.73,Foot,Japanese,10,1,5,2,1.1,95.01
US,Miami,7.4,Lower back,Blackwork,6,1,2,7,0.9,146.77
AU,Brisbane,6.27,Upper back,Watercolor,3,0,1,9,0.7,94.44
AU,Brisbane,19.59,Wrist,Neo Traditional,4,0,1,10,1.3,182.99
UK,Birmingham,45.01,Thigh,Geometric,10,1,5,9,5.4,542.24
AU,Melbourne,17.85,Foot,Neo Traditional,2,1,5,7,0.8,119.72
IN,Mumbai,55.91,Lower back,Minimalist,4,1,7,4,1.6,170.07
US,Chicago,8.49,Forearm,Realism,8,1,2,8,1.2,150.9
AU,Sydney,36.63,Ankle,Neo Traditional,10,1,6,4,2.3,274.37
UK,London,30.38,Back,Geometric,1,1,8,7,0.8,80.03
AU,Brisbane,8.63,Shoulder,Minimalist,5,1,2,10,1.0,84.69
US,Chicago,25.31,Behind ear,Japanese,6,0,1,8,1.7,284.42
US,Chicago,26.34,Upper arm,Traditional,8,0,1,1,0.7,87.17
IN,Bangalore,17.08,Upper back,Minimalist,3,1,6,4,0.7,78.92
AU,Brisbane,14.56,Rib,Traditional,7,0,1,10,1.5,173.1
US,Los Angeles,27.71,Lower back,Traditional,9,0,1,8,2.5,349.12
US,Los Angeles,15.74,Thigh,Traditional,6,0,1,5,1.0,138.39
AU,Sydney,29.16,Neck,New School,8,0,1,6,1.9,429.62
US,Austin,13.76,Calf,Watercolor,1,0,1,5,0.6,90.79
UK,Manchester,9.25,Lower back,Japanese,2,0,1,9,0.7,64.03
US,Miami,31.5,Forearm,Japanese,7,0,1,6,1.8,295.61
US,New York,9.24,Neck,Tribal,7,0,1,3,0.7,123.92
UK,Birmingham,13.18,Upper back,Japanese,6,1,3,5,1.0,127.06
IN,Bengaluru,3.41,Rib,Neo Traditional,9,0,1,10,0.8,153.73
AU,Brisbane,21.8,Forearm,Neo Traditional,5,1,8,7,1.4,142.21
US,Chicago,8.49,Finger,Japanese,5,1,5,8,0.9,167.04
AU,Brisbane,28.94,Upper arm,Japanese,8,1,8,2,1.1,146.45
UK,Birmingham,12.84,Finger,New School,3,1,3,6,0.8,96.14
IN,Bangalore,15.02,Shoulder,New School,8,1,7,3,0.9,148.8
AU,Perth,6.31,Calf,Minimalist,3,0,1,7,0.6,53.03
IN,Mangaluru,6.46,Lower back,New School,2,0,1,7,0.6,84.55
IN,Bengaluru,2.76,Foot,Watercolor,7,1,8,2,0.5,61.24
AU,Melbourne,38.5,Foot,Japanese,5,1,6,8,2.3,331.81
IN,Delhi,15.87,Back,Traditional,6,1,5,7,1.3,202.63
IN,Mangaluru,5.78,Neck,Traditional,1,1,3,6,0.5,102.05
UK,Edinburgh,8.63,Lower back,New School,5,1,3,1,0.6,67.5
AU,Brisbane,18.43,Upper arm,Neo Traditional,3,0,1,10,1.1,143.01
IN,Bangalore,5.28,Upper arm,Neo Traditional,10,0,1,10,1.0,126.04
UK,Birmingham,3.92,Ankle,Blackwork,8,0,1,5,0.7,66.97
US,New York,21.07,Rib,Tribal,8,1,3,9,2.3,408.63
UK,London,8.9,Rib,Blackwork,4,0,1,4,0.6,120.06
AU,Melbourne,16.4,Thigh,New School,5,1,7,6,1.1,163.81
US,Los Angeles,13.2,Forearm,Realism,2,1,3,10,0.8,183.41
IN,Mangaluru,22.28,Calf,Realism,7,1,2,8,2.0,350.64
UK,London,14.66,Finger,Neo Traditional,9,0,1,3,0.9,122.82
UK,London,2.45,Finger,Tribal,4,1,3,7,0.6,74.25
US,Los Angeles,16.13,Rib,Geometric,10,1,8,10,2.4,567.8
UK,Manchester,15.56,Neck,Geometric,3,1,3,5,0.8,95.8
US,New York,33.65,Chest,Watercolor,1,0,1,9,0.8,146.68
IN,Mangaluru,8.12,Forearm,New School,5,0,1,4,0.7,73.44
AU,Brisbane,20.57,Upper back,Blackwork,8,1,3,2,0.9,106.32
AU,Perth,9.89,Upper back,Neo Traditional,5,0,1,6,0.8,103.84
US,Miami,16.03,Calf,Blackwork,5,0,1,9,1.2,201.61
UK,Birmingham,9.14,Calf,New School,10,1,2,7,1.3,168.68
IN,Bengaluru,13.55,Foot,Traditional,2,0,1,7,0.7,89.19
UK,Birmingham,5.52,Chest,Realism,6,1,7,6,0.7,80.03
IN,Bangalore,6.26,Calf,Neo Traditional,1,0,1,6,0.5,84.6
AU,Sydney,12.36,Foot,Watercolor,10,1,3,6,1.4,292.0
US,Austin,4.07,Rib,Tribal,4,0,1,9,0.6,83.93
AU,Brisbane,5.5,Ankle,Realism,7,0,1,3,0.6,72.93
US,Chicago,7.12,Neck,Neo Traditional,2,1,7,1,0.5,119.79
UK,Edinburgh,28.41,Hand,Realism,7,0,1,1,0.7,101.92
AU,Sydney,8.42,Behind ear,New School,7,0,1,8,1.0,104.15
AU,Perth,13.93,Upper back,Traditional,1,0,1,2,0.5,44.15
AU,Melbourne,3.96,Shoulder,Geometric,6,1,3,10,0.8,102.49
US,Los Angeles,3.48,Thigh,Realism,4,1,7,6,0.6,156.43
AU,Sydney,21.17,Finger,Neo Traditional,9,0,1,4,1.3,198.5
IN,Bengaluru,16.5,Back,Watercolor,10,1,5,6,1.7,276.24
UK,London,6.33,Upper back,Tribal,7,1,8,6,0.8,90.75
UK,London,4.7,Finger,Minimalist,10,1,8,5,0.8,95.93
US,Chicago,7.65,Back,Traditional,7,0,1,4,0.7,64.6
IN,Mangaluru,11.71,Wrist,Japanese,6,1,4,2,0.7,99.69
US,Los Angeles,10.8,Upper back,Tribal,4,0,1,10,0.9,135.07
UK,Birmingham,4.24,Back,Blackwork,7,1,8,1,0.5,52.76
IN,Pune,21.81,Ankle,Blackwork,3,0,1,6,0.9,76.23
US,New York,7.17,Thigh,New School,8,0,1,4,0.7,123.07
IN,Bengaluru,11.41,Hand,Tribal,5,0,1,10,1.1,201.41
UK,Birmingham,7.35,Wrist,Japanese,4,1,3,9,0.8,97.55
US,New York,7.12,Upper back,Geometric,6,1,5,9,1.0,206.33
US,New York,21.8,Thigh,Traditional,4,1,3,6,1.1,202.31
US,Austin,4.51,Back,Japanese,8,1,8,7,0.8,146.26
US,Austin,3.21,Lower back,Watercolor,2,0,1,10,0.6,61.37
AU,Melbourne,15.41,Shoulder,Traditional,8,1,3,3,0.9,119.43
UK,Manchester,26.9,Chest,Geometric,2,0,1,9,1.0,102.23
AU,Sydney,15.06,Thigh,Blackwork,8,0,1,6,1.2,138.14
AU,Perth,32.33,Neck,Realism,4,0,1,10,1.8,264.98
IN,Delhi,3.61,Behind ear,Blackwork,3,1,2,4,0.6,70.05
AU,Brisbane,2.39,Calf,Geometric,8,0,1,10,0.7,76.97
IN,Delhi,5.03,Upper arm,New School,1,1,4,1,0.5,81.52
US,New York,23.54,Upper back,Traditional,8,0,1,2,0.9,135.35
AU,Melbourne,12.95,Neck,Minimalist,8,0,1,3,0.8,100.21
UK,Birmingham,38.4,Calf,Traditional,9,0,1,3,1.5,146.29
IN,Mangaluru,2.07,Ankle,Blackwork,6,1,2,9,0.6,84.85
UK,London,9.34,Hand,Traditional,5,0,1,5,0.7,72.91
IN,Pune,15.2,Rib,Neo Traditional,5,1,7,1,0.6,108.1
US,Miami,11.76,Back,Tribal,1,1,6,4,0.6,90.93
US,New York,5.94,Shoulder,Tribal,8,0,1,4,0.7,100.74
AU,Melbourne,35.67,Shoulder,Traditional,3,1,2,7,1.4,145.06
UK,Manchester,7.66,Hand,Japanese,5,0,1,7,0.8,98.56
US,Miami,33.17,Finger,Watercolor,5,0,1,6,1.5,255.06
US,New York,42.58,Wrist,Minimalist,6,0,1,7,2.3,303.77
IN,Delhi,9.19,Upper back,Traditional,9,0,1,6,1.0,122.19
US,Austin,7.85,Behind ear,Realism,1,1,3,2,0.5,61.18
AU,Sydney,1.4,Wrist,Minimalist,2,0,1,2,0.5,43.19
AU,Melbourne,23.78,Ankle,Geometric,9,0,1,5,1.6,199.49
AU,Brisbane,1.51,Neck,Japanese,10,1,3,9,0.7,175.06
US,New York,19.37,Forearm,Neo Traditional,9,0,1,3,1.0,172.87
US,Chicago,2.74,Chest,Traditional,9,1,2,7,0.7,83.64
AU,Sydney,10.47,Foot,Tribal,8,1,6,7,1.2,143.78
IN,Mumbai,3.26,Thigh,Realism,5,0,1,2,0.5,99.37
UK,Edinburgh,6.12,Forearm,Minimalist,5,1,2,6,0.7,53.44
US,Miami,6.32,Shoulder,Geometric,8,1,8,2,0.6,52.57
IN,Bangalore,20.08,Hand,Neo Traditional,8,1,6,5,1.5,280.08
AU,Melbourne,2.05,Ankle,Neo Traditional,8,1,5,7,0.6,83.3
US,Miami,33.65,Upper back,Blackwork,3,1,5,8,1.5,207.49
US,Los Angeles,6.41,Rib,Blackwork,2,0,1,2,0.5,141.44
AU,Melbourne,6.32,Foot,Tribal,4,1,5,4,0.6,56.88
US,Los Angeles,6.08,Ankle,Japanese,4,1,6,8,0.7,166.16
UK,London,17.88,Calf,Neo Traditional,7,1,3,9,1.9,326.01
AU,Sydney,5.27,Lower back,Minimalist,4,1,7,1,0.5,48.6
IN,Mumbai,13.64,Upper back,Watercolor,3,0,1,7,0.8,126.16
IN,Bengaluru,10.02,Ankle,Realism,2,1,4,6,0.6,112.8
AU,Perth,3.27,Upper back,Blackwork,8,1,3,3,0.6,42.93
UK,London,4.88,Finger,Realism,8,0,1,10,0.9,160.06
AU,Perth,47.34,Chest,New School,7,0,1,2,1.2,140.06
US,Chicago,7.51,Upper back,New School,9,0,1,5,0.8,123.7
US,Miami,58.19,Ankle,Minimalist,9,1,3,5,3.6,328.55
AU,Brisbane,3.88,Neck,Traditional,8,1,5,1,0.5,64.2
IN,Pune,12.87,Ankle,Geometric,9,1,2,2,0.8,91.59
UK,Edinburgh,42.57,Wrist,Traditional,5,0,1,3,1.1,84.74
IN,Mangaluru,5.04,Wrist,Blackwork,5,0,1,5,0.6,71.27
AU,Melbourne,19.01,Shoulder,Neo Traditional,3,0,1,2,0.6,75.63
UK,London,9.84,Upper back,Blackwork,9,0,1,4,0.9,128.28
